entry,at,order
"The player ""Declan @ NsC2OJUPB3"" quits the game with a stack of 25.00.",2024-12-17T23:42:05.302Z,173447892530200
"The player ""Declan @ NsC2OJUPB3"" stand up with the stack of 25.00.",2024-12-17T23:41:51.303Z,173447891130300
"-- ending hand #324 --",2024-12-17T23:41:45.299Z,173447890529902
"""Declan @ NsC2OJUPB3"" collected 6.00 from pot with Two Pair, K's & J's (combination: K♣, K♠, J♠, J♣, 6♦)",2024-12-17T23:41:45.299Z,173447890529901
"""Declan @ NsC2OJUPB3"" shows a J♠, J♣.",2024-12-17T23:41:45.299Z,173447890529900
"""Declan @ NsC2OJUPB3"" checks",2024-12-17T23:41:44.493Z,173447890449300
"""Hanley2 @ LXzsz8PhQN"" checks",2024-12-17T23:41:40.085Z,173447890008500
"River: K♣, 6♦, 4♠, K♠ [3♣]",2024-12-17T23:41:36.951Z,173447889695100
"""Declan @ NsC2OJUPB3"" calls 1.00",2024-12-17T23:41:36.119Z,173447889611900
"""Hanley2 @ LXzsz8PhQN"" bets 1.00",2024-12-17T23:41:34.631Z,173447889463100
"Turn: K♣, 6♦, 4♠ [K♠]",2024-12-17T23:41:29.091Z,173447888909100
"""Declan @ NsC2OJUPB3"" calls 1.00",2024-12-17T23:41:28.256Z,173447888825600
"""Hanley2 @ LXzsz8PhQN"" bets 1.00",2024-12-17T23:41:25.514Z,173447888551400
"Flop:  [K♣, 6♦, 4♠]",2024-12-17T23:41:10.519Z,173447887051900
"""Hanley2 @ LXzsz8PhQN"" calls 1.00",2024-12-17T23:41:09.686Z,173447886968600
"""Declan @ NsC2OJUPB3"" raises to 1.00",2024-12-17T23:41:02.389Z,173447886238900
"""Hanley2 @ LXzsz8PhQN"" posts a big blind of 0.20",2024-12-17T23:40:56.641Z,173447885664105
"""Declan @ NsC2OJUPB3"" posts a small blind of 0.10",2024-12-17T23:40:56.641Z,173447885664104
"Player stacks: #1 ""Hanley2 @ LXzsz8PhQN"" (48.31) | #2 ""Declan @ NsC2OJUPB3"" (22.00)",2024-12-17T23:40:56.641Z,173447885664101
"-- starting hand #324 (id: fanwnukmnvzu)  (No Limit Texas Hold'em) (dealer: ""Declan @ NsC2OJUPB3"") --",2024-12-17T23:40:56.641Z,173447885664100
"-- ending hand #323 --",2024-12-17T23:40:50.635Z,173447885063502
"""Hanley2 @ LXzsz8PhQN"" collected 1.20 from pot with Two Pair, A's & 2's (combination: A♥, A♣, 2♥, 2♠, 7♥)",2024-12-17T23:40:50.635Z,173447885063501
"""Hanley2 @ LXzsz8PhQN"" shows a 2♥, 2♠.",2024-12-17T23:40:50.635Z,173447885063500
"""Hanley2 @ LXzsz8PhQN"" checks",2024-12-17T23:40:49.828Z,173447884982800
"""Declan @ NsC2OJUPB3"" checks",2024-12-17T23:40:48.329Z,173447884832900
"River: 6♥, 7♥, A♥, 5♣ [A♣]",2024-12-17T23:40:46.273Z,173447884627300
"""Hanley2 @ LXzsz8PhQN"" checks",2024-12-17T23:40:45.454Z,173447884545400
"""Declan @ NsC2OJUPB3"" checks",2024-12-17T23:40:43.620Z,173447884362000
"Turn: 6♥, 7♥, A♥ [5♣]",2024-12-17T23:40:41.305Z,173447884130500
"""Hanley2 @ LXzsz8PhQN"" checks",2024-12-17T23:40:40.472Z,173447884047200
"""Declan @ NsC2OJUPB3"" checks",2024-12-17T23:40:35.298Z,173447883529800
"Flop:  [6♥, 7♥, A♥]",2024-12-17T23:40:31.014Z,173447883101400
"""Declan @ NsC2OJUPB3"" calls 0.60",2024-12-17T23:40:30.208Z,173447883020800
"""Hanley2 @ LXzsz8PhQN"" raises to 0.60",2024-12-17T23:40:27.008Z,173447882700800
"""Declan @ NsC2OJUPB3"" posts a big blind of 0.20",2024-12-17T23:40:21.392Z,173447882139205
"""Hanley2 @ LXzsz8PhQN"" posts a small blind of 0.10",2024-12-17T23:40:21.392Z,173447882139204
"Player stacks: #1 ""Hanley2 @ LXzsz8PhQN"" (47.71) | #2 ""Declan @ NsC2OJUPB3"" (22.60)",2024-12-17T23:40:21.392Z,173447882139201
"-- starting hand #323 (id: vjhs3wc6nsu1)  (No Limit Texas Hold'em) (dealer: ""Hanley2 @ LXzsz8PhQN"") --",2024-12-17T23:40:21.392Z,173447882139200
"""Hanley2 @ LXzsz8PhQN"" shows a J♣, Q♦.",2024-12-17T23:40:19.558Z,173447881955800
"-- ending hand #322 --",2024-12-17T23:40:14.782Z,173447881478202
"""Hanley2 @ LXzsz8PhQN"" collected 0.20 from pot",2024-12-17T23:40:14.782Z,173447881478201
"Uncalled bet of 0.10 returned to ""Hanley2 @ LXzsz8PhQN""",2024-12-17T23:40:14.782Z,173447881478200
"""Declan @ NsC2OJUPB3"" folds",2024-12-17T23:40:13.937Z,173447881393700
"""Hanley2 @ LXzsz8PhQN"" posts a big blind of 0.20",2024-12-17T23:40:11.123Z,173447881112305
"""Declan @ NsC2OJUPB3"" posts a small blind of 0.10",2024-12-17T23:40:11.123Z,173447881112304
"Player stacks: #1 ""Hanley2 @ LXzsz8PhQN"" (47.61) | #2 ""Declan @ NsC2OJUPB3"" (22.70)",2024-12-17T23:40:11.123Z,173447881112301
"-- starting hand #322 (id: jasjgiuxudvw)  (No Limit Texas Hold'em) (dealer: ""Declan @ NsC2OJUPB3"") --",2024-12-17T23:40:11.123Z,173447881112300
"-- ending hand #321 --",2024-12-17T23:40:05.110Z,173447880511002
"""Hanley2 @ LXzsz8PhQN"" collected 0.80 from pot with Three of a Kind, 2's (combination: 2♣, 2♠, 2♦, Q♠, 9♠)",2024-12-17T23:40:05.110Z,173447880511001
"""Hanley2 @ LXzsz8PhQN"" shows a 8♣, Q♠.",2024-12-17T23:40:05.110Z,173447880511000
"""Hanley2 @ LXzsz8PhQN"" checks",2024-12-17T23:40:04.271Z,173447880427100
"""Declan @ NsC2OJUPB3"" checks",2024-12-17T23:40:02.096Z,173447880209600
"River: 2♣, 9♠, 7♥, 2♠ [2♦]",2024-12-17T23:39:56.741Z,173447879674100
"""Hanley2 @ LXzsz8PhQN"" checks",2024-12-17T23:39:55.900Z,173447879590000
"""Declan @ NsC2OJUPB3"" checks",2024-12-17T23:39:53.889Z,173447879388900
"Turn: 2♣, 9♠, 7♥ [2♠]",2024-12-17T23:39:50.728Z,173447879072800
"""Hanley2 @ LXzsz8PhQN"" checks",2024-12-17T23:39:49.882Z,173447878988200
"""Declan @ NsC2OJUPB3"" checks",2024-12-17T23:39:46.698Z,173447878669800
"Flop:  [2♣, 9♠, 7♥]",2024-12-17T23:39:43.780Z,173447878378000
"""Declan @ NsC2OJUPB3"" calls 0.40",2024-12-17T23:39:42.958Z,173447878295800
"""Hanley2 @ LXzsz8PhQN"" raises to 0.40",2024-12-17T23:39:41.874Z,173447878187400
"""Declan @ NsC2OJUPB3"" posts a big blind of 0.20",2024-12-17T23:39:39.093Z,173447877909305
"""Hanley2 @ LXzsz8PhQN"" posts a small blind of 0.10",2024-12-17T23:39:39.093Z,173447877909304
"Player stacks: #1 ""Hanley2 @ LXzsz8PhQN"" (47.21) | #2 ""Declan @ NsC2OJUPB3"" (23.10)",2024-12-17T23:39:39.093Z,173447877909301
"-- starting hand #321 (id: mg4haltbtzal)  (No Limit Texas Hold'em) (dealer: ""Hanley2 @ LXzsz8PhQN"") --",2024-12-17T23:39:39.093Z,173447877909300
"-- ending hand #320 --",2024-12-17T23:39:33.079Z,173447877307902
"""Hanley2 @ LXzsz8PhQN"" collected 4.60 from pot with Two Pair, 9's & 5's (combination: 9♠, 9♦, 5♣, 5♥, Q♥)",2024-12-17T23:39:33.079Z,173447877307901
"""Hanley2 @ LXzsz8PhQN"" shows a 9♠, Q♥.",2024-12-17T23:39:33.079Z,173447877307900
"""Declan @ NsC2OJUPB3"" calls 0.20",2024-12-17T23:39:32.239Z,173447877223900
"""Hanley2 @ LXzsz8PhQN"" bets 0.20",2024-12-17T23:39:30.664Z,173447877066400
"River: J♦, 5♣, 9♦, 5♥ [8♠]",2024-12-17T23:39:29.426Z,173447876942600
"""Hanley2 @ LXzsz8PhQN"" calls 1.50",2024-12-17T23:39:28.612Z,173447876861200
"""Declan @ NsC2OJUPB3"" raises to 1.50",2024-12-17T23:39:27.183Z,173447876718300
"""Hanley2 @ LXzsz8PhQN"" bets 0.20",2024-12-17T23:39:23.796Z,173447876379600
"Turn: J♦, 5♣, 9♦ [5♥]",2024-12-17T23:39:22.620Z,173447876262000
"""Declan @ NsC2OJUPB3"" calls 0.20",2024-12-17T23:39:21.787Z,173447876178700
"""Hanley2 @ LXzsz8PhQN"" bets 0.20",2024-12-17T23:39:19.443Z,173447875944300
"Flop:  [J♦, 5♣, 9♦]",2024-12-17T23:39:15.556Z,173447875555600
"""Declan @ NsC2OJUPB3"" calls 0.40",2024-12-17T23:39:14.734Z,173447875473400
"""Hanley2 @ LXzsz8PhQN"" raises to 0.40",2024-12-17T23:39:13.101Z,173447875310100
"""Declan @ NsC2OJUPB3"" calls 0.20",2024-12-17T23:39:05.836Z,173447874583600
"""Hanley2 @ LXzsz8PhQN"" posts a big blind of 0.20",2024-12-17T23:39:04.057Z,173447874405705
"""Declan @ NsC2OJUPB3"" posts a small blind of 0.10",2024-12-17T23:39:04.057Z,173447874405704
"Player stacks: #1 ""Hanley2 @ LXzsz8PhQN"" (44.91) | #2 ""Declan @ NsC2OJUPB3"" (25.40)",2024-12-17T23:39:04.057Z,173447874405701
"-- starting hand #320 (id: tjir781gtcms)  (No Limit Texas Hold'em) (dealer: ""Declan @ NsC2OJUPB3"") --",2024-12-17T23:39:04.057Z,173447874405700
"""Declan @ NsC2OJUPB3"" shows a A♥, K♦.",2024-12-17T23:38:58.650Z,173447873865000
"-- ending hand #319 --",2024-12-17T23:38:57.436Z,173447873743602
"""Declan @ NsC2OJUPB3"" collected 0.20 from pot",2024-12-17T23:38:57.436Z,173447873743601
"Uncalled bet of 0.10 returned to ""Declan @ NsC2OJUPB3""",2024-12-17T23:38:57.436Z,173447873743600
"""Hanley2 @ LXzsz8PhQN"" folds",2024-12-17T23:38:56.596Z,173447873659600
"""Declan @ NsC2OJUPB3"" posts a big blind of 0.20",2024-12-17T23:38:46.325Z,173447872632505
"""Hanley2 @ LXzsz8PhQN"" posts a small blind of 0.10",2024-12-17T23:38:46.325Z,173447872632504
"Player stacks: #1 ""Hanley2 @ LXzsz8PhQN"" (45.01) | #2 ""Declan @ NsC2OJUPB3"" (25.30)",2024-12-17T23:38:46.325Z,173447872632501
"-- starting hand #319 (id: 00bolbqg9adu)  (No Limit Texas Hold'em) (dealer: ""Hanley2 @ LXzsz8PhQN"") --",2024-12-17T23:38:46.325Z,173447872632500
"-- ending hand #318 --",2024-12-17T23:38:40.322Z,173447872032202
"""Declan @ NsC2OJUPB3"" collected 0.40 from pot",2024-12-17T23:38:40.322Z,173447872032201
"Uncalled bet of 0.40 returned to ""Declan @ NsC2OJUPB3""",2024-12-17T23:38:40.322Z,173447872032200
"""Hanley2 @ LXzsz8PhQN"" folds",2024-12-17T23:38:39.426Z,173447871942600
"""Declan @ NsC2OJUPB3"" bets 0.40",2024-12-17T23:38:35.774Z,173447871577400
"""Hanley2 @ LXzsz8PhQN"" checks",2024-12-17T23:38:30.278Z,173447871027800
"Flop:  [J♣, J♠, A♣]",2024-12-17T23:38:21.456Z,173447870145600
"""Hanley2 @ LXzsz8PhQN"" checks",2024-12-17T23:38:20.578Z,173447870057800
"""Declan @ NsC2OJUPB3"" calls 0.20",2024-12-17T23:38:18.827Z,173447869882700
"""Hanley2 @ LXzsz8PhQN"" posts a big blind of 0.20",2024-12-17T23:38:17.096Z,173447869709605
"""Declan @ NsC2OJUPB3"" posts a small blind of 0.10",2024-12-17T23:38:17.096Z,173447869709604
"Player stacks: #1 ""Hanley2 @ LXzsz8PhQN"" (45.21) | #2 ""Declan @ NsC2OJUPB3"" (25.10)",2024-12-17T23:38:17.096Z,173447869709601
"-- starting hand #318 (id: uwulvfbbbc8p)  (No Limit Texas Hold'em) (dealer: ""Declan @ NsC2OJUPB3"") --",2024-12-17T23:38:17.096Z,173447869709600
"-- ending hand #317 --",2024-12-17T23:38:11.090Z,173447869109002
"""Declan @ NsC2OJUPB3"" collected 12.40 from pot with Straight, J High (combination: J♣, 10♠, 9♣, 8♥, 7♦)",2024-12-17T23:38:11.090Z,173447869109001
"""Declan @ NsC2OJUPB3"" shows a 10♠, J♣.",2024-12-17T23:38:11.090Z,173447869109000
"""Hanley2 @ LXzsz8PhQN"" calls 3.00",2024-12-17T23:38:10.283Z,173447869028300
"""Declan @ NsC2OJUPB3"" bets 3.00",2024-12-17T23:38:05.636Z,173447868563600
"River: 10♣, 4♦, 7♦, 9♣ [8♥]",2024-12-17T23:37:58.958Z,173447867895800
"""Declan @ NsC2OJUPB3"" calls 2.00",2024-12-17T23:37:58.087Z,173447867808700
"""Hanley2 @ LXzsz8PhQN"" raises to 2.00",2024-12-17T23:37:56.409Z,173447867640900
"""Declan @ NsC2OJUPB3"" bets 1.00",2024-12-17T23:37:53.486Z,173447867348600
"Turn: 10♣, 4♦, 7♦ [9♣]",2024-12-17T23:37:48.398Z,173447866839800
"""Hanley2 @ LXzsz8PhQN"" calls 0.60",2024-12-17T23:37:47.578Z,173447866757800
"""Declan @ NsC2OJUPB3"" bets 0.60",2024-12-17T23:37:44.440Z,173447866444000
"Flop:  [10♣, 4♦, 7♦]",2024-12-17T23:37:38.444Z,173447865844400
"""Declan @ NsC2OJUPB3"" calls 0.60",2024-12-17T23:37:37.624Z,173447865762400
"""Hanley2 @ LXzsz8PhQN"" raises to 0.60",2024-12-17T23:37:34.393Z,173447865439300
"""Declan @ NsC2OJUPB3"" posts a big blind of 0.20",2024-12-17T23:37:31.725Z,173447865172505
"""Hanley2 @ LXzsz8PhQN"" posts a small blind of 0.10",2024-12-17T23:37:31.725Z,173447865172504
"Player stacks: #1 ""Hanley2 @ LXzsz8PhQN"" (51.41) | #2 ""Declan @ NsC2OJUPB3"" (18.90)",2024-12-17T23:37:31.725Z,173447865172501
"-- starting hand #317 (id: tg9pqaceomqf)  (No Limit Texas Hold'em) (dealer: ""Hanley2 @ LXzsz8PhQN"") --",2024-12-17T23:37:31.725Z,173447865172500
"-- ending hand #316 --",2024-12-17T23:37:25.678Z,173447864567802
"""Declan @ NsC2OJUPB3"" collected 6.40 from pot with Two Pair, Q's & J's (combination: Q♣, Q♠, J♥, J♦, 9♦)",2024-12-17T23:37:25.678Z,173447864567801
"""Declan @ NsC2OJUPB3"" shows a Q♣, 9♦.",2024-12-17T23:37:25.678Z,173447864567800
"""Declan @ NsC2OJUPB3"" checks",2024-12-17T23:37:24.838Z,173447864483800
"""Hanley2 @ LXzsz8PhQN"" checks",2024-12-17T23:37:16.537Z,173447863653700
"River: 5♦, J♥, 9♥, Q♠ [J♦]",2024-12-17T23:37:08.087Z,173447862808700
"""Declan @ NsC2OJUPB3"" calls 1.60",2024-12-17T23:37:07.262Z,173447862726200
"""Hanley2 @ LXzsz8PhQN"" bets 1.60",2024-12-17T23:36:59.318Z,173447861931800
"Turn: 5♦, J♥, 9♥ [Q♠]",2024-12-17T23:36:54.252Z,173447861425200
"""Declan @ NsC2OJUPB3"" calls 0.80",2024-12-17T23:36:53.438Z,173447861343800
"""Hanley2 @ LXzsz8PhQN"" bets 0.80",2024-12-17T23:36:51.422Z,173447861142200
"Flop:  [5♦, J♥, 9♥]",2024-12-17T23:36:46.843Z,173447860684300
"""Declan @ NsC2OJUPB3"" calls 0.80",2024-12-17T23:36:46.005Z,173447860600500
"""Hanley2 @ LXzsz8PhQN"" raises to 0.80",2024-12-17T23:36:43.229Z,173447860322900
"""Declan @ NsC2OJUPB3"" calls 0.20",2024-12-17T23:36:38.519Z,173447859851900
"""Hanley2 @ LXzsz8PhQN"" posts a big blind of 0.20",2024-12-17T23:36:36.921Z,173447859692105
"""Declan @ NsC2OJUPB3"" posts a small blind of 0.10",2024-12-17T23:36:36.921Z,173447859692104
"Player stacks: #1 ""Hanley2 @ LXzsz8PhQN"" (54.61) | #2 ""Declan @ NsC2OJUPB3"" (15.70)",2024-12-17T23:36:36.921Z,173447859692101
"-- starting hand #316 (id: nnjfe2rlevru)  (No Limit Texas Hold'em) (dealer: ""Declan @ NsC2OJUPB3"") --",2024-12-17T23:36:36.921Z,173447859692100
"-- ending hand #315 --",2024-12-17T23:36:31.002Z,173447859100202
"""Declan @ NsC2OJUPB3"" collected 0.40 from pot",2024-12-17T23:36:31.002Z,173447859100201
"Uncalled bet of 0.80 returned to ""Declan @ NsC2OJUPB3""",2024-12-17T23:36:31.002Z,173447859100200
"""Hanley2 @ LXzsz8PhQN"" folds",2024-12-17T23:36:30.185Z,173447859018500
"""Declan @ NsC2OJUPB3"" raises to 1.00",2024-12-17T23:36:27.897Z,173447858789700
"""Hanley2 @ LXzsz8PhQN"" calls 0.20",2024-12-17T23:36:25.025Z,173447858502500
"""Declan @ NsC2OJUPB3"" posts a big blind of 0.20",2024-12-17T23:36:17.496Z,173447857749606
"""Hanley2 @ LXzsz8PhQN"" posts a small blind of 0.10",2024-12-17T23:36:17.496Z,173447857749605
"Player stacks: #1 ""Hanley2 @ LXzsz8PhQN"" (54.81) | #2 ""Declan @ NsC2OJUPB3"" (15.50)",2024-12-17T23:36:17.496Z,173447857749602
"-- starting hand #315 (id: cfo9dqgtb3b1)  (No Limit Texas Hold'em) (dealer: ""Hanley2 @ LXzsz8PhQN"") --",2024-12-17T23:36:17.496Z,173447857749601
"The player ""Spence @ cbvju-2iMm"" stand up with the stack of 134.11.",2024-12-17T23:36:17.496Z,173447857749600
"-- ending hand #314 --",2024-12-17T23:36:11.585Z,173447857158502
"""Declan @ NsC2OJUPB3"" collected 0.40 from pot",2024-12-17T23:36:11.585Z,173447857158501
"Uncalled bet of 0.80 returned to ""Declan @ NsC2OJUPB3""",2024-12-17T23:36:11.585Z,173447857158500
"""Hanley2 @ LXzsz8PhQN"" folds",2024-12-17T23:36:10.758Z,173447857075800
"""Spence @ cbvju-2iMm"" folds",2024-12-17T23:36:05.125Z,173447856512500
"""Declan @ NsC2OJUPB3"" raises to 1.00",2024-12-17T23:36:02.856Z,173447856285600
"""Hanley2 @ LXzsz8PhQN"" posts a big blind of 0.20",2024-12-17T23:35:58.629Z,173447855862907
"Dead Small Blind",2024-12-17T23:35:58.629Z,173447855862906
"Player stacks: #1 ""Hanley2 @ LXzsz8PhQN"" (55.01) | #2 ""Declan @ NsC2OJUPB3"" (15.30) | #4 ""Spence @ cbvju-2iMm"" (134.11)",2024-12-17T23:35:58.629Z,173447855862902
"-- starting hand #314 (id: ty9k8nsvmfak)  (No Limit Texas Hold'em) (dealer: ""Spence @ cbvju-2iMm"") --",2024-12-17T23:35:58.629Z,173447855862901
"The player ""timh @ IDAaB_gryp"" quits the game with a stack of 0.00.",2024-12-17T23:35:58.629Z,173447855862900
"-- ending hand #313 --",2024-12-17T23:35:50.619Z,173447855061902
"""Spence @ cbvju-2iMm"" collected 6.89 from pot with Pair, K's on the second run  (combination: K♣, K♥, 8♦, 7♥, 6♦)",2024-12-17T23:35:50.619Z,173447855061901
"""Spence @ cbvju-2iMm"" collected 6.89 from pot with Two Pair, K's & 4's (combination: K♣, K♥, 4♠, 4♦, 9♦)",2024-12-17T23:35:50.619Z,173447855061900
"River (second run): 7♥, 4♣, 6♦, 8♦ [3♥]",2024-12-17T23:35:46.542Z,173447854654200
"Turn (second run): 7♥, 4♣, 6♦ [8♦]",2024-12-17T23:35:42.524Z,173447854252400
"Flop (second run):  [7♥, 4♣, 6♦]",2024-12-17T23:35:38.515Z,173447853851500
"River: 8♠, 3♠, 4♠, 9♦ [4♦]",2024-12-17T23:35:34.445Z,173447853444500
"Turn: 8♠, 3♠, 4♠ [9♦]",2024-12-17T23:35:30.437Z,173447853043700
"Flop:  [8♠, 3♠, 4♠]",2024-12-17T23:35:26.388Z,173447852638800
"""timh @ IDAaB_gryp"" shows a J♥, 10♥.",2024-12-17T23:35:22.366Z,173447852236601
"""Spence @ cbvju-2iMm"" shows a K♣, K♥.",2024-12-17T23:35:22.366Z,173447852236600
"All players in hand choose to run it twice.",2024-12-17T23:35:21.559Z,173447852155901
"""Spence @ cbvju-2iMm"" chooses to  run it twice.",2024-12-17T23:35:21.559Z,173447852155900
"""timh @ IDAaB_gryp"" chooses to  run it twice.",2024-12-17T23:35:21.475Z,173447852147500
"Remaining players decide whether to run it twice.",2024-12-17T23:35:20.250Z,173447852025001
"""Spence @ cbvju-2iMm"" calls 6.39",2024-12-17T23:35:20.250Z,173447852025000
"""Declan @ NsC2OJUPB3"" folds",2024-12-17T23:35:18.981Z,173447851898100
"""timh @ IDAaB_gryp"" raises to 6.39 and go all in",2024-12-17T23:35:08.164Z,173447850816400
"""Spence @ cbvju-2iMm"" raises to 1.80",2024-12-17T23:35:05.623Z,173447850562300
"""Declan @ NsC2OJUPB3"" raises to 1.00",2024-12-17T23:35:01.020Z,173447850102000
"""Hanley2 @ LXzsz8PhQN"" folds",2024-12-17T23:34:58.651Z,173447849865100
"""timh @ IDAaB_gryp"" posts a big blind of 0.20",2024-12-17T23:34:56.694Z,173447849669407
"""Spence @ cbvju-2iMm"" posts a small blind of 0.10",2024-12-17T23:34:56.694Z,173447849669406
"Player stacks: #1 ""Hanley2 @ LXzsz8PhQN"" (55.01) | #2 ""Declan @ NsC2OJUPB3"" (16.30) | #4 ""Spence @ cbvju-2iMm"" (126.72) | #10 ""timh @ IDAaB_gryp"" (6.39)",2024-12-17T23:34:56.694Z,173447849669401
"-- starting hand #313 (id: echool1xaeqj)  (No Limit Texas Hold'em) (dealer: ""Declan @ NsC2OJUPB3"") --",2024-12-17T23:34:56.694Z,173447849669400
"-- ending hand #312 --",2024-12-17T23:34:50.779Z,173447849077902
"""Spence @ cbvju-2iMm"" collected 4.40 from pot",2024-12-17T23:34:50.779Z,173447849077901
"Uncalled bet of 3.30 returned to ""Spence @ cbvju-2iMm""",2024-12-17T23:34:50.779Z,173447849077900
"""timh @ IDAaB_gryp"" folds",2024-12-17T23:34:49.972Z,173447848997200
"""Spence @ cbvju-2iMm"" bets 3.30",2024-12-17T23:34:48.010Z,173447848801000
"Turn: 6♦, 7♠, 10♣ [5♦]",2024-12-17T23:34:28.598Z,173447846859800
"""Spence @ cbvju-2iMm"" calls 1.10",2024-12-17T23:34:27.735Z,173447846773500
"""Hanley2 @ LXzsz8PhQN"" folds",2024-12-17T23:34:26.317Z,173447846631700
"""timh @ IDAaB_gryp"" bets 1.10",2024-12-17T23:34:23.079Z,173447846307900
"""Spence @ cbvju-2iMm"" checks",2024-12-17T23:34:20.713Z,173447846071300
"Flop:  [6♦, 7♠, 10♣]",2024-12-17T23:34:15.980Z,173447845598000
"""Spence @ cbvju-2iMm"" calls 0.70",2024-12-17T23:34:15.160Z,173447845516000
"""Declan @ NsC2OJUPB3"" folds",2024-12-17T23:34:14.306Z,173447845430600
"""Hanley2 @ LXzsz8PhQN"" calls 0.70",2024-12-17T23:34:13.375Z,173447845337500
"""timh @ IDAaB_gryp"" raises to 0.70",2024-12-17T23:34:10.121Z,173447845012100
"""Spence @ cbvju-2iMm"" posts a big blind of 0.20",2024-12-17T23:34:07.477Z,173447844747707
"""Declan @ NsC2OJUPB3"" posts a small blind of 0.10",2024-12-17T23:34:07.477Z,173447844747706
"Player stacks: #1 ""Hanley2 @ LXzsz8PhQN"" (55.71) | #2 ""Declan @ NsC2OJUPB3"" (16.40) | #4 ""Spence @ cbvju-2iMm"" (124.12) | #10 ""timh @ IDAaB_gryp"" (8.19)",2024-12-17T23:34:07.477Z,173447844747701
"-- starting hand #312 (id: v5sokrt2rpnv)  (No Limit Texas Hold'em) (dealer: ""Hanley2 @ LXzsz8PhQN"") --",2024-12-17T23:34:07.477Z,173447844747700
"-- ending hand #311 --",2024-12-17T23:34:01.424Z,173447844142402
"""Spence @ cbvju-2iMm"" collected 5.00 from pot with Pair, 7's (combination: 7♣, 7♠, 10♠, 9♠, 8♦)",2024-12-17T23:34:01.424Z,173447844142401
"""Spence @ cbvju-2iMm"" shows a 7♣, 8♦.",2024-12-17T23:34:01.424Z,173447844142400
"""timh @ IDAaB_gryp"" checks",2024-12-17T23:34:00.578Z,173447844057800
"""Spence @ cbvju-2iMm"" checks",2024-12-17T23:33:59.278Z,173447843927800
"River: 7♠, 2♥, 10♠, 4♣ [9♠]",2024-12-17T23:33:57.455Z,173447843745500
"""timh @ IDAaB_gryp"" checks",2024-12-17T23:33:56.622Z,173447843662200
"""Spence @ cbvju-2iMm"" checks",2024-12-17T23:33:54.915Z,173447843491500
"Turn: 7♠, 2♥, 10♠ [4♣]",2024-12-17T23:33:53.148Z,173447843314800
"""Declan @ NsC2OJUPB3"" folds",2024-12-17T23:33:52.282Z,173447843228200
"""timh @ IDAaB_gryp"" calls 1.50",2024-12-17T23:33:51.387Z,173447843138700
"""Spence @ cbvju-2iMm"" bets 1.50",2024-12-17T23:33:47.887Z,173447842788700
"""Declan @ NsC2OJUPB3"" checks",2024-12-17T23:33:45.273Z,173447842527300
"Flop:  [7♠, 2♥, 10♠]",2024-12-17T23:33:41.802Z,173447842180200
"""Spence @ cbvju-2iMm"" calls 0.60",2024-12-17T23:33:40.986Z,173447842098600
"""Declan @ NsC2OJUPB3"" calls 0.60",2024-12-17T23:33:39.826Z,173447841982600
"""Hanley2 @ LXzsz8PhQN"" folds",2024-12-17T23:33:37.373Z,173447841737300
"""timh @ IDAaB_gryp"" raises to 0.60",2024-12-17T23:33:36.042Z,173447841604200
"""Spence @ cbvju-2iMm"" checks",2024-12-17T23:33:30.004Z,173447841000400
"""Spence @ cbvju-2iMm"" posts a missed big blind of 0.20",2024-12-17T23:33:25.236Z,173447840523610
"""Spence @ cbvju-2iMm"" posts a missing small blind of 0.10",2024-12-17T23:33:25.236Z,173447840523609
"""Declan @ NsC2OJUPB3"" posts a big blind of 0.20",2024-12-17T23:33:25.236Z,173447840523608
"""Hanley2 @ LXzsz8PhQN"" posts a small blind of 0.10",2024-12-17T23:33:25.236Z,173447840523607
"Player stacks: #1 ""Hanley2 @ LXzsz8PhQN"" (55.81) | #2 ""Declan @ NsC2OJUPB3"" (17.00) | #4 ""Spence @ cbvju-2iMm"" (121.32) | #10 ""timh @ IDAaB_gryp"" (10.29)",2024-12-17T23:33:25.236Z,173447840523602
"-- starting hand #311 (id: wtnvdmf432eb)  (No Limit Texas Hold'em) (dealer: ""timh @ IDAaB_gryp"") --",2024-12-17T23:33:25.236Z,173447840523601
"The player ""Spence @ cbvju-2iMm"" joined the game with a stack of 121.32.",2024-12-17T23:33:25.236Z,173447840523600
"-- ending hand #310 --",2024-12-17T23:33:19.298Z,173447839929802
"""Declan @ NsC2OJUPB3"" collected 1.20 from pot",2024-12-17T23:33:19.298Z,173447839929801
"Uncalled bet of 1.00 returned to ""Declan @ NsC2OJUPB3""",2024-12-17T23:33:19.298Z,173447839929800
"""Hanley2 @ LXzsz8PhQN"" folds",2024-12-17T23:33:18.466Z,173447839846600
"""timh @ IDAaB_gryp"" folds",2024-12-17T23:33:16.946Z,173447839694600
"""Declan @ NsC2OJUPB3"" bets 1.00",2024-12-17T23:33:15.279Z,173447839527900
"""Hanley2 @ LXzsz8PhQN"" checks",2024-12-17T23:33:11.341Z,173447839134100
"""timh @ IDAaB_gryp"" checks",2024-12-17T23:33:09.195Z,173447838919500
"Flop:  [5♥, Q♥, 2♥]",2024-12-17T23:33:07.030Z,173447838703000
"""timh @ IDAaB_gryp"" calls 0.40",2024-12-17T23:33:06.192Z,173447838619200
"""Declan @ NsC2OJUPB3"" calls 0.40",2024-12-17T23:33:05.223Z,173447838522300
"""Hanley2 @ LXzsz8PhQN"" raises to 0.40",2024-12-17T23:33:03.458Z,173447838345800
"""timh @ IDAaB_gryp"" calls 0.20",2024-12-17T23:33:01.704Z,173447838170400
"""Declan @ NsC2OJUPB3"" calls 0.20",2024-12-17T23:33:00.646Z,173447838064600
"""Hanley2 @ LXzsz8PhQN"" posts a big blind of 0.20",2024-12-17T23:32:58.759Z,173447837875906
"""timh @ IDAaB_gryp"" posts a small blind of 0.10",2024-12-17T23:32:58.759Z,173447837875905
"Player stacks: #1 ""Hanley2 @ LXzsz8PhQN"" (56.21) | #2 ""Declan @ NsC2OJUPB3"" (16.20) | #10 ""timh @ IDAaB_gryp"" (10.69)",2024-12-17T23:32:58.759Z,173447837875901
"-- starting hand #310 (id: gdhoom5mbum2)  (No Limit Texas Hold'em) (dealer: ""Declan @ NsC2OJUPB3"") --",2024-12-17T23:32:58.759Z,173447837875900
"-- ending hand #309 --",2024-12-17T23:32:52.752Z,173447837275202
"""Declan @ NsC2OJUPB3"" collected 0.40 from pot with Pair, 4's (combination: 4♦, 4♠, J♣, 9♥, 7♠)",2024-12-17T23:32:52.752Z,173447837275201
"""Declan @ NsC2OJUPB3"" shows a 7♠, 9♥.",2024-12-17T23:32:52.752Z,173447837275200
"""timh @ IDAaB_gryp"" checks",2024-12-17T23:32:51.885Z,173447837188500
"""Declan @ NsC2OJUPB3"" checks",2024-12-17T23:32:50.445Z,173447837044500
"The player ""Spence @ cbvju-2iMm"" sit back with the stack of 121.32.",2024-12-17T23:32:48.174Z,173447836817400
"River: 3♦, 2♥, J♣, 4♦ [4♠]",2024-12-17T23:32:43.396Z,173447836339600
"""timh @ IDAaB_gryp"" checks",2024-12-17T23:32:42.583Z,173447836258300
"""Declan @ NsC2OJUPB3"" checks",2024-12-17T23:32:41.475Z,173447836147500
"Turn: 3♦, 2♥, J♣ [4♦]",2024-12-17T23:32:36.839Z,173447835683900
"""timh @ IDAaB_gryp"" checks",2024-12-17T23:32:35.993Z,173447835599300
"""Declan @ NsC2OJUPB3"" checks",2024-12-17T23:32:34.508Z,173447835450800
"Flop:  [3♦, 2♥, J♣]",2024-12-17T23:32:29.721Z,173447834972100
"""timh @ IDAaB_gryp"" checks",2024-12-17T23:32:28.900Z,173447834890000
"""Declan @ NsC2OJUPB3"" calls 0.20",2024-12-17T23:32:27.985Z,173447834798500
"""Hanley2 @ LXzsz8PhQN"" folds",2024-12-17T23:32:26.846Z,173447834684600
"""timh @ IDAaB_gryp"" posts a big blind of 0.20",2024-12-17T23:32:20.912Z,173447834091206
"""Declan @ NsC2OJUPB3"" posts a small blind of 0.10",2024-12-17T23:32:20.912Z,173447834091205
"Player stacks: #1 ""Hanley2 @ LXzsz8PhQN"" (56.21) | #2 ""Declan @ NsC2OJUPB3"" (16.00) | #10 ""timh @ IDAaB_gryp"" (10.89)",2024-12-17T23:32:20.912Z,173447834091201
"-- starting hand #309 (id: yhv4ko2jvbrq)  (No Limit Texas Hold'em) (dealer: ""Hanley2 @ LXzsz8PhQN"") --",2024-12-17T23:32:20.912Z,173447834091200
"-- ending hand #308 --",2024-12-17T23:32:14.953Z,173447833495302
"""timh @ IDAaB_gryp"" collected 0.50 from pot",2024-12-17T23:32:14.953Z,173447833495301
"Uncalled bet of 0.20 returned to ""timh @ IDAaB_gryp""",2024-12-17T23:32:14.953Z,173447833495300
"""Declan @ NsC2OJUPB3"" folds",2024-12-17T23:32:14.136Z,173447833413600
"""timh @ IDAaB_gryp"" bets 0.20",2024-12-17T23:32:11.180Z,173447833118000
"""Declan @ NsC2OJUPB3"" checks",2024-12-17T23:32:09.461Z,173447832946100
"Flop:  [Q♥, 2♥, 8♠]",2024-12-17T23:32:06.837Z,173447832683700
"""Declan @ NsC2OJUPB3"" checks",2024-12-17T23:32:06.022Z,173447832602200
"""Hanley2 @ LXzsz8PhQN"" folds",2024-12-17T23:32:04.850Z,173447832485000
"""timh @ IDAaB_gryp"" calls 0.20",2024-12-17T23:32:03.834Z,173447832383400
"""Declan @ NsC2OJUPB3"" posts a big blind of 0.20",2024-12-17T23:32:02.341Z,173447832234107
"""Hanley2 @ LXzsz8PhQN"" posts a small blind of 0.10",2024-12-17T23:32:02.341Z,173447832234106
"Player stacks: #1 ""Hanley2 @ LXzsz8PhQN"" (56.31) | #2 ""Declan @ NsC2OJUPB3"" (16.20) | #10 ""timh @ IDAaB_gryp"" (10.59)",2024-12-17T23:32:02.341Z,173447832234102
"-- starting hand #308 (id: dc3vfwkbi0u0)  (No Limit Texas Hold'em) (dealer: ""timh @ IDAaB_gryp"") --",2024-12-17T23:32:02.341Z,173447832234101
"The player ""Spence @ cbvju-2iMm"" stand up with the stack of 121.32.",2024-12-17T23:32:02.341Z,173447832234100
"-- ending hand #307 --",2024-12-17T23:31:56.419Z,173447831641902
"""Hanley2 @ LXzsz8PhQN"" collected 4.96 from pot",2024-12-17T23:31:56.419Z,173447831641901
"Uncalled bet of 2.48 returned to ""Hanley2 @ LXzsz8PhQN""",2024-12-17T23:31:56.419Z,173447831641900
"""Spence @ cbvju-2iMm"" folds",2024-12-17T23:31:55.556Z,173447831555600
"""Hanley2 @ LXzsz8PhQN"" bets 2.48",2024-12-17T23:31:53.428Z,173447831342800
"Turn: K♠, 2♠, A♥ [7♣]",2024-12-17T23:31:48.473Z,173447830847300
"""timh @ IDAaB_gryp"" folds",2024-12-17T23:31:47.602Z,173447830760200
"""Spence @ cbvju-2iMm"" calls 1.04",2024-12-17T23:31:34.661Z,173447829466100
"""Declan @ NsC2OJUPB3"" folds",2024-12-17T23:31:28.050Z,173447828805000
"""Hanley2 @ LXzsz8PhQN"" bets 1.04",2024-12-17T23:31:26.451Z,173447828645100
"""timh @ IDAaB_gryp"" checks",2024-12-17T23:31:08.756Z,173447826875600
"Flop:  [K♠, 2♠, A♥]",2024-12-17T23:31:06.087Z,173447826608700
"""Declan @ NsC2OJUPB3"" calls 0.72",2024-12-17T23:31:05.257Z,173447826525700
"""Hanley2 @ LXzsz8PhQN"" calls 0.72",2024-12-17T23:31:04.186Z,173447826418600
"""timh @ IDAaB_gryp"" calls 0.72",2024-12-17T23:31:02.178Z,173447826217800
"""Spence @ cbvju-2iMm"" raises to 0.72",2024-12-17T23:31:00.037Z,173447826003700
"""Declan @ NsC2OJUPB3"" calls 0.20",2024-12-17T23:30:56.525Z,173447825652500
"""Hanley2 @ LXzsz8PhQN"" posts a big blind of 0.20",2024-12-17T23:30:53.310Z,173447825331007
"""timh @ IDAaB_gryp"" posts a small blind of 0.10",2024-12-17T23:30:53.310Z,173447825331006
"Player stacks: #1 ""Hanley2 @ LXzsz8PhQN"" (53.11) | #2 ""Declan @ NsC2OJUPB3"" (16.92) | #4 ""Spence @ cbvju-2iMm"" (123.08) | #10 ""timh @ IDAaB_gryp"" (11.31)",2024-12-17T23:30:53.310Z,173447825331001
"-- starting hand #307 (id: yot5t4zu2adp)  (No Limit Texas Hold'em) (dealer: ""Spence @ cbvju-2iMm"") --",2024-12-17T23:30:53.310Z,173447825331000
"-- ending hand #306 --",2024-12-17T23:30:45.262Z,173447824526202
"""Declan @ NsC2OJUPB3"" collected 11.30 from pot with Two Pair, 10's & 8's on the second run  (combination: 10♦, 10♣, 8♥, 8♠, K♠)",2024-12-17T23:30:45.262Z,173447824526201
"""timh @ IDAaB_gryp"" collected 11.31 from pot with Flush, Ks High (combination: K♠, Q♠, J♠, 9♠, 8♠)",2024-12-17T23:30:45.262Z,173447824526200
"River (second run): K♠, 2♣, 8♠, 10♣ [5♣]",2024-12-17T23:30:41.256Z,173447824125600
"Turn (second run): K♠, 2♣, 8♠ [10♣]",2024-12-17T23:30:37.211Z,173447823721100
"River: K♠, 2♣, 8♠, Q♠ [J♠]",2024-12-17T23:30:33.189Z,173447823318900
"Turn: K♠, 2♣, 8♠ [Q♠]",2024-12-17T23:30:29.156Z,173447822915600
"""timh @ IDAaB_gryp"" shows a 9♠, K♦.",2024-12-17T23:30:25.141Z,173447822514101
"""Declan @ NsC2OJUPB3"" shows a 8♥, 10♦.",2024-12-17T23:30:25.141Z,173447822514100
"All players in hand choose to run it twice.",2024-12-17T23:30:24.303Z,173447822430301
"""Declan @ NsC2OJUPB3"" chooses to  run it twice.",2024-12-17T23:30:24.303Z,173447822430300
"""timh @ IDAaB_gryp"" chooses to  run it twice.",2024-12-17T23:30:23.970Z,173447822397000
"Remaining players decide whether to run it twice.",2024-12-17T23:30:22.623Z,173447822262301
"""timh @ IDAaB_gryp"" calls 10.33 and go all in",2024-12-17T23:30:22.623Z,173447822262300
"""Declan @ NsC2OJUPB3"" raises to 10.33",2024-12-17T23:30:20.572Z,173447822057200
"""Hanley2 @ LXzsz8PhQN"" folds",2024-12-17T23:30:05.823Z,173447820582300
"""timh @ IDAaB_gryp"" raises to 3.90",2024-12-17T23:30:03.216Z,173447820321600
"""Declan @ NsC2OJUPB3"" calls 0.65",2024-12-17T23:29:59.934Z,173447819993400
"""Hanley2 @ LXzsz8PhQN"" bets 0.65",2024-12-17T23:29:57.938Z,173447819793800
"""timh @ IDAaB_gryp"" checks",2024-12-17T23:29:52.691Z,173447819269100
"Flop:  [K♠, 2♣, 8♠]",2024-12-17T23:29:48.160Z,173447818816000
"""timh @ IDAaB_gryp"" calls 0.40",2024-12-17T23:29:47.336Z,173447818733600
"""Spence @ cbvju-2iMm"" folds",2024-12-17T23:29:46.267Z,173447818626700
"""Declan @ NsC2OJUPB3"" calls 0.40",2024-12-17T23:29:45.322Z,173447818532200
"""Hanley2 @ LXzsz8PhQN"" raises to 0.40",2024-12-17T23:29:43.926Z,173447818392600
"""timh @ IDAaB_gryp"" posts a big blind of 0.20",2024-12-17T23:29:37.703Z,173447817770307
"""Spence @ cbvju-2iMm"" posts a small blind of 0.10",2024-12-17T23:29:37.703Z,173447817770306
"Player stacks: #1 ""Hanley2 @ LXzsz8PhQN"" (54.16) | #2 ""Declan @ NsC2OJUPB3"" (16.35) | #4 ""Spence @ cbvju-2iMm"" (123.18) | #10 ""timh @ IDAaB_gryp"" (10.73)",2024-12-17T23:29:37.703Z,173447817770301
"-- starting hand #306 (id: bqw69mitcnzk)  (No Limit Texas Hold'em) (dealer: ""Declan @ NsC2OJUPB3"") --",2024-12-17T23:29:37.703Z,173447817770300
"-- ending hand #305 --",2024-12-17T23:29:31.783Z,173447817178302
"""Declan @ NsC2OJUPB3"" collected 0.60 from pot",2024-12-17T23:29:31.783Z,173447817178301
"Uncalled bet of 1.00 returned to ""Declan @ NsC2OJUPB3""",2024-12-17T23:29:31.783Z,173447817178300
"""timh @ IDAaB_gryp"" folds",2024-12-17T23:29:30.927Z,173447817092700
"""Declan @ NsC2OJUPB3"" bets 1.00",2024-12-17T23:29:29.385Z,173447816938500
"Flop:  [5♠, A♦, 2♥]",2024-12-17T23:29:21.815Z,173447816181500
"""Spence @ cbvju-2iMm"" folds",2024-12-17T23:29:20.973Z,173447816097300
"""Declan @ NsC2OJUPB3"" calls 0.20",2024-12-17T23:29:20.007Z,173447816000700
"""Hanley2 @ LXzsz8PhQN"" folds",2024-12-17T23:29:18.100Z,173447815810000
"""timh @ IDAaB_gryp"" calls 0.20",2024-12-17T23:29:17.069Z,173447815706900
"""Spence @ cbvju-2iMm"" posts a big blind of 0.20",2024-12-17T23:29:15.638Z,173447815563807
"""Declan @ NsC2OJUPB3"" posts a small blind of 0.10",2024-12-17T23:29:15.638Z,173447815563806
"Player stacks: #1 ""Hanley2 @ LXzsz8PhQN"" (54.16) | #2 ""Declan @ NsC2OJUPB3"" (15.95) | #4 ""Spence @ cbvju-2iMm"" (123.38) | #10 ""timh @ IDAaB_gryp"" (10.93)",2024-12-17T23:29:15.638Z,173447815563801
"-- starting hand #305 (id: znpcmsfk90yt)  (No Limit Texas Hold'em) (dealer: ""Hanley2 @ LXzsz8PhQN"") --",2024-12-17T23:29:15.638Z,173447815563800
"-- ending hand #304 --",2024-12-17T23:29:09.565Z,173447814956503
"""Declan @ NsC2OJUPB3"" shows a 7♣, K♥.",2024-12-17T23:29:09.565Z,173447814956502
"""Spence @ cbvju-2iMm"" collected 8.80 from pot with Two Pair, A's & 8's (combination: A♣, A♥, 8♣, 8♥, K♣)",2024-12-17T23:29:09.565Z,173447814956501
"""Spence @ cbvju-2iMm"" shows a 2♥, A♣.",2024-12-17T23:29:09.565Z,173447814956500
"""Spence @ cbvju-2iMm"" calls 2.00",2024-12-17T23:29:08.720Z,173447814872000
"""Declan @ NsC2OJUPB3"" bets 2.00",2024-12-17T23:29:07.543Z,173447814754300
"River: 8♣, K♣, A♥, J♣ [8♥]",2024-12-17T23:28:56.671Z,173447813667100
"""Spence @ cbvju-2iMm"" calls 1.00",2024-12-17T23:28:55.852Z,173447813585200
"""Declan @ NsC2OJUPB3"" bets 1.00",2024-12-17T23:28:54.905Z,173447813490500
"Turn: 8♣, K♣, A♥ [J♣]",2024-12-17T23:28:49.201Z,173447812920100
"""Hanley2 @ LXzsz8PhQN"" folds",2024-12-17T23:28:48.389Z,173447812838900
"""timh @ IDAaB_gryp"" folds",2024-12-17T23:28:47.349Z,173447812734900
"""Spence @ cbvju-2iMm"" calls 1.00",2024-12-17T23:28:46.387Z,173447812638700
"""Declan @ NsC2OJUPB3"" bets 1.00",2024-12-17T23:28:45.276Z,173447812527600
"""Hanley2 @ LXzsz8PhQN"" checks",2024-12-17T23:28:41.323Z,173447812132300
"Flop:  [8♣, K♣, A♥]",2024-12-17T23:28:39.524Z,173447811952400
"""Declan @ NsC2OJUPB3"" checks",2024-12-17T23:28:38.666Z,173447811866600
"""Hanley2 @ LXzsz8PhQN"" calls 0.20",2024-12-17T23:28:37.264Z,173447811726400
"""timh @ IDAaB_gryp"" calls 0.20",2024-12-17T23:28:36.169Z,173447811616900
"""Spence @ cbvju-2iMm"" calls 0.20",2024-12-17T23:28:34.821Z,173447811482100
"""Declan @ NsC2OJUPB3"" posts a big blind of 0.20",2024-12-17T23:28:32.639Z,173447811263907
"""Hanley2 @ LXzsz8PhQN"" posts a small blind of 0.10",2024-12-17T23:28:32.639Z,173447811263906
"Player stacks: #1 ""Hanley2 @ LXzsz8PhQN"" (54.36) | #2 ""Declan @ NsC2OJUPB3"" (20.15) | #4 ""Spence @ cbvju-2iMm"" (118.78) | #10 ""timh @ IDAaB_gryp"" (11.13)",2024-12-17T23:28:32.639Z,173447811263901
"-- starting hand #304 (id: fuktfctzkep9)  (No Limit Texas Hold'em) (dealer: ""timh @ IDAaB_gryp"") --",2024-12-17T23:28:32.639Z,173447811263900
"-- ending hand #303 --",2024-12-17T23:28:26.734Z,173447810673402
"""Spence @ cbvju-2iMm"" collected 2.54 from pot",2024-12-17T23:28:26.734Z,173447810673401
"Uncalled bet of 1.90 returned to ""Spence @ cbvju-2iMm""",2024-12-17T23:28:26.734Z,173447810673400
"""timh @ IDAaB_gryp"" folds",2024-12-17T23:28:25.920Z,173447810592000
"""Spence @ cbvju-2iMm"" bets 1.90",2024-12-17T23:28:24.676Z,173447810467600
"""timh @ IDAaB_gryp"" checks",2024-12-17T23:28:22.249Z,173447810224900
"Flop:  [5♣, 2♠, 9♣]",2024-12-17T23:28:17.890Z,173447809789000
"""Hanley2 @ LXzsz8PhQN"" folds",2024-12-17T23:28:17.075Z,173447809707500
"""timh @ IDAaB_gryp"" calls 1.17",2024-12-17T23:28:15.438Z,173447809543800
"""Spence @ cbvju-2iMm"" raises to 1.17",2024-12-17T23:28:13.994Z,173447809399400
"""Declan @ NsC2OJUPB3"" folds",2024-12-17T23:28:05.807Z,173447808580700
"""Hanley2 @ LXzsz8PhQN"" posts a big blind of 0.20",2024-12-17T23:28:03.486Z,173447808348607
"""timh @ IDAaB_gryp"" posts a small blind of 0.10",2024-12-17T23:28:03.486Z,173447808348606
"Player stacks: #1 ""Hanley2 @ LXzsz8PhQN"" (54.56) | #2 ""Declan @ NsC2OJUPB3"" (20.15) | #4 ""Spence @ cbvju-2iMm"" (117.41) | #10 ""timh @ IDAaB_gryp"" (12.30)",2024-12-17T23:28:03.486Z,173447808348601
"-- starting hand #303 (id: 91ckyi7iqb3e)  (No Limit Texas Hold'em) (dealer: ""Spence @ cbvju-2iMm"") --",2024-12-17T23:28:03.486Z,173447808348600
"-- ending hand #302 --",2024-12-17T23:27:57.564Z,173447807756402
"""Spence @ cbvju-2iMm"" collected 5.20 from pot",2024-12-17T23:27:57.564Z,173447807756401
"Uncalled bet of 3.90 returned to ""Spence @ cbvju-2iMm""",2024-12-17T23:27:57.564Z,173447807756400
"""Declan @ NsC2OJUPB3"" folds",2024-12-17T23:27:56.708Z,173447807670800
"""timh @ IDAaB_gryp"" folds",2024-12-17T23:27:44.462Z,173447806446200
"""Spence @ cbvju-2iMm"" raises to 4.90",2024-12-17T23:27:43.604Z,173447806360400
"""Declan @ NsC2OJUPB3"" bets 1.00",2024-12-17T23:27:40.665Z,173447806066500
"""timh @ IDAaB_gryp"" checks",2024-12-17T23:27:37.449Z,173447805744900
"""Spence @ cbvju-2iMm"" checks",2024-12-17T23:27:36.243Z,173447805624300
"Flop:  [Q♦, A♠, 6♠]",2024-12-17T23:27:31.121Z,173447805112100
"""Hanley2 @ LXzsz8PhQN"" folds",2024-12-17T23:27:30.287Z,173447805028700
"""timh @ IDAaB_gryp"" calls 1.00",2024-12-17T23:27:29.258Z,173447804925800
"""Spence @ cbvju-2iMm"" calls 1.00",2024-12-17T23:27:28.018Z,173447804801800
"""Declan @ NsC2OJUPB3"" raises to 1.00",2024-12-17T23:27:25.409Z,173447804540900
"""Hanley2 @ LXzsz8PhQN"" calls 0.20",2024-12-17T23:27:21.429Z,173447804142900
"""timh @ IDAaB_gryp"" posts a big blind of 0.20",2024-12-17T23:27:19.498Z,173447803949807
"""Spence @ cbvju-2iMm"" posts a small blind of 0.10",2024-12-17T23:27:19.498Z,173447803949806
"Player stacks: #1 ""Hanley2 @ LXzsz8PhQN"" (54.76) | #2 ""Declan @ NsC2OJUPB3"" (22.15) | #4 ""Spence @ cbvju-2iMm"" (114.21) | #10 ""timh @ IDAaB_gryp"" (13.30)",2024-12-17T23:27:19.498Z,173447803949801
"-- starting hand #302 (id: xuys5bwlhd7s)  (No Limit Texas Hold'em) (dealer: ""Declan @ NsC2OJUPB3"") --",2024-12-17T23:27:19.498Z,173447803949800
"-- ending hand #301 --",2024-12-17T23:27:13.473Z,173447803347302
"""Declan @ NsC2OJUPB3"" collected 12.90 from pot with Two Pair, 9's & 7's (combination: 9♠, 9♦, 7♥, 7♣, Q♥)",2024-12-17T23:27:13.473Z,173447803347301
"""Declan @ NsC2OJUPB3"" shows a Q♥, 9♠.",2024-12-17T23:27:13.473Z,173447803347300
"""timh @ IDAaB_gryp"" calls 1.00",2024-12-17T23:27:12.657Z,173447803265700
"""Spence @ cbvju-2iMm"" calls 1.00",2024-12-17T23:27:11.519Z,173447803151900
"""Declan @ NsC2OJUPB3"" bets 1.00",2024-12-17T23:27:09.775Z,173447802977500
"River: 8♥, 7♥, 9♦, 2♣ [7♣]",2024-12-17T23:26:55.640Z,173447801564000
"""timh @ IDAaB_gryp"" calls 2.00",2024-12-17T23:26:54.804Z,173447801480400
"""Spence @ cbvju-2iMm"" calls 2.00",2024-12-17T23:26:53.548Z,173447801354800
"""Declan @ NsC2OJUPB3"" bets 2.00",2024-12-17T23:26:52.256Z,173447801225600
"Turn: 8♥, 7♥, 9♦ [2♣]",2024-12-17T23:26:46.959Z,173447800695900
"""Hanley2 @ LXzsz8PhQN"" folds",2024-12-17T23:26:46.121Z,173447800612100
"""timh @ IDAaB_gryp"" calls 1.00",2024-12-17T23:26:45.135Z,173447800513500
"""Spence @ cbvju-2iMm"" calls 1.00",2024-12-17T23:26:42.419Z,173447800241900
"""Declan @ NsC2OJUPB3"" bets 1.00",2024-12-17T23:26:41.109Z,173447800110900
"Flop:  [8♥, 7♥, 9♦]",2024-12-17T23:26:36.528Z,173447799652800
"""Spence @ cbvju-2iMm"" checks",2024-12-17T23:26:35.711Z,173447799571100
"""Declan @ NsC2OJUPB3"" calls 0.20",2024-12-17T23:26:32.941Z,173447799294100
"""Hanley2 @ LXzsz8PhQN"" calls 0.20",2024-12-17T23:26:31.375Z,173447799137500
"""timh @ IDAaB_gryp"" calls 0.20",2024-12-17T23:26:29.834Z,173447798983400
"""Spence @ cbvju-2iMm"" posts a missing small blind of 0.10",2024-12-17T23:26:27.850Z,173447798785009
"""Spence @ cbvju-2iMm"" posts a big blind of 0.20",2024-12-17T23:26:27.850Z,173447798785008
"""Declan @ NsC2OJUPB3"" posts a small blind of 0.10",2024-12-17T23:26:27.850Z,173447798785007
"Player stacks: #1 ""Hanley2 @ LXzsz8PhQN"" (54.96) | #2 ""Declan @ NsC2OJUPB3"" (13.45) | #4 ""Spence @ cbvju-2iMm"" (118.51) | #10 ""timh @ IDAaB_gryp"" (17.50)",2024-12-17T23:26:27.850Z,173447798785002
"-- starting hand #301 (id: ig1nb7riz6f8)  (No Limit Texas Hold'em) (dealer: ""Hanley2 @ LXzsz8PhQN"") --",2024-12-17T23:26:27.850Z,173447798785001
"The player ""Spence @ cbvju-2iMm"" joined the game with a stack of 118.51.",2024-12-17T23:26:27.850Z,173447798785000
"-- ending hand #300 --",2024-12-17T23:26:21.916Z,173447798191602
"""Hanley2 @ LXzsz8PhQN"" collected 0.80 from pot",2024-12-17T23:26:21.916Z,173447798191601
"Uncalled bet of 0.20 returned to ""Hanley2 @ LXzsz8PhQN""",2024-12-17T23:26:21.916Z,173447798191600
"""Declan @ NsC2OJUPB3"" folds",2024-12-17T23:26:21.054Z,173447798105400
"The player ""Spence @ cbvju-2iMm"" sit back with the stack of 118.51.",2024-12-17T23:26:20.415Z,173447798041500
"""Hanley2 @ LXzsz8PhQN"" bets 0.20",2024-12-17T23:26:19.375Z,173447797937500
"Flop:  [Q♦, 8♥, A♦]",2024-12-17T23:26:16.781Z,173447797678100
"""Declan @ NsC2OJUPB3"" calls 0.40",2024-12-17T23:26:15.917Z,173447797591700
"""Hanley2 @ LXzsz8PhQN"" raises to 0.40",2024-12-17T23:26:14.570Z,173447797457000
"""timh @ IDAaB_gryp"" folds",2024-12-17T23:26:12.144Z,173447797214400
"""Declan @ NsC2OJUPB3"" posts a big blind of 0.20",2024-12-17T23:26:09.506Z,173447796950606
"""Hanley2 @ LXzsz8PhQN"" posts a small blind of 0.10",2024-12-17T23:26:09.506Z,173447796950605
"Player stacks: #1 ""Hanley2 @ LXzsz8PhQN"" (54.56) | #2 ""Declan @ NsC2OJUPB3"" (13.85) | #10 ""timh @ IDAaB_gryp"" (17.50)",2024-12-17T23:26:09.506Z,173447796950601
"-- starting hand #300 (id: ob7bfyinukke)  (No Limit Texas Hold'em) (dealer: ""timh @ IDAaB_gryp"") --",2024-12-17T23:26:09.506Z,173447796950600
"-- ending hand #299 --",2024-12-17T23:26:03.488Z,173447796348802
"""Hanley2 @ LXzsz8PhQN"" collected 2.50 from pot with Flush, Ah High (combination: A♥, 6♥, 5♥, 4♥, 2♥)",2024-12-17T23:26:03.488Z,173447796348801
"""Hanley2 @ LXzsz8PhQN"" shows a 5♥, 9♦.",2024-12-17T23:26:03.488Z,173447796348800
"""timh @ IDAaB_gryp"" folds",2024-12-17T23:26:02.650Z,173447796265000
"""Declan @ NsC2OJUPB3"" calls 0.50",2024-12-17T23:26:01.704Z,173447796170400
"""Hanley2 @ LXzsz8PhQN"" bets 0.50",2024-12-17T23:25:59.301Z,173447795930100
"""timh @ IDAaB_gryp"" checks",2024-12-17T23:25:52.955Z,173447795295500
"River: 4♣, 2♥, A♥, 6♥ [4♥]",2024-12-17T23:25:49.406Z,173447794940600
"""Declan @ NsC2OJUPB3"" calls 0.30",2024-12-17T23:25:48.577Z,173447794857700
"""Hanley2 @ LXzsz8PhQN"" calls 0.30",2024-12-17T23:25:42.041Z,173447794204100
"""timh @ IDAaB_gryp"" bets 0.30",2024-12-17T23:25:40.080Z,173447794008000
"Turn: 4♣, 2♥, A♥ [6♥]",2024-12-17T23:25:35.989Z,173447793598900
"""Declan @ NsC2OJUPB3"" checks",2024-12-17T23:25:35.181Z,173447793518100
"""Hanley2 @ LXzsz8PhQN"" checks",2024-12-17T23:25:32.521Z,173447793252100
"""timh @ IDAaB_gryp"" checks",2024-12-17T23:25:30.685Z,173447793068500
"Flop:  [4♣, 2♥, A♥]",2024-12-17T23:25:28.783Z,173447792878300
"""Hanley2 @ LXzsz8PhQN"" checks",2024-12-17T23:25:27.967Z,173447792796700
"""timh @ IDAaB_gryp"" calls 0.20",2024-12-17T23:25:26.004Z,173447792600400
"""Declan @ NsC2OJUPB3"" calls 0.20",2024-12-17T23:25:24.942Z,173447792494200
"""Hanley2 @ LXzsz8PhQN"" posts a big blind of 0.20",2024-12-17T23:25:22.812Z,173447792281206
"""timh @ IDAaB_gryp"" posts a small blind of 0.10",2024-12-17T23:25:22.812Z,173447792281205
"Player stacks: #1 ""Hanley2 @ LXzsz8PhQN"" (53.06) | #2 ""Declan @ NsC2OJUPB3"" (14.85) | #10 ""timh @ IDAaB_gryp"" (18.00)",2024-12-17T23:25:22.812Z,173447792281201
"-- starting hand #299 (id: grdzxjvqzefp)  (No Limit Texas Hold'em) (dealer: ""Declan @ NsC2OJUPB3"") --",2024-12-17T23:25:22.812Z,173447792281200
"-- ending hand #298 --",2024-12-17T23:25:16.905Z,173447791690502
"""Hanley2 @ LXzsz8PhQN"" collected 3.30 from pot",2024-12-17T23:25:16.905Z,173447791690501
"Uncalled bet of 1.65 returned to ""Hanley2 @ LXzsz8PhQN""",2024-12-17T23:25:16.905Z,173447791690500
"""timh @ IDAaB_gryp"" folds",2024-12-17T23:25:16.082Z,173447791608200
"""Declan @ NsC2OJUPB3"" folds",2024-12-17T23:25:15.140Z,173447791514000
"""Hanley2 @ LXzsz8PhQN"" bets 1.65",2024-12-17T23:25:13.229Z,173447791322900
"""timh @ IDAaB_gryp"" checks",2024-12-17T23:25:09.956Z,173447790995600
"""Declan @ NsC2OJUPB3"" checks",2024-12-17T23:25:07.788Z,173447790778800
"Flop:  [3♣, 10♥, 3♥]",2024-12-17T23:25:04.634Z,173447790463400
"""timh @ IDAaB_gryp"" calls 1.10",2024-12-17T23:25:03.804Z,173447790380400
"""Declan @ NsC2OJUPB3"" calls 1.10",2024-12-17T23:25:02.746Z,173447790274600
"""Hanley2 @ LXzsz8PhQN"" raises to 1.10",2024-12-17T23:25:00.062Z,173447790006200
"""timh @ IDAaB_gryp"" posts a big blind of 0.20",2024-12-17T23:24:52.510Z,173447789251006
"""Declan @ NsC2OJUPB3"" posts a small blind of 0.10",2024-12-17T23:24:52.510Z,173447789251005
"Player stacks: #1 ""Hanley2 @ LXzsz8PhQN"" (50.86) | #2 ""Declan @ NsC2OJUPB3"" (15.95) | #10 ""timh @ IDAaB_gryp"" (19.10)",2024-12-17T23:24:52.510Z,173447789251001
"-- starting hand #298 (id: uwg90vc6bywa)  (No Limit Texas Hold'em) (dealer: ""Hanley2 @ LXzsz8PhQN"") --",2024-12-17T23:24:52.510Z,173447789251000
"-- ending hand #297 --",2024-12-17T23:24:46.559Z,173447788655902
"""timh @ IDAaB_gryp"" collected 10.10 from pot",2024-12-17T23:24:46.559Z,173447788655901
"Uncalled bet of 3.00 returned to ""timh @ IDAaB_gryp""",2024-12-17T23:24:46.559Z,173447788655900
"""Declan @ NsC2OJUPB3"" folds",2024-12-17T23:24:45.718Z,173447788571800
"""timh @ IDAaB_gryp"" raises to 6.00",2024-12-17T23:24:43.039Z,173447788303900
"""Declan @ NsC2OJUPB3"" bets 3.00",2024-12-17T23:24:39.503Z,173447787950300
"Flop:  [J♦, 3♠, J♥]",2024-12-17T23:24:32.612Z,173447787261200
"""timh @ IDAaB_gryp"" calls 2.00",2024-12-17T23:24:31.801Z,173447787180100
"""Declan @ NsC2OJUPB3"" raises to 2.00",2024-12-17T23:24:26.325Z,173447786632500
"""Hanley2 @ LXzsz8PhQN"" folds",2024-12-17T23:24:20.846Z,173447786084600
"""timh @ IDAaB_gryp"" raises to 0.40",2024-12-17T23:24:16.566Z,173447785656600
"""Declan @ NsC2OJUPB3"" posts a big blind of 0.20",2024-12-17T23:24:12.174Z,173447785217407
"""Hanley2 @ LXzsz8PhQN"" posts a small blind of 0.10",2024-12-17T23:24:12.174Z,173447785217406
"Player stacks: #1 ""Hanley2 @ LXzsz8PhQN"" (50.96) | #2 ""Declan @ NsC2OJUPB3"" (20.95) | #10 ""timh @ IDAaB_gryp"" (14.00)",2024-12-17T23:24:12.174Z,173447785217402
"-- starting hand #297 (id: gm5vyhfz0txh)  (No Limit Texas Hold'em) (dealer: ""timh @ IDAaB_gryp"") --",2024-12-17T23:24:12.174Z,173447785217401
"The player ""Spence @ cbvju-2iMm"" stand up with the stack of 118.51.",2024-12-17T23:24:12.174Z,173447785217400
"-- ending hand #296 --",2024-12-17T23:24:06.253Z,173447784625302
"""Declan @ NsC2OJUPB3"" collected 3.20 from pot",2024-12-17T23:24:06.253Z,173447784625301
"Uncalled bet of 1.00 returned to ""Declan @ NsC2OJUPB3""",2024-12-17T23:24:06.253Z,173447784625300
"""timh @ IDAaB_gryp"" folds",2024-12-17T23:24:05.432Z,173447784543200
"""Declan @ NsC2OJUPB3"" bets 1.00",2024-12-17T23:24:04.354Z,173447784435400
"""timh @ IDAaB_gryp"" checks",2024-12-17T23:24:00.215Z,173447784021500
"Flop:  [2♦, Q♦, J♠]",2024-12-17T23:23:58.085Z,173447783808500
"""Hanley2 @ LXzsz8PhQN"" folds",2024-12-17T23:23:57.254Z,173447783725400
"""timh @ IDAaB_gryp"" calls 1.50",2024-12-17T23:23:56.250Z,173447783625000
"""Spence @ cbvju-2iMm"" folds",2024-12-17T23:23:50.236Z,173447783023600
"""Declan @ NsC2OJUPB3"" raises to 1.50",2024-12-17T23:23:43.590Z,173447782359000
"""Hanley2 @ LXzsz8PhQN"" posts a big blind of 0.20",2024-12-17T23:23:39.305Z,173447781930508
"""timh @ IDAaB_gryp"" posts a small blind of 0.10",2024-12-17T23:23:39.305Z,173447781930507
"Player stacks: #1 ""Hanley2 @ LXzsz8PhQN"" (51.16) | #2 ""Declan @ NsC2OJUPB3"" (19.25) | #4 ""Spence @ cbvju-2iMm"" (118.51) | #10 ""timh @ IDAaB_gryp"" (15.50)",2024-12-17T23:23:39.305Z,173447781930502
"-- starting hand #296 (id: x5hpx3swajkf)  (No Limit Texas Hold'em) (dead button) --",2024-12-17T23:23:39.305Z,173447781930501
"The player ""Kevin @ tbjpqIQSOB"" quits the game with a stack of 0.00.",2024-12-17T23:23:39.305Z,173447781930500
"-- ending hand #295 --",2024-12-17T23:23:33.295Z,173447781329503
"""Kevin @ tbjpqIQSOB"" shows a 6♠, A♥.",2024-12-17T23:23:33.295Z,173447781329502
"""Spence @ cbvju-2iMm"" collected 46.00 from pot with Full House, 4's over 6's (combination: 4♦, 4♥, 4♠, 6♦, 6♣)",2024-12-17T23:23:33.295Z,173447781329501
"""Spence @ cbvju-2iMm"" shows a 4♦, 4♥.",2024-12-17T23:23:33.295Z,173447781329500
"""Spence @ cbvju-2iMm"" calls 17.84",2024-12-17T23:23:32.457Z,173447781245700
"""Kevin @ tbjpqIQSOB"" raises to 17.84 and go all in",2024-12-17T23:23:31.528Z,173447781152800
"""Spence @ cbvju-2iMm"" bets 7.74",2024-12-17T23:23:25.613Z,173447780561300
"""Kevin @ tbjpqIQSOB"" checks",2024-12-17T23:23:22.782Z,173447780278200
"River: 7♣, 6♦, 6♣, 4♠ [2♥]",2024-12-17T23:23:21.003Z,173447780100300
"""Kevin @ tbjpqIQSOB"" calls 2.66",2024-12-17T23:23:20.172Z,173447780017200
"""Spence @ cbvju-2iMm"" bets 2.66",2024-12-17T23:23:14.944Z,173447779494400
"""Kevin @ tbjpqIQSOB"" checks",2024-12-17T23:23:02.808Z,173447778280800
"Turn: 7♣, 6♦, 6♣ [4♠]",2024-12-17T23:23:01.246Z,173447778124600
"""Declan @ NsC2OJUPB3"" folds",2024-12-17T23:23:00.420Z,173447778042000
"""Kevin @ tbjpqIQSOB"" calls 1.50",2024-12-17T23:22:59.540Z,173447777954000
"""Spence @ cbvju-2iMm"" bets 1.50",2024-12-17T23:22:56.171Z,173447777617100
"""Declan @ NsC2OJUPB3"" checks",2024-12-17T23:22:52.544Z,173447777254400
"""Kevin @ tbjpqIQSOB"" checks",2024-12-17T23:22:51.083Z,173447777108300
"Flop:  [7♣, 6♦, 6♣]",2024-12-17T23:22:48.503Z,173447776850300
"""Spence @ cbvju-2iMm"" calls 0.60",2024-12-17T23:22:47.646Z,173447776764600
"""Declan @ NsC2OJUPB3"" calls 0.60",2024-12-17T23:22:43.924Z,173447776392400
"""timh @ IDAaB_gryp"" folds",2024-12-17T23:22:42.574Z,173447776257400
"""Kevin @ tbjpqIQSOB"" raises to 0.60",2024-12-17T23:22:37.216Z,173447775721600
"""Spence @ cbvju-2iMm"" calls 0.20",2024-12-17T23:22:35.069Z,173447775506900
"""Declan @ NsC2OJUPB3"" calls 0.20",2024-12-17T23:22:31.563Z,173447775156300
"""Hanley2 @ LXzsz8PhQN"" folds",2024-12-17T23:22:30.060Z,173447775006000
"""timh @ IDAaB_gryp"" posts a big blind of 0.20",2024-12-17T23:22:27.744Z,173447774774409
"""Kevin @ tbjpqIQSOB"" posts a small blind of 0.10",2024-12-17T23:22:27.744Z,173447774774408
"Player stacks: #1 ""Hanley2 @ LXzsz8PhQN"" (51.16) | #2 ""Declan @ NsC2OJUPB3"" (19.85) | #4 ""Spence @ cbvju-2iMm"" (95.11) | #6 ""Kevin @ tbjpqIQSOB"" (22.60) | #10 ""timh @ IDAaB_gryp"" (15.70)",2024-12-17T23:22:27.744Z,173447774774402
"-- starting hand #295 (id: cvkadwaiwifl)  (No Limit Texas Hold'em) (dealer: ""Spence @ cbvju-2iMm"") --",2024-12-17T23:22:27.744Z,173447774774401
"The player ""willdevens @ sVfd-WUsjU"" quits the game with a stack of 55.86.",2024-12-17T23:22:27.744Z,173447774774400
"""willdevens @ sVfd-WUsjU"" shows a 6♣, K♥.",2024-12-17T23:22:21.601Z,173447774160100
"-- ending hand #294 --",2024-12-17T23:22:21.136Z,173447774113602
"""willdevens @ sVfd-WUsjU"" collected 28.80 from pot",2024-12-17T23:22:21.136Z,173447774113601
"Uncalled bet of 27.06 returned to ""willdevens @ sVfd-WUsjU""",2024-12-17T23:22:21.136Z,173447774113600
"""Hanley2 @ LXzsz8PhQN"" folds",2024-12-17T23:22:20.280Z,173447774028000
"""willdevens @ sVfd-WUsjU"" bets 27.06 and go all in",2024-12-17T23:21:53.080Z,173447771308000
"Turn: 8♦, 8♠, 10♥ [5♥]",2024-12-17T23:21:47.868Z,173447770786800
"""Hanley2 @ LXzsz8PhQN"" calls 7.50",2024-12-17T23:21:47.012Z,173447770701200
"""willdevens @ sVfd-WUsjU"" bets 7.50",2024-12-17T23:21:40.223Z,173447770022300
"Flop:  [8♦, 8♠, 10♥]",2024-12-17T23:21:35.853Z,173447769585300
"""Spence @ cbvju-2iMm"" folds",2024-12-17T23:21:34.988Z,173447769498800
"""Declan @ NsC2OJUPB3"" folds",2024-12-17T23:21:33.797Z,173447769379700
"""Hanley2 @ LXzsz8PhQN"" calls 5.50",2024-12-17T23:21:31.445Z,173447769144500
"""willdevens @ sVfd-WUsjU"" raises to 5.50",2024-12-17T23:21:28.154Z,173447768815400
"""Kevin @ tbjpqIQSOB"" folds",2024-12-17T23:21:25.676Z,173447768567600
"""Spence @ cbvju-2iMm"" calls 1.30",2024-12-17T23:21:20.161Z,173447768016100
"""Declan @ NsC2OJUPB3"" calls 1.30",2024-12-17T23:21:18.964Z,173447767896400
"""Hanley2 @ LXzsz8PhQN"" raises to 1.30",2024-12-17T23:21:12.304Z,173447767230400
"""timh @ IDAaB_gryp"" folds",2024-12-17T23:21:06.025Z,173447766602500
"""willdevens @ sVfd-WUsjU"" posts a straddle of 0.40",2024-12-17T23:21:05.025Z,173447766502510
"""Kevin @ tbjpqIQSOB"" posts a big blind of 0.20",2024-12-17T23:21:05.025Z,173447766502509
"""Spence @ cbvju-2iMm"" posts a small blind of 0.10",2024-12-17T23:21:05.025Z,173447766502508
"Player stacks: #1 ""Hanley2 @ LXzsz8PhQN"" (64.16) | #2 ""Declan @ NsC2OJUPB3"" (21.15) | #4 ""Spence @ cbvju-2iMm"" (96.41) | #6 ""Kevin @ tbjpqIQSOB"" (22.80) | #8 ""willdevens @ sVfd-WUsjU"" (40.06) | #10 ""timh @ IDAaB_gryp"" (15.70)",2024-12-17T23:21:05.025Z,173447766502501
"-- starting hand #294 (id: txikyepscs7j)  (No Limit Texas Hold'em) (dealer: ""Declan @ NsC2OJUPB3"") --",2024-12-17T23:21:05.025Z,173447766502500
"-- ending hand #293 --",2024-12-17T23:21:02.091Z,173447766209102
"""Hanley2 @ LXzsz8PhQN"" collected 7.50 from pot",2024-12-17T23:21:02.091Z,173447766209101
"Uncalled bet of 5.95 returned to ""Hanley2 @ LXzsz8PhQN""",2024-12-17T23:21:02.091Z,173447766209100
"""timh @ IDAaB_gryp"" folds",2024-12-17T23:21:01.280Z,173447766128000
"""Kevin @ tbjpqIQSOB"" folds",2024-12-17T23:21:00.100Z,173447766010000
"""Hanley2 @ LXzsz8PhQN"" bets 5.95",2024-12-17T23:20:59.006Z,173447765900600
"""timh @ IDAaB_gryp"" checks",2024-12-17T23:20:47.859Z,173447764785900
"""Kevin @ tbjpqIQSOB"" checks",2024-12-17T23:20:45.990Z,173447764599000
"River: 6♥, 7♣, 2♥, Q♦ [8♥]",2024-12-17T23:20:41.379Z,173447764137900
"""Kevin @ tbjpqIQSOB"" calls 1.50",2024-12-17T23:20:40.560Z,173447764056000
"""Spence @ cbvju-2iMm"" folds",2024-12-17T23:20:38.785Z,173447763878500
"""Declan @ NsC2OJUPB3"" folds",2024-12-17T23:20:37.833Z,173447763783300
"""Hanley2 @ LXzsz8PhQN"" calls 1.50",2024-12-17T23:20:33.887Z,173447763388700
"""timh @ IDAaB_gryp"" bets 1.50",2024-12-17T23:20:32.392Z,173447763239200
"""Kevin @ tbjpqIQSOB"" checks",2024-12-17T23:20:29.401Z,173447762940100
"""Spence @ cbvju-2iMm"" checks",2024-12-17T23:20:28.480Z,173447762848000
"""Declan @ NsC2OJUPB3"" checks",2024-12-17T23:20:26.800Z,173447762680000
"Turn: 6♥, 7♣, 2♥ [Q♦]",2024-12-17T23:20:23.447Z,173447762344700
"""Spence @ cbvju-2iMm"" calls 0.40",2024-12-17T23:20:22.633Z,173447762263300
"""Declan @ NsC2OJUPB3"" calls 0.40",2024-12-17T23:20:20.995Z,173447762099500
"""Hanley2 @ LXzsz8PhQN"" calls 0.40",2024-12-17T23:20:14.976Z,173447761497600
"""timh @ IDAaB_gryp"" calls 0.40",2024-12-17T23:20:12.967Z,173447761296700
"""Kevin @ tbjpqIQSOB"" bets 0.40",2024-12-17T23:20:11.471Z,173447761147100
"""Spence @ cbvju-2iMm"" checks",2024-12-17T23:20:05.956Z,173447760595600
"""Declan @ NsC2OJUPB3"" checks",2024-12-17T23:20:01.569Z,173447760156900
"Flop:  [6♥, 7♣, 2♥]",2024-12-17T23:19:58.741Z,173447759874100
"""Spence @ cbvju-2iMm"" checks",2024-12-17T23:19:57.938Z,173447759793800
"""Declan @ NsC2OJUPB3"" calls 0.20",2024-12-17T23:19:56.993Z,173447759699300
"""Hanley2 @ LXzsz8PhQN"" calls 0.20",2024-12-17T23:19:55.267Z,173447759526700
"""timh @ IDAaB_gryp"" calls 0.20",2024-12-17T23:19:54.250Z,173447759425000
"""willdevens @ sVfd-WUsjU"" folds",2024-12-17T23:19:43.594Z,173447758359400
"""Kevin @ tbjpqIQSOB"" calls 0.20",2024-12-17T23:19:42.675Z,173447758267500
"""Spence @ cbvju-2iMm"" posts a big blind of 0.20",2024-12-17T23:19:40.775Z,173447758077509
"""Declan @ NsC2OJUPB3"" posts a small blind of 0.10",2024-12-17T23:19:40.775Z,173447758077508
"Player stacks: #1 ""Hanley2 @ LXzsz8PhQN"" (58.76) | #2 ""Declan @ NsC2OJUPB3"" (21.75) | #4 ""Spence @ cbvju-2iMm"" (97.01) | #6 ""Kevin @ tbjpqIQSOB"" (24.90) | #8 ""willdevens @ sVfd-WUsjU"" (40.06) | #10 ""timh @ IDAaB_gryp"" (17.80)",2024-12-17T23:19:40.775Z,173447758077501
"-- starting hand #293 (id: gmjrdfbjkiuv)  (No Limit Texas Hold'em) (dealer: ""Hanley2 @ LXzsz8PhQN"") --",2024-12-17T23:19:40.775Z,173447758077500
"-- ending hand #292 --",2024-12-17T23:19:34.859Z,173447757485902
"""willdevens @ sVfd-WUsjU"" collected 4.10 from pot",2024-12-17T23:19:34.859Z,173447757485901
"Uncalled bet of 2.50 returned to ""willdevens @ sVfd-WUsjU""",2024-12-17T23:19:34.859Z,173447757485900
"""Declan @ NsC2OJUPB3"" folds",2024-12-17T23:19:33.982Z,173447757398200
"""willdevens @ sVfd-WUsjU"" bets 2.50",2024-12-17T23:19:31.940Z,173447757194000
"""Declan @ NsC2OJUPB3"" checks",2024-12-17T23:19:28.947Z,173447756894700
"Flop:  [A♥, K♦, 7♠]",2024-12-17T23:19:25.961Z,173447756596100
"""Declan @ NsC2OJUPB3"" calls 2.00",2024-12-17T23:19:25.145Z,173447756514500
"""Hanley2 @ LXzsz8PhQN"" folds",2024-12-17T23:19:20.712Z,173447756071200
"""timh @ IDAaB_gryp"" folds",2024-12-17T23:19:18.880Z,173447755888000
"""willdevens @ sVfd-WUsjU"" raises to 2.00",2024-12-17T23:19:17.747Z,173447755774700
"""Kevin @ tbjpqIQSOB"" folds",2024-12-17T23:19:14.742Z,173447755474200
"""Spence @ cbvju-2iMm"" folds",2024-12-17T23:19:13.797Z,173447755379700
"""Declan @ NsC2OJUPB3"" posts a big blind of 0.20",2024-12-17T23:19:11.260Z,173447755126010
"""Hanley2 @ LXzsz8PhQN"" posts a small blind of 0.10",2024-12-17T23:19:11.260Z,173447755126009
"Player stacks: #1 ""Hanley2 @ LXzsz8PhQN"" (58.86) | #2 ""Declan @ NsC2OJUPB3"" (23.75) | #4 ""Spence @ cbvju-2iMm"" (97.01) | #6 ""Kevin @ tbjpqIQSOB"" (24.90) | #8 ""willdevens @ sVfd-WUsjU"" (37.96) | #10 ""timh @ IDAaB_gryp"" (17.80)",2024-12-17T23:19:11.260Z,173447755126002
"-- starting hand #292 (id: rqi4dw2egoc7)  (No Limit Texas Hold'em) (dealer: ""timh @ IDAaB_gryp"") --",2024-12-17T23:19:11.260Z,173447755126001
"The player ""slick nick @ Ch6VcKk8xd"" stand up with the stack of 106.00.",2024-12-17T23:19:11.260Z,173447755126000
"-- ending hand #291 --",2024-12-17T23:19:05.341Z,173447754534102
"""willdevens @ sVfd-WUsjU"" collected 6.20 from pot",2024-12-17T23:19:05.341Z,173447754534101
"Uncalled bet of 3.50 returned to ""willdevens @ sVfd-WUsjU""",2024-12-17T23:19:05.341Z,173447754534100
"""Kevin @ tbjpqIQSOB"" folds",2024-12-17T23:19:04.493Z,173447754449300
"""timh @ IDAaB_gryp"" folds",2024-12-17T23:19:00.900Z,173447754090000
"""willdevens @ sVfd-WUsjU"" bets 3.50",2024-12-17T23:18:59.391Z,173447753939100
"""Kevin @ tbjpqIQSOB"" checks",2024-12-17T23:18:53.649Z,173447753364900
"""timh @ IDAaB_gryp"" checks",2024-12-17T23:18:52.633Z,173447753263300
"Flop:  [J♦, 4♣, 6♠]",2024-12-17T23:18:47.921Z,173447752792100
"""Kevin @ tbjpqIQSOB"" calls 2.00",2024-12-17T23:18:47.082Z,173447752708200
"""Hanley2 @ LXzsz8PhQN"" folds",2024-12-17T23:18:44.367Z,173447752436700
"""timh @ IDAaB_gryp"" calls 2.00",2024-12-17T23:18:40.133Z,173447752013300
"""willdevens @ sVfd-WUsjU"" raises to 2.00",2024-12-17T23:18:33.885Z,173447751388500
"""slick nick @ Ch6VcKk8xd"" folds",2024-12-17T23:18:30.463Z,173447751046300
"""Kevin @ tbjpqIQSOB"" raises to 0.60",2024-12-17T23:18:29.589Z,173447750958900
"""Spence @ cbvju-2iMm"" folds",2024-12-17T23:18:26.528Z,173447750652800
"""Declan @ NsC2OJUPB3"" folds",2024-12-17T23:18:25.072Z,173447750507200
"""Hanley2 @ LXzsz8PhQN"" posts a big blind of 0.20",2024-12-17T23:18:23.321Z,173447750332110
"""timh @ IDAaB_gryp"" posts a small blind of 0.10",2024-12-17T23:18:23.321Z,173447750332109
"Player stacks: #1 ""Hanley2 @ LXzsz8PhQN"" (59.06) | #2 ""Declan @ NsC2OJUPB3"" (23.75) | #4 ""Spence @ cbvju-2iMm"" (97.01) | #6 ""Kevin @ tbjpqIQSOB"" (26.90) | #7 ""slick nick @ Ch6VcKk8xd"" (106.00) | #8 ""willdevens @ sVfd-WUsjU"" (33.76) | #10 ""timh @ IDAaB_gryp"" (19.80)",2024-12-17T23:18:23.321Z,173447750332101
"-- starting hand #291 (id: ve5kyzbqypk1)  (No Limit Texas Hold'em) (dealer: ""willdevens @ sVfd-WUsjU"") --",2024-12-17T23:18:23.321Z,173447750332100
"""slick nick @ Ch6VcKk8xd"" shows a 7♥, J♥.",2024-12-17T23:18:20.653Z,173447750065300
"-- ending hand #290 --",2024-12-17T23:18:19.714Z,173447749971402
"""slick nick @ Ch6VcKk8xd"" collected 13.40 from pot",2024-12-17T23:18:19.714Z,173447749971401
"Uncalled bet of 10.05 returned to ""slick nick @ Ch6VcKk8xd""",2024-12-17T23:18:19.714Z,173447749971400
"""Declan @ NsC2OJUPB3"" folds",2024-12-17T23:18:18.869Z,173447749886900
"""slick nick @ Ch6VcKk8xd"" bets 10.05",2024-12-17T23:18:14.784Z,173447749478400
"""Declan @ NsC2OJUPB3"" checks",2024-12-17T23:18:09.597Z,173447748959700
"River: 9♥, 8♠, 7♠, 4♦ [2♥]",2024-12-17T23:18:05.289Z,173447748528900
"""Declan @ NsC2OJUPB3"" calls 3.35",2024-12-17T23:18:04.426Z,173447748442600
"""slick nick @ Ch6VcKk8xd"" bets 3.35",2024-12-17T23:17:54.156Z,173447747415600
"""Declan @ NsC2OJUPB3"" checks",2024-12-17T23:17:48.412Z,173447746841200
"Turn: 9♥, 8♠, 7♠ [4♦]",2024-12-17T23:17:41.642Z,173447746164200
"""slick nick @ Ch6VcKk8xd"" calls 1.70",2024-12-17T23:17:40.794Z,173447746079400
"""Declan @ NsC2OJUPB3"" bets 1.70",2024-12-17T23:17:39.470Z,173447745947000
"Flop:  [9♥, 8♠, 7♠]",2024-12-17T23:17:31.434Z,173447745143400
"""timh @ IDAaB_gryp"" folds",2024-12-17T23:17:30.609Z,173447745060900
"""willdevens @ sVfd-WUsjU"" folds",2024-12-17T23:17:29.646Z,173447744964600
"""slick nick @ Ch6VcKk8xd"" calls 1.50",2024-12-17T23:17:28.724Z,173447744872400
"""Kevin @ tbjpqIQSOB"" folds",2024-12-17T23:17:26.093Z,173447744609300
"""Spence @ cbvju-2iMm"" folds",2024-12-17T23:17:25.181Z,173447744518100
"""Declan @ NsC2OJUPB3"" raises to 1.50",2024-12-17T23:17:24.298Z,173447744429800
"""Hanley2 @ LXzsz8PhQN"" folds",2024-12-17T23:17:20.849Z,173447744084900
"""timh @ IDAaB_gryp"" posts a big blind of 0.20",2024-12-17T23:17:17.784Z,173447743778411
"""willdevens @ sVfd-WUsjU"" posts a small blind of 0.10",2024-12-17T23:17:17.784Z,173447743778410
"Player stacks: #1 ""Hanley2 @ LXzsz8PhQN"" (59.06) | #2 ""Declan @ NsC2OJUPB3"" (30.30) | #4 ""Spence @ cbvju-2iMm"" (97.01) | #6 ""Kevin @ tbjpqIQSOB"" (26.90) | #7 ""slick nick @ Ch6VcKk8xd"" (99.15) | #8 ""willdevens @ sVfd-WUsjU"" (33.86) | #10 ""timh @ IDAaB_gryp"" (20.00)",2024-12-17T23:17:17.784Z,173447743778402
"-- starting hand #290 (id: e0ffr0gngvdd)  (No Limit Texas Hold'em) (dealer: ""slick nick @ Ch6VcKk8xd"") --",2024-12-17T23:17:17.784Z,173447743778401
"The player ""timh @ IDAaB_gryp"" joined the game with a stack of 20.00.",2024-12-17T23:17:17.784Z,173447743778400
"-- ending hand #289 --",2024-12-17T23:17:09.768Z,173447742976804
"""slick nick @ Ch6VcKk8xd"" collected 13.45 from pot with Two Pair, K's & 7's on the second run  (combination: K♣, K♠, 7♥, 7♠, A♣)",2024-12-17T23:17:09.768Z,173447742976803
"""Kevin @ tbjpqIQSOB"" collected 13.45 from pot with Two Pair, K's & 7's on the second run  (combination: K♦, K♠, 7♥, 7♠, A♣)",2024-12-17T23:17:09.768Z,173447742976802
"""slick nick @ Ch6VcKk8xd"" collected 13.45 from pot with Full House, K's over 7's (combination: K♣, K♠, K♥, 7♥, 7♠)",2024-12-17T23:17:09.768Z,173447742976801
"""Kevin @ tbjpqIQSOB"" collected 13.45 from pot with Full House, K's over 7's (combination: K♦, K♠, K♥, 7♥, 7♠)",2024-12-17T23:17:09.768Z,173447742976800
"River (second run): 7♥, 7♠, K♠, 8♠ [A♣]",2024-12-17T23:17:05.758Z,173447742575800
"Turn (second run): 7♥, 7♠, K♠ [8♠]",2024-12-17T23:17:01.752Z,173447742175200
"River: 7♥, 7♠, K♠, 10♥ [K♥]",2024-12-17T23:16:57.746Z,173447741774600
"Turn: 7♥, 7♠, K♠ [10♥]",2024-12-17T23:16:53.689Z,173447741368900
"""slick nick @ Ch6VcKk8xd"" shows a 5♣, K♣.",2024-12-17T23:16:49.677Z,173447740967701
"""Kevin @ tbjpqIQSOB"" shows a 9♦, K♦.",2024-12-17T23:16:49.677Z,173447740967700
"All players in hand choose to run it twice.",2024-12-17T23:16:48.814Z,173447740881401
"""Kevin @ tbjpqIQSOB"" chooses to  run it twice.",2024-12-17T23:16:48.814Z,173447740881400
"""slick nick @ Ch6VcKk8xd"" chooses to  run it twice.",2024-12-17T23:16:47.849Z,173447740784900
"Remaining players decide whether to run it twice.",2024-12-17T23:16:46.984Z,173447740698401
"""Spence @ cbvju-2iMm"" folds",2024-12-17T23:16:46.984Z,173447740698400
"""Declan @ NsC2OJUPB3"" folds",2024-12-17T23:16:45.003Z,173447740500300
"""slick nick @ Ch6VcKk8xd"" calls 16.80",2024-12-17T23:16:42.972Z,173447740297200
"""Kevin @ tbjpqIQSOB"" bets 16.80 and go all in",2024-12-17T23:16:38.695Z,173447739869500
"""Spence @ cbvju-2iMm"" checks",2024-12-17T23:16:35.690Z,173447739569000
"""Declan @ NsC2OJUPB3"" checks",2024-12-17T23:16:34.493Z,173447739449300
"""slick nick @ Ch6VcKk8xd"" checks",2024-12-17T23:16:31.341Z,173447739134100
"Flop:  [7♥, 7♠, K♠]",2024-12-17T23:16:26.061Z,173447738606100
"""slick nick @ Ch6VcKk8xd"" calls 5.00",2024-12-17T23:16:25.248Z,173447738524800
"The admin approved the player ""timh @ IDAaB_gryp"" participation with a stack of 20.00.",2024-12-17T23:16:16.482Z,173447737648200
"""Kevin @ tbjpqIQSOB"" calls 5.00",2024-12-17T23:16:02.224Z,173447736222400
"""Spence @ cbvju-2iMm"" calls 5.00",2024-12-17T23:16:00.563Z,173447736056300
"""Declan @ NsC2OJUPB3"" raises to 5.00",2024-12-17T23:15:57.251Z,173447735725100
"""willdevens @ sVfd-WUsjU"" folds",2024-12-17T23:15:40.809Z,173447734080900
"""slick nick @ Ch6VcKk8xd"" calls 2.80",2024-12-17T23:15:39.879Z,173447733987900
"""Kevin @ tbjpqIQSOB"" raises to 2.80",2024-12-17T23:15:37.865Z,173447733786500
"The player ""timh @ IDAaB_gryp"" requested a seat.",2024-12-17T23:15:37.401Z,173447733740100
"""Spence @ cbvju-2iMm"" calls 1.50",2024-12-17T23:15:35.710Z,173447733571000
"""Declan @ NsC2OJUPB3"" raises to 1.50",2024-12-17T23:15:33.743Z,173447733374300
"""Hanley2 @ LXzsz8PhQN"" folds",2024-12-17T23:15:30.088Z,173447733008800
"""willdevens @ sVfd-WUsjU"" posts a big blind of 0.20",2024-12-17T23:15:27.718Z,173447732771811
"""slick nick @ Ch6VcKk8xd"" posts a small blind of 0.10",2024-12-17T23:15:27.718Z,173447732771810
"Player stacks: #1 ""Hanley2 @ LXzsz8PhQN"" (59.06) | #2 ""Declan @ NsC2OJUPB3"" (35.30) | #4 ""Spence @ cbvju-2iMm"" (102.01) | #6 ""Kevin @ tbjpqIQSOB"" (21.80) | #7 ""slick nick @ Ch6VcKk8xd"" (94.05) | #8 ""willdevens @ sVfd-WUsjU"" (34.06)",2024-12-17T23:15:27.718Z,173447732771803
"-- starting hand #289 (id: tiwbmlgmwo0q)  (No Limit Texas Hold'em) (dealer: ""Kevin @ tbjpqIQSOB"") --",2024-12-17T23:15:27.718Z,173447732771802
"The player ""Davis @ MxiH63B6Pl"" quits the game with a stack of 0.00.",2024-12-17T23:15:27.718Z,173447732771801
"The player ""timh @ IDAaB_gryp"" quits the game with a stack of 0.00.",2024-12-17T23:15:27.718Z,173447732771800
"-- ending hand #288 --",2024-12-17T23:15:21.706Z,173447732170602
"""slick nick @ Ch6VcKk8xd"" collected 21.50 from pot with Three of a Kind, A's (combination: A♣, A♦, A♠, K♣, 7♥)",2024-12-17T23:15:21.706Z,173447732170601
"""slick nick @ Ch6VcKk8xd"" collected 34.77 from pot with Three of a Kind, A's (combination: A♣, A♦, A♠, K♣, 7♥)",2024-12-17T23:15:21.706Z,173447732170600
"River: 7♥, 2♣, 6♠, K♣ [A♠]",2024-12-17T23:15:17.671Z,173447731767100
"Turn: 7♥, 2♣, 6♠ [K♣]",2024-12-17T23:15:13.614Z,173447731361400
"""Davis @ MxiH63B6Pl"" shows a 8♦, 8♣.",2024-12-17T23:15:09.550Z,173447730955002
"""slick nick @ Ch6VcKk8xd"" shows a A♣, A♦.",2024-12-17T23:15:09.550Z,173447730955001
"""timh @ IDAaB_gryp"" shows a Q♣, J♦.",2024-12-17T23:15:09.550Z,173447730955000
"Some players choose to not run it twice.",2024-12-17T23:15:08.719Z,173447730871901
"""slick nick @ Ch6VcKk8xd"" chooses to not run it twice.",2024-12-17T23:15:08.719Z,173447730871900
"""timh @ IDAaB_gryp"" chooses to  run it twice.",2024-12-17T23:15:08.516Z,173447730851600
"""Davis @ MxiH63B6Pl"" chooses to  run it twice.",2024-12-17T23:15:07.708Z,173447730770800
"Remaining players decide whether to run it twice.",2024-12-17T23:15:06.944Z,173447730694401
"""Davis @ MxiH63B6Pl"" calls 14.48 and go all in",2024-12-17T23:15:06.944Z,173447730694400
"""slick nick @ Ch6VcKk8xd"" raises to 14.48",2024-12-17T23:15:02.623Z,173447730262300
"""Kevin @ tbjpqIQSOB"" folds",2024-12-17T23:15:00.232Z,173447730023200
"""timh @ IDAaB_gryp"" calls 3.73 and go all in",2024-12-17T23:14:58.680Z,173447729868000
"""Davis @ MxiH63B6Pl"" bets 8.00",2024-12-17T23:14:56.583Z,173447729658300
"""slick nick @ Ch6VcKk8xd"" checks",2024-12-17T23:14:43.946Z,173447728394600
"""Kevin @ tbjpqIQSOB"" checks",2024-12-17T23:14:40.878Z,173447728087800
"Flop:  [7♥, 2♣, 6♠]",2024-12-17T23:14:38.093Z,173447727809300
"""Kevin @ tbjpqIQSOB"" calls 5.52",2024-12-17T23:14:37.281Z,173447727728100
"""Spence @ cbvju-2iMm"" folds",2024-12-17T23:14:35.259Z,173447727525900
"""timh @ IDAaB_gryp"" calls 5.52",2024-12-17T23:14:34.313Z,173447727431300
"""Davis @ MxiH63B6Pl"" calls 5.52",2024-12-17T23:14:31.682Z,173447727168200
"""willdevens @ sVfd-WUsjU"" folds",2024-12-17T23:14:10.826Z,173447725082600
"""slick nick @ Ch6VcKk8xd"" raises to 5.52",2024-12-17T23:14:09.529Z,173447724952900
"""Kevin @ tbjpqIQSOB"" calls 1.10",2024-12-17T23:14:03.496Z,173447724349600
"""Spence @ cbvju-2iMm"" calls 1.10",2024-12-17T23:13:58.763Z,173447723876300
"""timh @ IDAaB_gryp"" calls 1.10",2024-12-17T23:13:53.486Z,173447723348600
"""Declan @ NsC2OJUPB3"" folds",2024-12-17T23:13:52.540Z,173447723254000
"""Hanley2 @ LXzsz8PhQN"" folds",2024-12-17T23:13:51.599Z,173447723159900
"""Davis @ MxiH63B6Pl"" raises to 1.10",2024-12-17T23:13:44.405Z,173447722440500
"""willdevens @ sVfd-WUsjU"" posts a straddle of 0.40",2024-12-17T23:13:39.836Z,173447721983612
"""slick nick @ Ch6VcKk8xd"" posts a big blind of 0.20",2024-12-17T23:13:39.836Z,173447721983611
"""Kevin @ tbjpqIQSOB"" posts a small blind of 0.10",2024-12-17T23:13:39.836Z,173447721983610
"Player stacks: #1 ""Hanley2 @ LXzsz8PhQN"" (59.06) | #2 ""Declan @ NsC2OJUPB3"" (35.30) | #3 ""timh @ IDAaB_gryp"" (9.25) | #4 ""Spence @ cbvju-2iMm"" (103.11) | #6 ""Kevin @ tbjpqIQSOB"" (27.32) | #7 ""slick nick @ Ch6VcKk8xd"" (57.78) | #8 ""willdevens @ sVfd-WUsjU"" (34.46) | #10 ""Davis @ MxiH63B6Pl"" (20.00)",2024-12-17T23:13:39.836Z,173447721983601
"-- starting hand #288 (id: bjepakz6swgp)  (No Limit Texas Hold'em) (dealer: ""Spence @ cbvju-2iMm"") --",2024-12-17T23:13:39.836Z,173447721983600
"-- ending hand #287 --",2024-12-17T23:13:31.784Z,173447721178402
"""willdevens @ sVfd-WUsjU"" collected 27.32 from pot with Straight, J High on the second run  (combination: J♠, 10♣, 9♠, 8♣, 7♥)",2024-12-17T23:13:31.784Z,173447721178401
"""Kevin @ tbjpqIQSOB"" collected 27.32 from pot with Two Pair, 10's & 7's (combination: 10♥, 10♣, 7♦, 7♥, 9♥)",2024-12-17T23:13:31.784Z,173447721178400
"River (second run): 9♥, 7♥, 10♣, J♠ [4♠]",2024-12-17T23:13:27.779Z,173447720777900
"Turn (second run): 9♥, 7♥, 10♣ [J♠]",2024-12-17T23:13:23.760Z,173447720376000
"River: 9♥, 7♥, 10♣, 3♦ [3♣]",2024-12-17T23:13:19.757Z,173447719975700
"Turn: 9♥, 7♥, 10♣ [3♦]",2024-12-17T23:13:15.744Z,173447719574400
"""Kevin @ tbjpqIQSOB"" shows a 10♥, 7♦.",2024-12-17T23:13:11.695Z,173447719169501
"Uncalled bet of 7.14 returned to ""willdevens @ sVfd-WUsjU""",2024-12-17T23:13:11.695Z,173447719169500
"""willdevens @ sVfd-WUsjU"" shows a 9♠, 8♣.",2024-12-17T23:13:11.383Z,173447719138300
"All players in hand choose to run it twice.",2024-12-17T23:13:10.852Z,173447719085201
"""willdevens @ sVfd-WUsjU"" chooses to  run it twice.",2024-12-17T23:13:10.852Z,173447719085200
"""Kevin @ tbjpqIQSOB"" chooses to  run it twice.",2024-12-17T23:13:10.261Z,173447719026100
"Remaining players decide whether to run it twice.",2024-12-17T23:13:09.041Z,173447718904101
"""slick nick @ Ch6VcKk8xd"" folds",2024-12-17T23:13:09.041Z,173447718904100
"""Kevin @ tbjpqIQSOB"" calls 24.42 and go all in",2024-12-17T23:13:04.695Z,173447718469500
"""Spence @ cbvju-2iMm"" folds",2024-12-17T23:13:03.762Z,173447718376200
"""willdevens @ sVfd-WUsjU"" bets 31.56 and go all in",2024-12-17T23:12:58.003Z,173447717800300
"""slick nick @ Ch6VcKk8xd"" checks",2024-12-17T23:12:53.844Z,173447717384400
"""Kevin @ tbjpqIQSOB"" checks",2024-12-17T23:12:51.923Z,173447717192300
"""Spence @ cbvju-2iMm"" checks",2024-12-17T23:12:50.786Z,173447717078600
"Flop:  [9♥, 7♥, 10♣]",2024-12-17T23:12:43.844Z,173447716384400
"""timh @ IDAaB_gryp"" folds",2024-12-17T23:12:42.976Z,173447716297600
"""willdevens @ sVfd-WUsjU"" calls 1.40",2024-12-17T23:12:41.854Z,173447716185400
"""slick nick @ Ch6VcKk8xd"" calls 1.40",2024-12-17T23:12:40.958Z,173447716095800
"""Kevin @ tbjpqIQSOB"" calls 1.40",2024-12-17T23:12:38.868Z,173447715886800
"""Spence @ cbvju-2iMm"" raises to 1.40",2024-12-17T23:12:36.663Z,173447715666300
"""timh @ IDAaB_gryp"" calls 0.20",2024-12-17T23:12:31.827Z,173447715182700
"""Declan @ NsC2OJUPB3"" folds",2024-12-17T23:12:30.515Z,173447715051500
"""Hanley2 @ LXzsz8PhQN"" folds",2024-12-17T23:12:29.647Z,173447714964700
"""Davis @ MxiH63B6Pl"" folds",2024-12-17T23:12:28.631Z,173447714863100
"""willdevens @ sVfd-WUsjU"" calls 0.20",2024-12-17T23:12:20.205Z,173447714020500
"""slick nick @ Ch6VcKk8xd"" calls 0.20",2024-12-17T23:12:18.885Z,173447713888500
"""Kevin @ tbjpqIQSOB"" posts a big blind of 0.20",2024-12-17T23:12:11.327Z,173447713132711
"""Spence @ cbvju-2iMm"" posts a small blind of 0.10",2024-12-17T23:12:11.327Z,173447713132710
"Player stacks: #1 ""Hanley2 @ LXzsz8PhQN"" (59.06) | #2 ""Declan @ NsC2OJUPB3"" (35.30) | #3 ""timh @ IDAaB_gryp"" (9.45) | #4 ""Spence @ cbvju-2iMm"" (104.51) | #6 ""Kevin @ tbjpqIQSOB"" (25.82) | #7 ""slick nick @ Ch6VcKk8xd"" (59.18) | #8 ""willdevens @ sVfd-WUsjU"" (32.96) | #10 ""Davis @ MxiH63B6Pl"" (20.00)",2024-12-17T23:12:11.327Z,173447713132701
"-- starting hand #287 (id: muptgiqj7doo)  (No Limit Texas Hold'em) (dealer: ""timh @ IDAaB_gryp"") --",2024-12-17T23:12:11.327Z,173447713132700
"-- ending hand #286 --",2024-12-17T23:12:05.367Z,173447712536702
"""willdevens @ sVfd-WUsjU"" collected 0.70 from pot",2024-12-17T23:12:05.367Z,173447712536701
"Uncalled bet of 32.26 returned to ""willdevens @ sVfd-WUsjU""",2024-12-17T23:12:05.367Z,173447712536700
"""slick nick @ Ch6VcKk8xd"" folds",2024-12-17T23:12:04.537Z,173447712453700
"""Spence @ cbvju-2iMm"" folds",2024-12-17T23:12:03.672Z,173447712367200
"""willdevens @ sVfd-WUsjU"" bets 32.26 and go all in",2024-12-17T23:11:54.358Z,173447711435800
"""slick nick @ Ch6VcKk8xd"" checks",2024-12-17T23:11:49.080Z,173447710908000
"""Spence @ cbvju-2iMm"" checks",2024-12-17T23:11:45.679Z,173447710567900
"Flop:  [8♠, 9♣, 3♠]",2024-12-17T23:11:41.905Z,173447710190500
"""Spence @ cbvju-2iMm"" checks",2024-12-17T23:11:41.075Z,173447710107500
"""timh @ IDAaB_gryp"" folds",2024-12-17T23:11:39.051Z,173447709905100
"""Declan @ NsC2OJUPB3"" folds",2024-12-17T23:11:37.875Z,173447709787500
"""Hanley2 @ LXzsz8PhQN"" folds",2024-12-17T23:11:36.984Z,173447709698400
"""Davis @ MxiH63B6Pl"" folds",2024-12-17T23:11:32.761Z,173447709276100
"""willdevens @ sVfd-WUsjU"" calls 0.20",2024-12-17T23:11:31.851Z,173447709185100
"""slick nick @ Ch6VcKk8xd"" calls 0.20",2024-12-17T23:11:30.973Z,173447709097300
"""Kevin @ tbjpqIQSOB"" folds",2024-12-17T23:11:28.094Z,173447708809400
"""Spence @ cbvju-2iMm"" posts a big blind of 0.20",2024-12-17T23:11:26.783Z,173447708678311
"""timh @ IDAaB_gryp"" posts a small blind of 0.10",2024-12-17T23:11:26.783Z,173447708678310
"Player stacks: #1 ""Hanley2 @ LXzsz8PhQN"" (59.06) | #2 ""Declan @ NsC2OJUPB3"" (35.30) | #3 ""timh @ IDAaB_gryp"" (9.55) | #4 ""Spence @ cbvju-2iMm"" (104.71) | #6 ""Kevin @ tbjpqIQSOB"" (25.82) | #7 ""slick nick @ Ch6VcKk8xd"" (59.38) | #8 ""willdevens @ sVfd-WUsjU"" (32.46) | #10 ""Davis @ MxiH63B6Pl"" (20.00)",2024-12-17T23:11:26.783Z,173447708678301
"-- starting hand #286 (id: grfcl6nkkgjf)  (No Limit Texas Hold'em) (dealer: ""Declan @ NsC2OJUPB3"") --",2024-12-17T23:11:26.783Z,173447708678300
"-- ending hand #285 --",2024-12-17T23:11:20.773Z,173447708077302
"""slick nick @ Ch6VcKk8xd"" collected 19.17 from pot with Two Pair, 5's & 2's (combination: 5♦, 5♠, 2♦, 2♥, J♠)",2024-12-17T23:11:20.773Z,173447708077301
"""timh @ IDAaB_gryp"" collected 9.55 from pot with Three of a Kind, 2's (combination: 2♣, 2♦, 2♥, A♣, J♠)",2024-12-17T23:11:20.773Z,173447708077300
"River: 2♦, J♠, 2♥, 4♣ [3♥]",2024-12-17T23:11:16.762Z,173447707676200
"Turn: 2♦, J♠, 2♥ [4♣]",2024-12-17T23:11:12.749Z,173447707274900
"""slick nick @ Ch6VcKk8xd"" shows a 5♦, 5♠.",2024-12-17T23:11:08.708Z,173447706870802
"""timh @ IDAaB_gryp"" shows a 2♣, A♣.",2024-12-17T23:11:08.708Z,173447706870801
"Uncalled bet of 32.46 returned to ""slick nick @ Ch6VcKk8xd""",2024-12-17T23:11:08.708Z,173447706870800
"Some players choose to not run it twice.",2024-12-17T23:11:07.846Z,173447706784601
"""timh @ IDAaB_gryp"" chooses to not run it twice.",2024-12-17T23:11:07.846Z,173447706784600
"Remaining players decide whether to run it twice.",2024-12-17T23:11:06.256Z,173447706625601
"""willdevens @ sVfd-WUsjU"" folds",2024-12-17T23:11:06.256Z,173447706625600
"""slick nick @ Ch6VcKk8xd"" raises to 39.96",2024-12-17T23:10:59.505Z,173447705950500
"""Kevin @ tbjpqIQSOB"" folds",2024-12-17T23:10:38.486Z,173447703848600
"""willdevens @ sVfd-WUsjU"" bets 7.50",2024-12-17T23:10:35.889Z,173447703588900
"""slick nick @ Ch6VcKk8xd"" checks",2024-12-17T23:10:33.234Z,173447703323400
"""Kevin @ tbjpqIQSOB"" checks",2024-12-17T23:10:28.595Z,173447702859500
"Flop:  [2♦, J♠, 2♥]",2024-12-17T23:10:25.548Z,173447702554800
"""Spence @ cbvju-2iMm"" folds",2024-12-17T23:10:24.667Z,173447702466700
"""Declan @ NsC2OJUPB3"" folds",2024-12-17T23:10:21.847Z,173447702184700
"""willdevens @ sVfd-WUsjU"" calls 3.18",2024-12-17T23:10:15.807Z,173447701580700
"""slick nick @ Ch6VcKk8xd"" calls 3.18",2024-12-17T23:10:14.854Z,173447701485400
"""Kevin @ tbjpqIQSOB"" raises to 3.18",2024-12-17T23:10:07.972Z,173447700797200
"""Spence @ cbvju-2iMm"" calls 1.79",2024-12-17T23:10:03.343Z,173447700334300
"""timh @ IDAaB_gryp"" raises to 1.79 and go all in",2024-12-17T23:10:00.689Z,173447700068900
"""Declan @ NsC2OJUPB3"" calls 0.60",2024-12-17T23:09:58.538Z,173447699853800
"""Hanley2 @ LXzsz8PhQN"" folds",2024-12-17T23:09:56.818Z,173447699681800
"""Davis @ MxiH63B6Pl"" folds",2024-12-17T23:09:55.788Z,173447699578800
"""willdevens @ sVfd-WUsjU"" calls 0.60",2024-12-17T23:09:54.881Z,173447699488100
"""slick nick @ Ch6VcKk8xd"" calls 0.60",2024-12-17T23:09:53.964Z,173447699396400
"""Kevin @ tbjpqIQSOB"" raises to 0.60",2024-12-17T23:09:51.004Z,173447699100400
"""Spence @ cbvju-2iMm"" calls 0.20",2024-12-17T23:09:48.566Z,173447698856600
"""timh @ IDAaB_gryp"" posts a big blind of 0.20",2024-12-17T23:09:46.035Z,173447698603512
"""Declan @ NsC2OJUPB3"" posts a small blind of 0.10",2024-12-17T23:09:46.035Z,173447698603511
"Player stacks: #1 ""Hanley2 @ LXzsz8PhQN"" (59.06) | #2 ""Declan @ NsC2OJUPB3"" (35.90) | #3 ""timh @ IDAaB_gryp"" (1.79) | #4 ""Spence @ cbvju-2iMm"" (106.50) | #6 ""Kevin @ tbjpqIQSOB"" (29.00) | #7 ""slick nick @ Ch6VcKk8xd"" (50.89) | #8 ""willdevens @ sVfd-WUsjU"" (43.14) | #10 ""Davis @ MxiH63B6Pl"" (20.00)",2024-12-17T23:09:46.035Z,173447698603502
"-- starting hand #285 (id: upjj8jw1hukk)  (No Limit Texas Hold'em) (dealer: ""Hanley2 @ LXzsz8PhQN"") --",2024-12-17T23:09:46.035Z,173447698603501
"The player ""Davis @ MxiH63B6Pl"" joined the game with a stack of 20.00.",2024-12-17T23:09:46.035Z,173447698603500
"""timh @ IDAaB_gryp"" shows a 9♥, A♣.",2024-12-17T23:09:42.895Z,173447698289500
"-- ending hand #284 --",2024-12-17T23:09:39.522Z,173447697952202
"""Declan @ NsC2OJUPB3"" collected 30.00 from pot with Full House, 6's over 2's (combination: 6♥, 6♠, 6♣, 2♣, 2♠)",2024-12-17T23:09:39.522Z,173447697952201
"""Declan @ NsC2OJUPB3"" shows a 7♦, 6♥.",2024-12-17T23:09:39.522Z,173447697952200
"""timh @ IDAaB_gryp"" calls 12.50",2024-12-17T23:09:38.676Z,173447697867600
"""Declan @ NsC2OJUPB3"" raises to 12.50",2024-12-17T23:09:34.753Z,173447697475300
"""Hanley2 @ LXzsz8PhQN"" folds",2024-12-17T23:09:28.812Z,173447696881200
"""timh @ IDAaB_gryp"" bets 2.50",2024-12-17T23:09:27.094Z,173447696709400
"""Declan @ NsC2OJUPB3"" checks",2024-12-17T23:09:24.590Z,173447696459000
"""Hanley2 @ LXzsz8PhQN"" checks",2024-12-17T23:09:22.049Z,173447696204900
"River: 6♠, A♦, 2♣, 6♣ [2♠]",2024-12-17T23:09:18.824Z,173447695882400
"""Declan @ NsC2OJUPB3"" calls 1.00",2024-12-17T23:09:17.928Z,173447695792800
"""Hanley2 @ LXzsz8PhQN"" calls 1.00",2024-12-17T23:09:15.734Z,173447695573400
"""timh @ IDAaB_gryp"" bets 1.00",2024-12-17T23:09:13.357Z,173447695335700
"""Declan @ NsC2OJUPB3"" checks",2024-12-17T23:09:10.966Z,173447695096600
"""Hanley2 @ LXzsz8PhQN"" checks",2024-12-17T23:09:08.949Z,173447694894900
"Turn: 6♠, A♦, 2♣ [6♣]",2024-12-17T23:09:05.799Z,173447694579900
"""Declan @ NsC2OJUPB3"" calls 0.40",2024-12-17T23:09:04.977Z,173447694497700
"""Hanley2 @ LXzsz8PhQN"" calls 0.40",2024-12-17T23:09:03.982Z,173447694398200
"""Spence @ cbvju-2iMm"" folds",2024-12-17T23:09:01.694Z,173447694169400
"""timh @ IDAaB_gryp"" bets 0.40",2024-12-17T23:08:59.272Z,173447693927200
"""Declan @ NsC2OJUPB3"" checks",2024-12-17T23:08:56.684Z,173447693668400
"""Hanley2 @ LXzsz8PhQN"" checks",2024-12-17T23:08:54.882Z,173447693488200
"The admin approved the player ""Davis @ MxiH63B6Pl"" participation with a stack of 20.00.",2024-12-17T23:08:49.472Z,173447692947200
"Flop:  [6♠, A♦, 2♣]",2024-12-17T23:08:43.561Z,173447692356100
"""Declan @ NsC2OJUPB3"" checks",2024-12-17T23:08:42.719Z,173447692271900
"""Hanley2 @ LXzsz8PhQN"" calls 0.20",2024-12-17T23:08:40.985Z,173447692098500
"""willdevens @ sVfd-WUsjU"" folds",2024-12-17T23:08:37.068Z,173447691706800
"""slick nick @ Ch6VcKk8xd"" folds",2024-12-17T23:08:36.064Z,173447691606400
"""Kevin @ tbjpqIQSOB"" folds",2024-12-17T23:08:35.203Z,173447691520300
"""Spence @ cbvju-2iMm"" calls 0.20",2024-12-17T23:08:34.233Z,173447691423300
"""timh @ IDAaB_gryp"" calls 0.20",2024-12-17T23:08:29.887Z,173447690988700
"""Declan @ NsC2OJUPB3"" posts a big blind of 0.20",2024-12-17T23:08:28.724Z,173447690872410
"""Hanley2 @ LXzsz8PhQN"" posts a small blind of 0.10",2024-12-17T23:08:28.724Z,173447690872409
"Player stacks: #1 ""Hanley2 @ LXzsz8PhQN"" (60.66) | #2 ""Declan @ NsC2OJUPB3"" (20.00) | #3 ""timh @ IDAaB_gryp"" (15.89) | #4 ""Spence @ cbvju-2iMm"" (106.70) | #6 ""Kevin @ tbjpqIQSOB"" (29.00) | #7 ""slick nick @ Ch6VcKk8xd"" (50.89) | #8 ""willdevens @ sVfd-WUsjU"" (43.14)",2024-12-17T23:08:28.724Z,173447690872401
"-- starting hand #284 (id: ai8q2qhe5z87)  (No Limit Texas Hold'em) (dealer: ""willdevens @ sVfd-WUsjU"") --",2024-12-17T23:08:28.724Z,173447690872400
"-- ending hand #283 --",2024-12-17T23:08:22.767Z,173447690276702
"""Spence @ cbvju-2iMm"" collected 7.00 from pot",2024-12-17T23:08:22.767Z,173447690276701
"Uncalled bet of 3.50 returned to ""Spence @ cbvju-2iMm""",2024-12-17T23:08:22.767Z,173447690276700
"""timh @ IDAaB_gryp"" folds",2024-12-17T23:08:21.931Z,173447690193100
"""Hanley2 @ LXzsz8PhQN"" folds",2024-12-17T23:08:20.871Z,173447690087100
"""Spence @ cbvju-2iMm"" bets 3.50",2024-12-17T23:08:18.912Z,173447689891200
"""timh @ IDAaB_gryp"" checks",2024-12-17T23:08:14.994Z,173447689499400
"""Hanley2 @ LXzsz8PhQN"" checks",2024-12-17T23:08:13.105Z,173447689310500
"Turn: A♣, J♣, 4♦ [J♦]",2024-12-17T23:08:09.750Z,173447688975000
"""Spence @ cbvju-2iMm"" calls 1.40",2024-12-17T23:08:08.906Z,173447688890600
"""timh @ IDAaB_gryp"" calls 1.40",2024-12-17T23:08:06.430Z,173447688643000
"""Hanley2 @ LXzsz8PhQN"" bets 1.40",2024-12-17T23:08:05.127Z,173447688512700
"Flop:  [A♣, J♣, 4♦]",2024-12-17T23:07:58.317Z,173447687831700
"""Spence @ cbvju-2iMm"" calls 0.90",2024-12-17T23:07:57.458Z,173447687745800
"""timh @ IDAaB_gryp"" calls 0.90",2024-12-17T23:07:55.522Z,173447687552200
"""Hanley2 @ LXzsz8PhQN"" raises to 0.90",2024-12-17T23:07:52.980Z,173447687298000
"""willdevens @ sVfd-WUsjU"" folds",2024-12-17T23:07:48.183Z,173447686818300
"""slick nick @ Ch6VcKk8xd"" folds",2024-12-17T23:07:47.232Z,173447686723200
"""Kevin @ tbjpqIQSOB"" folds",2024-12-17T23:07:46.366Z,173447686636600
"""Spence @ cbvju-2iMm"" calls 0.20",2024-12-17T23:07:35.219Z,173447685521900
"""timh @ IDAaB_gryp"" calls 0.20",2024-12-17T23:07:32.265Z,173447685226500
"""Declan @ NsC2OJUPB3"" folds",2024-12-17T23:07:27.527Z,173447684752700
"The player ""carver @ XJkSa2AwOi"" canceled the seat request.",2024-12-17T23:07:18.726Z,173447683872600
"The player ""Davis @ MxiH63B6Pl"" requested a seat.",2024-12-17T23:07:18.051Z,173447683805100
"""Hanley2 @ LXzsz8PhQN"" posts a big blind of 0.20",2024-12-17T23:07:15.033Z,173447683503311
"""willdevens @ sVfd-WUsjU"" posts a small blind of 0.10",2024-12-17T23:07:15.033Z,173447683503310
"Player stacks: #1 ""Hanley2 @ LXzsz8PhQN"" (62.96) | #2 ""Declan @ NsC2OJUPB3"" (20.00) | #3 ""timh @ IDAaB_gryp"" (18.19) | #4 ""Spence @ cbvju-2iMm"" (102.00) | #6 ""Kevin @ tbjpqIQSOB"" (29.00) | #7 ""slick nick @ Ch6VcKk8xd"" (50.89) | #8 ""willdevens @ sVfd-WUsjU"" (43.24)",2024-12-17T23:07:15.033Z,173447683503302
"-- starting hand #283 (id: zc1def8fcbac)  (No Limit Texas Hold'em) (dealer: ""slick nick @ Ch6VcKk8xd"") --",2024-12-17T23:07:15.033Z,173447683503301
"The player ""Davis @ MxiH63B6Pl"" quits the game with a stack of 0.00.",2024-12-17T23:07:15.033Z,173447683503300
"-- ending hand #282 --",2024-12-17T23:07:07.013Z,173447682701304
"""willdevens @ sVfd-WUsjU"" collected 0.71 from pot with Two Pair, A's & 4's on the second run  (combination: A♣, A♠, 4♠, 4♦, K♠)",2024-12-17T23:07:07.013Z,173447682701303
"""willdevens @ sVfd-WUsjU"" collected 0.71 from pot with Flush, As High (combination: A♠, K♠, 5♠, 4♠, 3♠)",2024-12-17T23:07:07.013Z,173447682701302
"""timh @ IDAaB_gryp"" collected 18.19 from pot with Full House, A's over 4's on the second run  (combination: A♥, A♣, A♠, 4♠, 4♦)",2024-12-17T23:07:07.013Z,173447682701301
"""willdevens @ sVfd-WUsjU"" collected 18.19 from pot with Flush, As High (combination: A♠, K♠, 5♠, 4♠, 3♠)",2024-12-17T23:07:07.013Z,173447682701300
"River (second run): 4♠, A♣, A♠, 4♦ [J♥]",2024-12-17T23:07:03.008Z,173447682300800
"Turn (second run): 4♠, A♣, A♠ [4♦]",2024-12-17T23:06:58.911Z,173447681891100
"River: 4♠, A♣, A♠, 2♥ [3♠]",2024-12-17T23:06:54.904Z,173447681490400
"Turn: 4♠, A♣, A♠ [2♥]",2024-12-17T23:06:50.890Z,173447681089000
"""Davis @ MxiH63B6Pl"" shows a 8♠, 6♠.",2024-12-17T23:06:46.886Z,173447680688602
"""timh @ IDAaB_gryp"" shows a A♥, 7♠.",2024-12-17T23:06:46.886Z,173447680688601
"Uncalled bet of 23.63 returned to ""willdevens @ sVfd-WUsjU""",2024-12-17T23:06:46.886Z,173447680688600
"""willdevens @ sVfd-WUsjU"" shows a K♠, 5♠.",2024-12-17T23:06:46.755Z,173447680675500
"All players in hand choose to run it twice.",2024-12-17T23:06:46.035Z,173447680603501
"""timh @ IDAaB_gryp"" chooses to  run it twice.",2024-12-17T23:06:46.035Z,173447680603500
"""willdevens @ sVfd-WUsjU"" chooses to  run it twice.",2024-12-17T23:06:44.628Z,173447680462800
"""Davis @ MxiH63B6Pl"" chooses to  run it twice.",2024-12-17T23:06:44.562Z,173447680456200
"Remaining players decide whether to run it twice.",2024-12-17T23:06:43.643Z,173447680364301
"""Kevin @ tbjpqIQSOB"" folds",2024-12-17T23:06:43.643Z,173447680364300
"""Spence @ cbvju-2iMm"" folds",2024-12-17T23:06:42.743Z,173447680274300
"""timh @ IDAaB_gryp"" calls 10.26 and go all in",2024-12-17T23:06:41.349Z,173447680134900
"""Davis @ MxiH63B6Pl"" calls 10.97 and go all in",2024-12-17T23:06:39.936Z,173447679993600
"""willdevens @ sVfd-WUsjU"" bets 34.60 and go all in",2024-12-17T23:06:35.913Z,173447679591300
"Flop:  [4♠, A♣, A♠]",2024-12-17T23:06:30.516Z,173447679051600
"""willdevens @ sVfd-WUsjU"" calls 1.10",2024-12-17T23:06:29.693Z,173447678969300
"""slick nick @ Ch6VcKk8xd"" folds",2024-12-17T23:06:28.723Z,173447678872300
"The player ""carver @ XJkSa2AwOi"" requested a seat.",2024-12-17T23:06:27.082Z,173447678708200
"""Kevin @ tbjpqIQSOB"" calls 1.10",2024-12-17T23:06:26.848Z,173447678684800
"""Spence @ cbvju-2iMm"" calls 1.10",2024-12-17T23:06:25.895Z,173447678589500
"""timh @ IDAaB_gryp"" calls 1.10",2024-12-17T23:06:24.475Z,173447678447500
"""Declan @ NsC2OJUPB3"" folds",2024-12-17T23:06:23.399Z,173447678339900
"""Hanley2 @ LXzsz8PhQN"" folds",2024-12-17T23:06:22.511Z,173447678251100
"""Davis @ MxiH63B6Pl"" raises to 1.10",2024-12-17T23:06:19.205Z,173447677920500
"""willdevens @ sVfd-WUsjU"" posts a big blind of 0.20",2024-12-17T23:06:12.680Z,173447677268012
"""slick nick @ Ch6VcKk8xd"" posts a small blind of 0.10",2024-12-17T23:06:12.680Z,173447677268011
"Player stacks: #1 ""Hanley2 @ LXzsz8PhQN"" (62.96) | #2 ""Declan @ NsC2OJUPB3"" (20.00) | #3 ""timh @ IDAaB_gryp"" (11.36) | #4 ""Spence @ cbvju-2iMm"" (103.10) | #6 ""Kevin @ tbjpqIQSOB"" (30.10) | #7 ""slick nick @ Ch6VcKk8xd"" (50.99) | #8 ""willdevens @ sVfd-WUsjU"" (35.70) | #10 ""Davis @ MxiH63B6Pl"" (12.07)",2024-12-17T23:06:12.680Z,173447677268002
"-- starting hand #282 (id: jnm6odvzirht)  (No Limit Texas Hold'em) (dealer: ""Kevin @ tbjpqIQSOB"") --",2024-12-17T23:06:12.680Z,173447677268001
"The player ""Davis @ MxiH63B6Pl"" joined the game with a stack of 12.07.",2024-12-17T23:06:12.680Z,173447677268000
"The player ""Davis @ MxiH63B6Pl"" sit back with the stack of 12.07.",2024-12-17T23:06:10.751Z,173447677075100
"-- ending hand #281 --",2024-12-17T23:06:06.776Z,173447676677602
"""Spence @ cbvju-2iMm"" collected 3.15 from pot",2024-12-17T23:06:06.776Z,173447676677601
"Uncalled bet of 2.36 returned to ""Spence @ cbvju-2iMm""",2024-12-17T23:06:06.776Z,173447676677600
"""Hanley2 @ LXzsz8PhQN"" folds",2024-12-17T23:06:05.966Z,173447676596600
"""willdevens @ sVfd-WUsjU"" folds",2024-12-17T23:06:03.055Z,173447676305500
"""Spence @ cbvju-2iMm"" bets 2.36",2024-12-17T23:06:01.396Z,173447676139600
"""Hanley2 @ LXzsz8PhQN"" checks",2024-12-17T23:05:57.726Z,173447675772600
"""willdevens @ sVfd-WUsjU"" checks",2024-12-17T23:05:53.639Z,173447675363900
"Flop:  [4♥, J♣, K♦]",2024-12-17T23:05:50.837Z,173447675083700
"""willdevens @ sVfd-WUsjU"" calls 0.95",2024-12-17T23:05:50.011Z,173447675001100
"""slick nick @ Ch6VcKk8xd"" folds",2024-12-17T23:05:43.800Z,173447674380000
"""Kevin @ tbjpqIQSOB"" folds",2024-12-17T23:05:39.803Z,173447673980300
"""Spence @ cbvju-2iMm"" calls 0.95",2024-12-17T23:05:32.823Z,173447673282300
"""timh @ IDAaB_gryp"" folds",2024-12-17T23:05:31.632Z,173447673163200
"""Declan @ NsC2OJUPB3"" folds",2024-12-17T23:05:30.663Z,173447673066300
"""Hanley2 @ LXzsz8PhQN"" raises to 0.95",2024-12-17T23:05:29.692Z,173447672969200
"""willdevens @ sVfd-WUsjU"" posts a straddle of 0.40",2024-12-17T23:05:15.810Z,173447671581012
"""slick nick @ Ch6VcKk8xd"" posts a big blind of 0.20",2024-12-17T23:05:15.810Z,173447671581011
"""Kevin @ tbjpqIQSOB"" posts a small blind of 0.10",2024-12-17T23:05:15.810Z,173447671581010
"Player stacks: #1 ""Hanley2 @ LXzsz8PhQN"" (63.91) | #2 ""Declan @ NsC2OJUPB3"" (20.00) | #3 ""timh @ IDAaB_gryp"" (11.36) | #4 ""Spence @ cbvju-2iMm"" (100.90) | #6 ""Kevin @ tbjpqIQSOB"" (30.20) | #7 ""slick nick @ Ch6VcKk8xd"" (51.19) | #8 ""willdevens @ sVfd-WUsjU"" (36.65)",2024-12-17T23:05:15.810Z,173447671581002
"-- starting hand #281 (id: oewhn0smaygb)  (No Limit Texas Hold'em) (dealer: ""Spence @ cbvju-2iMm"") --",2024-12-17T23:05:15.810Z,173447671581001
"The player ""Declan @ NsC2OJUPB3"" joined the game with a stack of 20.00.",2024-12-17T23:05:15.810Z,173447671581000
"-- ending hand #280 --",2024-12-17T23:05:09.849Z,173447670984902
"""willdevens @ sVfd-WUsjU"" collected 6.20 from pot",2024-12-17T23:05:09.849Z,173447670984901
"Uncalled bet of 5.00 returned to ""willdevens @ sVfd-WUsjU""",2024-12-17T23:05:09.849Z,173447670984900
"""slick nick @ Ch6VcKk8xd"" folds",2024-12-17T23:05:09.037Z,173447670903700
"""Kevin @ tbjpqIQSOB"" folds",2024-12-17T23:05:08.103Z,173447670810300
"""timh @ IDAaB_gryp"" folds",2024-12-17T23:05:06.851Z,173447670685100
"""willdevens @ sVfd-WUsjU"" bets 5.00",2024-12-17T23:05:05.569Z,173447670556900
"""slick nick @ Ch6VcKk8xd"" checks",2024-12-17T23:04:59.656Z,173447669965600
"""Kevin @ tbjpqIQSOB"" checks",2024-12-17T23:04:49.581Z,173447668958100
"Flop:  [4♥, J♦, 7♣]",2024-12-17T23:04:44.554Z,173447668455400
"""Spence @ cbvju-2iMm"" folds",2024-12-17T23:04:43.670Z,173447668367000
"""timh @ IDAaB_gryp"" calls 1.50",2024-12-17T23:04:32.751Z,173447667275100
"""willdevens @ sVfd-WUsjU"" calls 1.50",2024-12-17T23:04:14.163Z,173447665416300
"""slick nick @ Ch6VcKk8xd"" calls 1.50",2024-12-17T23:04:12.837Z,173447665283700
"""Kevin @ tbjpqIQSOB"" raises to 1.50",2024-12-17T23:04:10.330Z,173447665033000
"""Spence @ cbvju-2iMm"" calls 0.20",2024-12-17T23:04:05.407Z,173447664540700
"""timh @ IDAaB_gryp"" calls 0.20",2024-12-17T23:03:59.188Z,173447663918800
"""Hanley2 @ LXzsz8PhQN"" folds",2024-12-17T23:03:58.112Z,173447663811200
"The admin approved the player ""Declan @ NsC2OJUPB3"" participation with a stack of 20.00.",2024-12-17T23:03:54.852Z,173447663485200
"""willdevens @ sVfd-WUsjU"" calls 0.20",2024-12-17T23:03:51.750Z,173447663175000
"""slick nick @ Ch6VcKk8xd"" calls 0.20",2024-12-17T23:03:50.286Z,173447663028600
"""Kevin @ tbjpqIQSOB"" posts a big blind of 0.20",2024-12-17T23:03:47.030Z,173447662703009
"""Spence @ cbvju-2iMm"" posts a small blind of 0.10",2024-12-17T23:03:47.030Z,173447662703008
"Player stacks: #1 ""Hanley2 @ LXzsz8PhQN"" (63.91) | #3 ""timh @ IDAaB_gryp"" (12.86) | #4 ""Spence @ cbvju-2iMm"" (101.10) | #6 ""Kevin @ tbjpqIQSOB"" (31.70) | #7 ""slick nick @ Ch6VcKk8xd"" (52.69) | #8 ""willdevens @ sVfd-WUsjU"" (31.95)",2024-12-17T23:03:47.030Z,173447662703001
"-- starting hand #280 (id: x5bpogmlvete)  (No Limit Texas Hold'em) (dealer: ""timh @ IDAaB_gryp"") --",2024-12-17T23:03:47.030Z,173447662703000
"-- ending hand #279 --",2024-12-17T23:03:41.021Z,173447662102103
"""timh @ IDAaB_gryp"" shows a K♣, Q♠.",2024-12-17T23:03:41.021Z,173447662102102
"""Kevin @ tbjpqIQSOB"" collected 5.20 from pot with Two Pair, A's & 6's (combination: A♣, A♠, 6♥, 6♦, 5♥)",2024-12-17T23:03:41.021Z,173447662102101
"""Kevin @ tbjpqIQSOB"" shows a 3♠, A♣.",2024-12-17T23:03:41.021Z,173447662102100
"The player ""Declan @ NsC2OJUPB3"" requested a seat.",2024-12-17T23:03:40.228Z,173447662022800
"""Kevin @ tbjpqIQSOB"" checks",2024-12-17T23:03:40.189Z,173447662018900
"""Spence @ cbvju-2iMm"" checks",2024-12-17T23:03:37.098Z,173447661709800
"""timh @ IDAaB_gryp"" checks",2024-12-17T23:03:36.235Z,173447661623500
"River: 6♥, 5♥, 4♦, A♠ [6♦]",2024-12-17T23:03:28.432Z,173447660843200
"""Kevin @ tbjpqIQSOB"" checks",2024-12-17T23:03:27.626Z,173447660762600
"""Spence @ cbvju-2iMm"" checks",2024-12-17T23:03:25.342Z,173447660534200
"""timh @ IDAaB_gryp"" checks",2024-12-17T23:03:22.512Z,173447660251200
"Turn: 6♥, 5♥, 4♦ [A♠]",2024-12-17T23:03:20.980Z,173447660098000
"""timh @ IDAaB_gryp"" calls 1.20",2024-12-17T23:03:20.171Z,173447660017100
"""willdevens @ sVfd-WUsjU"" folds",2024-12-17T23:03:09.173Z,173447658917300
"""Kevin @ tbjpqIQSOB"" calls 1.20",2024-12-17T23:03:08.239Z,173447658823900
"""Spence @ cbvju-2iMm"" bets 1.20",2024-12-17T23:03:06.893Z,173447658689300
"""timh @ IDAaB_gryp"" checks",2024-12-17T23:03:02.210Z,173447658221000
"Flop:  [6♥, 5♥, 4♦]",2024-12-17T23:02:59.483Z,173447657948300
"""willdevens @ sVfd-WUsjU"" calls 0.40",2024-12-17T23:02:58.643Z,173447657864300
"""Kevin @ tbjpqIQSOB"" calls 0.40",2024-12-17T23:02:57.228Z,173447657722800
"""Spence @ cbvju-2iMm"" calls 0.40",2024-12-17T23:02:56.165Z,173447657616500
"""timh @ IDAaB_gryp"" raises to 0.40",2024-12-17T23:02:53.424Z,173447657342400
"""Hanley2 @ LXzsz8PhQN"" folds",2024-12-17T23:02:51.450Z,173447657145000
"""willdevens @ sVfd-WUsjU"" calls 0.20",2024-12-17T23:02:50.382Z,173447657038200
"""slick nick @ Ch6VcKk8xd"" folds",2024-12-17T23:02:48.302Z,173447656830200
"""Kevin @ tbjpqIQSOB"" calls 0.20",2024-12-17T23:02:40.922Z,173447656092200
"""Spence @ cbvju-2iMm"" posts a big blind of 0.20",2024-12-17T23:02:39.194Z,173447655919411
"""timh @ IDAaB_gryp"" posts a small blind of 0.10",2024-12-17T23:02:39.194Z,173447655919410
"Player stacks: #1 ""Hanley2 @ LXzsz8PhQN"" (63.91) | #3 ""timh @ IDAaB_gryp"" (14.46) | #4 ""Spence @ cbvju-2iMm"" (102.70) | #6 ""Kevin @ tbjpqIQSOB"" (28.10) | #7 ""slick nick @ Ch6VcKk8xd"" (52.69) | #8 ""willdevens @ sVfd-WUsjU"" (32.35)",2024-12-17T23:02:39.194Z,173447655919403
"-- starting hand #279 (id: tz7w6mx7vjt5)  (No Limit Texas Hold'em) (dead button) --",2024-12-17T23:02:39.194Z,173447655919402
"The player ""Declan @ NsC2OJUPB3"" quits the game with a stack of 0.00.",2024-12-17T23:02:39.194Z,173447655919401
"The player ""Davis @ MxiH63B6Pl"" stand up with the stack of 12.07.",2024-12-17T23:02:39.194Z,173447655919400
"""willdevens @ sVfd-WUsjU"" shows a 3♠, 3♥.",2024-12-17T23:02:33.263Z,173447655326300
"-- ending hand #278 --",2024-12-17T23:02:32.642Z,173447655264205
"""Declan @ NsC2OJUPB3"" shows a 8♥, 8♠.",2024-12-17T23:02:32.642Z,173447655264204
"""slick nick @ Ch6VcKk8xd"" collected 3.42 from pot with Straight, A High (combination: A♣, K♣, Q♦, J♥, 10♦)",2024-12-17T23:02:32.642Z,173447655264203
"""slick nick @ Ch6VcKk8xd"" collected 29.47 from pot with Straight, A High (combination: A♣, K♣, Q♦, J♥, 10♦)",2024-12-17T23:02:32.642Z,173447655264202
"""slick nick @ Ch6VcKk8xd"" shows a A♣, 9♣.",2024-12-17T23:02:32.642Z,173447655264201
"Uncalled bet of 19.80 returned to ""slick nick @ Ch6VcKk8xd""",2024-12-17T23:02:32.642Z,173447655264200
"""willdevens @ sVfd-WUsjU"" folds",2024-12-17T23:02:31.810Z,173447655181000
"""slick nick @ Ch6VcKk8xd"" bets 19.80 and go all in",2024-12-17T23:02:30.863Z,173447655086300
"River: Q♦, 10♦, J♥, 2♦ [K♣]",2024-12-17T23:02:23.969Z,173447654396900
"""willdevens @ sVfd-WUsjU"" checks",2024-12-17T23:02:23.121Z,173447654312100
"""slick nick @ Ch6VcKk8xd"" checks",2024-12-17T23:02:21.173Z,173447654117300
"Turn: Q♦, 10♦, J♥ [2♦]",2024-12-17T23:02:14.804Z,173447653480400
"""willdevens @ sVfd-WUsjU"" checks",2024-12-17T23:02:13.997Z,173447653399700
"""slick nick @ Ch6VcKk8xd"" checks",2024-12-17T23:02:12.017Z,173447653201700
"Flop:  [Q♦, 10♦, J♥]",2024-12-17T23:02:04.892Z,173447652489200
"""slick nick @ Ch6VcKk8xd"" calls 10.00",2024-12-17T23:02:04.078Z,173447652407800
"""Kevin @ tbjpqIQSOB"" folds",2024-12-17T23:02:01.797Z,173447652179700
"""timh @ IDAaB_gryp"" folds",2024-12-17T23:02:00.791Z,173447652079100
"""Declan @ NsC2OJUPB3"" calls 8.29 and go all in",2024-12-17T23:01:59.594Z,173447651959400
"""Davis @ MxiH63B6Pl"" folds",2024-12-17T23:01:58.303Z,173447651830300
"""willdevens @ sVfd-WUsjU"" raises to 10.00",2024-12-17T23:01:42.124Z,173447650212400
"""slick nick @ Ch6VcKk8xd"" calls 2.00",2024-12-17T23:01:36.916Z,173447649691600
"""Kevin @ tbjpqIQSOB"" calls 2.00",2024-12-17T23:01:35.286Z,173447649528600
"""Spence @ cbvju-2iMm"" folds",2024-12-17T23:01:33.100Z,173447649310000
"""timh @ IDAaB_gryp"" calls 2.00",2024-12-17T23:01:31.080Z,173447649108000
"""Declan @ NsC2OJUPB3"" raises to 2.00",2024-12-17T23:01:27.938Z,173447648793800
"""Hanley2 @ LXzsz8PhQN"" folds",2024-12-17T23:01:24.286Z,173447648428600
"""Davis @ MxiH63B6Pl"" calls 0.40",2024-12-17T23:01:23.305Z,173447648330500
"""willdevens @ sVfd-WUsjU"" calls 0.40",2024-12-17T23:01:20.843Z,173447648084300
"""slick nick @ Ch6VcKk8xd"" calls 0.40",2024-12-17T23:01:19.834Z,173447647983400
"""Kevin @ tbjpqIQSOB"" raises to 0.40",2024-12-17T23:01:13.172Z,173447647317200
"""Spence @ cbvju-2iMm"" calls 0.20",2024-12-17T23:01:11.408Z,173447647140800
"""timh @ IDAaB_gryp"" posts a big blind of 0.20",2024-12-17T23:01:07.065Z,173447646706512
"""Declan @ NsC2OJUPB3"" posts a small blind of 0.10",2024-12-17T23:01:07.065Z,173447646706511
"Player stacks: #1 ""Hanley2 @ LXzsz8PhQN"" (63.91) | #2 ""Declan @ NsC2OJUPB3"" (8.29) | #3 ""timh @ IDAaB_gryp"" (16.46) | #4 ""Spence @ cbvju-2iMm"" (102.90) | #6 ""Kevin @ tbjpqIQSOB"" (30.10) | #7 ""slick nick @ Ch6VcKk8xd"" (29.80) | #8 ""willdevens @ sVfd-WUsjU"" (42.35) | #10 ""Davis @ MxiH63B6Pl"" (12.47)",2024-12-17T23:01:07.065Z,173447646706502
"-- starting hand #278 (id: 4t9vf2sfppik)  (No Limit Texas Hold'em) (dealer: ""Hanley2 @ LXzsz8PhQN"") --",2024-12-17T23:01:07.065Z,173447646706501
"The player ""Max Roman @ oiOtU2XuYt"" quits the game with a stack of 0.00.",2024-12-17T23:01:07.065Z,173447646706500
"-- ending hand #277 --",2024-12-17T23:01:01.055Z,173447646105501
"""Spence @ cbvju-2iMm"" collected 61.80 from pot with Two Pair, A's & 4's (combination: A♠, A♦, 4♣, 4♦, 10♣)",2024-12-17T23:01:01.055Z,173447646105500
"River: 4♣, A♦, 4♦, 6♣ [10♣]",2024-12-17T23:00:57.048Z,173447645704800
"Turn: 4♣, A♦, 4♦ [6♣]",2024-12-17T23:00:53.037Z,173447645303700
"""Max Roman @ oiOtU2XuYt"" shows a K♠, K♦.",2024-12-17T23:00:49.034Z,173447644903402
"""Spence @ cbvju-2iMm"" shows a A♠, 5♥.",2024-12-17T23:00:49.034Z,173447644903401
"Uncalled bet of 22.15 returned to ""Spence @ cbvju-2iMm""",2024-12-17T23:00:49.034Z,173447644903400
"Some players choose to not run it twice.",2024-12-17T23:00:48.231Z,173447644823101
"""Spence @ cbvju-2iMm"" chooses to not run it twice.",2024-12-17T23:00:48.231Z,173447644823100
"""Max Roman @ oiOtU2XuYt"" chooses to  run it twice.",2024-12-17T23:00:47.425Z,173447644742500
"Remaining players decide whether to run it twice.",2024-12-17T23:00:46.031Z,173447644603101
"""Max Roman @ oiOtU2XuYt"" calls 20.20 and go all in",2024-12-17T23:00:46.031Z,173447644603100
"""willdevens @ sVfd-WUsjU"" folds",2024-12-17T23:00:17.008Z,173447641700800
"""Spence @ cbvju-2iMm"" bets 42.35",2024-12-17T23:00:15.926Z,173447641592600
"Flop:  [4♣, A♦, 4♦]",2024-12-17T23:00:11.895Z,173447641189500
"""willdevens @ sVfd-WUsjU"" calls 6.90",2024-12-17T23:00:10.989Z,173447641098900
"""slick nick @ Ch6VcKk8xd"" folds",2024-12-17T23:00:08.549Z,173447640854900
"""Spence @ cbvju-2iMm"" calls 6.90",2024-12-17T23:00:07.428Z,173447640742800
"""timh @ IDAaB_gryp"" folds",2024-12-17T23:00:03.748Z,173447640374800
"""Declan @ NsC2OJUPB3"" folds",2024-12-17T23:00:02.683Z,173447640268300
"""Hanley2 @ LXzsz8PhQN"" folds",2024-12-17T23:00:01.824Z,173447640182400
"""Davis @ MxiH63B6Pl"" folds",2024-12-17T23:00:00.820Z,173447640082000
"""Max Roman @ oiOtU2XuYt"" raises to 6.90",2024-12-17T22:59:39.971Z,173447637997100
"""willdevens @ sVfd-WUsjU"" raises to 2.00",2024-12-17T22:59:35.973Z,173447637597300
"""slick nick @ Ch6VcKk8xd"" calls 0.20",2024-12-17T22:59:32.942Z,173447637294200
"""Kevin @ tbjpqIQSOB"" folds",2024-12-17T22:59:31.110Z,173447637111000
"""Spence @ cbvju-2iMm"" calls 0.20",2024-12-17T22:59:30.272Z,173447637027200
"""timh @ IDAaB_gryp"" calls 0.20",2024-12-17T22:59:26.892Z,173447636689200
"""Declan @ NsC2OJUPB3"" posts a big blind of 0.20",2024-12-17T22:59:25.445Z,173447636544512
"""Hanley2 @ LXzsz8PhQN"" posts a small blind of 0.10",2024-12-17T22:59:25.445Z,173447636544511
"Player stacks: #1 ""Hanley2 @ LXzsz8PhQN"" (64.01) | #2 ""Declan @ NsC2OJUPB3"" (8.49) | #3 ""timh @ IDAaB_gryp"" (16.66) | #4 ""Spence @ cbvju-2iMm"" (68.20) | #6 ""Kevin @ tbjpqIQSOB"" (30.10) | #7 ""slick nick @ Ch6VcKk8xd"" (30.00) | #8 ""willdevens @ sVfd-WUsjU"" (49.25) | #9 ""Max Roman @ oiOtU2XuYt"" (27.10) | #10 ""Davis @ MxiH63B6Pl"" (12.47)",2024-12-17T22:59:25.445Z,173447636544501
"-- starting hand #277 (id: q5ps4e9zfsgf)  (No Limit Texas Hold'em) (dealer: ""Davis @ MxiH63B6Pl"") --",2024-12-17T22:59:25.445Z,173447636544500
"-- ending hand #276 --",2024-12-17T22:59:17.438Z,173447635743802
"""Kevin @ tbjpqIQSOB"" collected 30.10 from pot with Two Pair, Q's & 3's on the second run  (combination: Q♥, Q♦, 3♠, 3♦, 10♥)",2024-12-17T22:59:17.438Z,173447635743801
"""willdevens @ sVfd-WUsjU"" collected 30.10 from pot with Two Pair, A's & 3's (combination: A♥, A♦, 3♠, 3♦, Q♦)",2024-12-17T22:59:17.438Z,173447635743800
"River (second run): Q♦, 3♠, 3♦, 10♥ [6♠]",2024-12-17T22:59:13.429Z,173447635342900
"Turn (second run): Q♦, 3♠, 3♦ [10♥]",2024-12-17T22:59:09.354Z,173447634935400
"River: Q♦, 3♠, 3♦, A♦ [5♣]",2024-12-17T22:59:05.343Z,173447634534300
"Turn: Q♦, 3♠, 3♦ [A♦]",2024-12-17T22:59:01.336Z,173447634133600
"""Kevin @ tbjpqIQSOB"" shows a 8♥, Q♥.",2024-12-17T22:58:57.278Z,173447633727800
"""willdevens @ sVfd-WUsjU"" shows a A♥, 10♦.",2024-12-17T22:58:57.019Z,173447633701900
"All players in hand choose to run it twice.",2024-12-17T22:58:56.471Z,173447633647101
"""Kevin @ tbjpqIQSOB"" chooses to  run it twice.",2024-12-17T22:58:56.471Z,173447633647100
"""willdevens @ sVfd-WUsjU"" chooses to  run it twice.",2024-12-17T22:58:56.413Z,173447633641300
"Remaining players decide whether to run it twice.",2024-12-17T22:58:55.206Z,173447633520601
"""Kevin @ tbjpqIQSOB"" calls 26.85 and go all in",2024-12-17T22:58:55.206Z,173447633520600
"""willdevens @ sVfd-WUsjU"" raises to 26.85",2024-12-17T22:58:53.300Z,173447633330000
"""Kevin @ tbjpqIQSOB"" raises to 12.00",2024-12-17T22:58:48.898Z,173447632889800
"""Spence @ cbvju-2iMm"" folds",2024-12-17T22:58:45.551Z,173447632555100
"""willdevens @ sVfd-WUsjU"" bets 6.00",2024-12-17T22:58:40.950Z,173447632095000
"""Kevin @ tbjpqIQSOB"" checks",2024-12-17T22:58:36.702Z,173447631670200
"""Spence @ cbvju-2iMm"" checks",2024-12-17T22:58:34.960Z,173447631496000
"Flop:  [Q♦, 3♠, 3♦]",2024-12-17T22:58:28.292Z,173447630829200
"""slick nick @ Ch6VcKk8xd"" folds",2024-12-17T22:58:27.475Z,173447630747500
"""Kevin @ tbjpqIQSOB"" calls 2.00",2024-12-17T22:58:25.720Z,173447630572000
"""Spence @ cbvju-2iMm"" calls 2.00",2024-12-17T22:58:22.695Z,173447630269500
"""Hanley2 @ LXzsz8PhQN"" folds",2024-12-17T22:58:20.930Z,173447630093000
"""Davis @ MxiH63B6Pl"" folds",2024-12-17T22:58:19.920Z,173447629992000
"""Max Roman @ oiOtU2XuYt"" folds",2024-12-17T22:58:19.024Z,173447629902400
"""willdevens @ sVfd-WUsjU"" raises to 2.00",2024-12-17T22:58:18.050Z,173447629805000
"""slick nick @ Ch6VcKk8xd"" calls 0.20",2024-12-17T22:58:16.041Z,173447629604100
"""Kevin @ tbjpqIQSOB"" calls 0.20",2024-12-17T22:58:14.507Z,173447629450700
"""Spence @ cbvju-2iMm"" calls 0.20",2024-12-17T22:58:13.607Z,173447629360700
"""timh @ IDAaB_gryp"" folds",2024-12-17T22:58:12.130Z,173447629213000
"""Declan @ NsC2OJUPB3"" folds",2024-12-17T22:58:11.025Z,173447629102500
"""Hanley2 @ LXzsz8PhQN"" posts a big blind of 0.20",2024-12-17T22:57:54.782Z,173447627478212
"""Davis @ MxiH63B6Pl"" posts a small blind of 0.10",2024-12-17T22:57:54.782Z,173447627478211
"Player stacks: #1 ""Hanley2 @ LXzsz8PhQN"" (64.21) | #2 ""Declan @ NsC2OJUPB3"" (8.49) | #3 ""timh @ IDAaB_gryp"" (16.66) | #4 ""Spence @ cbvju-2iMm"" (70.20) | #6 ""Kevin @ tbjpqIQSOB"" (28.85) | #7 ""slick nick @ Ch6VcKk8xd"" (30.20) | #8 ""willdevens @ sVfd-WUsjU"" (48.00) | #9 ""Max Roman @ oiOtU2XuYt"" (27.10) | #10 ""Davis @ MxiH63B6Pl"" (12.57)",2024-12-17T22:57:54.782Z,173447627478201
"-- starting hand #276 (id: o9d4w5mcjlj4)  (No Limit Texas Hold'em) (dealer: ""Max Roman @ oiOtU2XuYt"") --",2024-12-17T22:57:54.782Z,173447627478200
"-- ending hand #275 --",2024-12-17T22:57:48.849Z,173447626884902
"""Kevin @ tbjpqIQSOB"" collected 2.70 from pot",2024-12-17T22:57:48.849Z,173447626884901
"Uncalled bet of 1.20 returned to ""Kevin @ tbjpqIQSOB""",2024-12-17T22:57:48.849Z,173447626884900
"""timh @ IDAaB_gryp"" folds",2024-12-17T22:57:48.004Z,173447626800400
"""Kevin @ tbjpqIQSOB"" bets 1.20",2024-12-17T22:57:46.827Z,173447626682700
"""timh @ IDAaB_gryp"" checks",2024-12-17T22:57:40.860Z,173447626086000
"Flop:  [2♥, 7♣, K♦]",2024-12-17T22:57:37.213Z,173447625721300
"""timh @ IDAaB_gryp"" calls 1.20",2024-12-17T22:57:36.369Z,173447625636900
"""Davis @ MxiH63B6Pl"" folds",2024-12-17T22:57:34.597Z,173447625459700
"""Max Roman @ oiOtU2XuYt"" folds",2024-12-17T22:57:17.682Z,173447623768200
"""willdevens @ sVfd-WUsjU"" folds",2024-12-17T22:57:16.825Z,173447623682500
"""slick nick @ Ch6VcKk8xd"" folds",2024-12-17T22:57:15.905Z,173447623590500
"""Kevin @ tbjpqIQSOB"" raises to 1.20",2024-12-17T22:57:03.933Z,173447622393300
"""Spence @ cbvju-2iMm"" folds",2024-12-17T22:56:56.941Z,173447621694100
"""timh @ IDAaB_gryp"" calls 0.20",2024-12-17T22:56:56.088Z,173447621608800
"""Declan @ NsC2OJUPB3"" folds",2024-12-17T22:56:54.959Z,173447621495900
"""Hanley2 @ LXzsz8PhQN"" folds",2024-12-17T22:56:53.902Z,173447621390200
"""Davis @ MxiH63B6Pl"" posts a big blind of 0.20",2024-12-17T22:56:52.046Z,173447621204612
"""Max Roman @ oiOtU2XuYt"" posts a small blind of 0.10",2024-12-17T22:56:52.046Z,173447621204611
"Player stacks: #1 ""Hanley2 @ LXzsz8PhQN"" (64.21) | #2 ""Declan @ NsC2OJUPB3"" (8.49) | #3 ""timh @ IDAaB_gryp"" (17.86) | #4 ""Spence @ cbvju-2iMm"" (70.20) | #6 ""Kevin @ tbjpqIQSOB"" (27.35) | #7 ""slick nick @ Ch6VcKk8xd"" (30.20) | #8 ""willdevens @ sVfd-WUsjU"" (48.00) | #9 ""Max Roman @ oiOtU2XuYt"" (27.20) | #10 ""Davis @ MxiH63B6Pl"" (12.77)",2024-12-17T22:56:52.046Z,173447621204601
"-- starting hand #275 (id: gl43rpwoi0vf)  (No Limit Texas Hold'em) (dealer: ""willdevens @ sVfd-WUsjU"") --",2024-12-17T22:56:52.046Z,173447621204600
"""Declan @ NsC2OJUPB3"" shows a K♣.",2024-12-17T22:56:50.709Z,173447621070900
"""willdevens @ sVfd-WUsjU"" shows a K♦.",2024-12-17T22:56:47.564Z,173447620756400
"-- ending hand #274 --",2024-12-17T22:56:44.738Z,173447620473802
"""willdevens @ sVfd-WUsjU"" collected 6.40 from pot",2024-12-17T22:56:44.738Z,173447620473801
"Uncalled bet of 3.00 returned to ""willdevens @ sVfd-WUsjU""",2024-12-17T22:56:44.738Z,173447620473800
"""slick nick @ Ch6VcKk8xd"" folds",2024-12-17T22:56:43.934Z,173447620393400
"""Declan @ NsC2OJUPB3"" folds",2024-12-17T22:56:41.211Z,173447620121100
"""Max Roman @ oiOtU2XuYt"" folds",2024-12-17T22:56:39.919Z,173447619991900
"""willdevens @ sVfd-WUsjU"" bets 3.00",2024-12-17T22:56:38.965Z,173447619896500
"Flop:  [9♦, Q♥, J♠]",2024-12-17T22:56:34.055Z,173447619405500
"""slick nick @ Ch6VcKk8xd"" calls 1.50",2024-12-17T22:56:33.229Z,173447619322900
"""timh @ IDAaB_gryp"" folds",2024-12-17T22:56:30.850Z,173447619085000
"""Declan @ NsC2OJUPB3"" calls 1.50",2024-12-17T22:56:29.918Z,173447618991800
"""Hanley2 @ LXzsz8PhQN"" folds",2024-12-17T22:56:28.610Z,173447618861000
"""Max Roman @ oiOtU2XuYt"" calls 1.50",2024-12-17T22:56:27.611Z,173447618761100
"""willdevens @ sVfd-WUsjU"" raises to 1.50",2024-12-17T22:56:22.874Z,173447618287400
"""slick nick @ Ch6VcKk8xd"" calls 0.20",2024-12-17T22:56:18.481Z,173447617848100
"""Kevin @ tbjpqIQSOB"" folds",2024-12-17T22:56:15.258Z,173447617525800
"""Spence @ cbvju-2iMm"" folds",2024-12-17T22:56:14.420Z,173447617442000
"""timh @ IDAaB_gryp"" calls 0.20",2024-12-17T22:56:12.351Z,173447617235100
"""Declan @ NsC2OJUPB3"" calls 0.20",2024-12-17T22:56:10.805Z,173447617080500
"""Hanley2 @ LXzsz8PhQN"" calls 0.20",2024-12-17T22:56:09.483Z,173447616948300
"""Davis @ MxiH63B6Pl"" folds",2024-12-17T22:56:08.255Z,173447616825500
"""Max Roman @ oiOtU2XuYt"" posts a big blind of 0.20",2024-12-17T22:56:06.422Z,173447616642213
"""willdevens @ sVfd-WUsjU"" posts a small blind of 0.10",2024-12-17T22:56:06.422Z,173447616642212
"Player stacks: #1 ""Hanley2 @ LXzsz8PhQN"" (64.41) | #2 ""Declan @ NsC2OJUPB3"" (9.99) | #3 ""timh @ IDAaB_gryp"" (18.06) | #4 ""Spence @ cbvju-2iMm"" (70.20) | #6 ""Kevin @ tbjpqIQSOB"" (27.35) | #7 ""slick nick @ Ch6VcKk8xd"" (31.70) | #8 ""willdevens @ sVfd-WUsjU"" (43.10) | #9 ""Max Roman @ oiOtU2XuYt"" (28.70) | #10 ""Davis @ MxiH63B6Pl"" (12.77)",2024-12-17T22:56:06.422Z,173447616642202
"-- starting hand #274 (id: 3wljkceujf8p)  (No Limit Texas Hold'em) (dealer: ""slick nick @ Ch6VcKk8xd"") --",2024-12-17T22:56:06.422Z,173447616642201
"The player ""Alex @ 2vIoBF2FSE"" quits the game with a stack of 60.02.",2024-12-17T22:56:06.422Z,173447616642200
"-- ending hand #273 --",2024-12-17T22:55:58.401Z,173447615840102
"""Spence @ cbvju-2iMm"" collected 9.98 from pot with Pair, J's on the second run  (combination: J♣, J♠, A♥, K♦, 9♣)",2024-12-17T22:55:58.401Z,173447615840101
"""Declan @ NsC2OJUPB3"" collected 9.99 from pot with Flush, As High (combination: A♠, K♠, J♠, 4♠, 3♠)",2024-12-17T22:55:58.401Z,173447615840100
"River (second run): J♣, J♠, 4♠, 8♥ [9♣]",2024-12-17T22:55:54.384Z,173447615438400
"Turn (second run): J♣, J♠, 4♠ [8♥]",2024-12-17T22:55:50.357Z,173447615035700
"River: J♣, J♠, 4♠, 10♦ [A♠]",2024-12-17T22:55:46.351Z,173447614635100
"Turn: J♣, J♠, 4♠ [10♦]",2024-12-17T22:55:42.341Z,173447614234100
"""Spence @ cbvju-2iMm"" shows a K♦, A♥.",2024-12-17T22:55:38.292Z,173447613829201
"""Declan @ NsC2OJUPB3"" shows a K♠, 3♠.",2024-12-17T22:55:38.292Z,173447613829200
"All players in hand choose to run it twice.",2024-12-17T22:55:37.438Z,173447613743801
"""Declan @ NsC2OJUPB3"" chooses to  run it twice.",2024-12-17T22:55:37.438Z,173447613743800
"""Spence @ cbvju-2iMm"" chooses to  run it twice.",2024-12-17T22:55:37.429Z,173447613742900
"Remaining players decide whether to run it twice.",2024-12-17T22:55:36.018Z,173447613601801
"""Spence @ cbvju-2iMm"" calls 7.15",2024-12-17T22:55:36.018Z,173447613601800
"""timh @ IDAaB_gryp"" folds",2024-12-17T22:55:32.743Z,173447613274300
"""Declan @ NsC2OJUPB3"" raises to 7.15 and go all in",2024-12-17T22:55:31.288Z,173447613128800
"""Kevin @ tbjpqIQSOB"" folds",2024-12-17T22:55:24.109Z,173447612410900
"""Spence @ cbvju-2iMm"" raises to 3.78",2024-12-17T22:55:22.697Z,173447612269700
"""timh @ IDAaB_gryp"" bets 1.89",2024-12-17T22:55:20.196Z,173447612019600
"""Declan @ NsC2OJUPB3"" checks",2024-12-17T22:55:17.180Z,173447611718000
"Flop:  [J♣, J♠, 4♠]",2024-12-17T22:55:13.413Z,173447611341300
"""timh @ IDAaB_gryp"" calls 0.87",2024-12-17T22:55:12.527Z,173447611252700
"""Declan @ NsC2OJUPB3"" calls 0.87",2024-12-17T22:55:11.196Z,173447611119600
"""willdevens @ sVfd-WUsjU"" folds",2024-12-17T22:55:09.558Z,173447610955800
"""slick nick @ Ch6VcKk8xd"" folds",2024-12-17T22:54:57.965Z,173447609796500
"""Kevin @ tbjpqIQSOB"" calls 0.87",2024-12-17T22:54:57.076Z,173447609707600
"""Alex @ 2vIoBF2FSE"" folds",2024-12-17T22:54:47.643Z,173447608764300
"""Spence @ cbvju-2iMm"" raises to 0.87",2024-12-17T22:54:46.683Z,173447608668300
"""timh @ IDAaB_gryp"" calls 0.20",2024-12-17T22:54:42.597Z,173447608259700
"""Declan @ NsC2OJUPB3"" calls 0.20",2024-12-17T22:54:41.153Z,173447608115300
"""Hanley2 @ LXzsz8PhQN"" folds",2024-12-17T22:54:39.057Z,173447607905700
"""Davis @ MxiH63B6Pl"" folds",2024-12-17T22:54:38.066Z,173447607806600
"""Max Roman @ oiOtU2XuYt"" folds",2024-12-17T22:54:37.204Z,173447607720400
"""willdevens @ sVfd-WUsjU"" posts a big blind of 0.20",2024-12-17T22:54:34.608Z,173447607460813
"""slick nick @ Ch6VcKk8xd"" posts a small blind of 0.10",2024-12-17T22:54:34.608Z,173447607460812
"Your hand is 5♠, A♣",2024-12-17T22:54:34.608Z,173447607460806
"Player stacks: #1 ""Hanley2 @ LXzsz8PhQN"" (64.41) | #2 ""Declan @ NsC2OJUPB3"" (8.02) | #3 ""timh @ IDAaB_gryp"" (20.82) | #4 ""Spence @ cbvju-2iMm"" (68.24) | #5 ""Alex @ 2vIoBF2FSE"" (60.02) | #6 ""Kevin @ tbjpqIQSOB"" (28.22) | #7 ""slick nick @ Ch6VcKk8xd"" (31.80) | #8 ""willdevens @ sVfd-WUsjU"" (43.30) | #9 ""Max Roman @ oiOtU2XuYt"" (28.70) | #10 ""Davis @ MxiH63B6Pl"" (12.77)",2024-12-17T22:54:34.608Z,173447607460801
"-- starting hand #273 (id: s4fsi7fm10ig)  (No Limit Texas Hold'em) (dealer: ""Kevin @ tbjpqIQSOB"") --",2024-12-17T22:54:34.608Z,173447607460800
"-- ending hand #272 --",2024-12-17T22:54:26.599Z,173447606659902
"""timh @ IDAaB_gryp"" collected 8.01 from pot with Three of a Kind, 7's on the second run  (combination: 7♣, 7♥, 7♠, K♠, J♠)",2024-12-17T22:54:26.599Z,173447606659901
"""Declan @ NsC2OJUPB3"" collected 8.02 from pot with Two Pair, J's & 9's (combination: J♦, J♠, 9♦, 9♠, K♠)",2024-12-17T22:54:26.599Z,173447606659900
"River (second run): J♠, K♠, 7♥, 8♠ [7♠]",2024-12-17T22:54:22.589Z,173447606258900
"River: J♠, K♠, 7♥, 8♠ [9♠]",2024-12-17T22:54:18.579Z,173447605857900
"""timh @ IDAaB_gryp"" shows a 6♣, 7♣.",2024-12-17T22:54:14.575Z,173447605457501
"""Declan @ NsC2OJUPB3"" shows a 9♦, J♦.",2024-12-17T22:54:14.575Z,173447605457500
"All players in hand choose to run it twice.",2024-12-17T22:54:13.752Z,173447605375201
"""Declan @ NsC2OJUPB3"" chooses to  run it twice.",2024-12-17T22:54:13.752Z,173447605375200
"""timh @ IDAaB_gryp"" chooses to  run it twice.",2024-12-17T22:54:13.582Z,173447605358200
"Remaining players decide whether to run it twice.",2024-12-17T22:54:12.014Z,173447605201401
"""timh @ IDAaB_gryp"" calls 5.24",2024-12-17T22:54:12.014Z,173447605201400
"""Declan @ NsC2OJUPB3"" raises to 5.24 and go all in",2024-12-17T22:54:07.974Z,173447604797400
"""timh @ IDAaB_gryp"" bets 2.77",2024-12-17T22:53:57.099Z,173447603709900
"""Declan @ NsC2OJUPB3"" checks",2024-12-17T22:53:53.842Z,173447603384200
"Turn: J♠, K♠, 7♥ [8♠]",2024-12-17T22:53:49.626Z,173447602962600
"""Max Roman @ oiOtU2XuYt"" folds",2024-12-17T22:53:48.752Z,173447602875200
"""timh @ IDAaB_gryp"" calls 1.00",2024-12-17T22:53:37.488Z,173447601748800
"""Declan @ NsC2OJUPB3"" bets 1.00",2024-12-17T22:53:36.240Z,173447601624000
"""Max Roman @ oiOtU2XuYt"" checks",2024-12-17T22:53:31.813Z,173447601181300
"Flop:  [J♠, K♠, 7♥]",2024-12-17T22:53:28.206Z,173447600820600
"""willdevens @ sVfd-WUsjU"" folds",2024-12-17T22:53:27.384Z,173447600738400
"""slick nick @ Ch6VcKk8xd"" folds",2024-12-17T22:53:26.493Z,173447600649300
"""Kevin @ tbjpqIQSOB"" folds",2024-12-17T22:53:05.658Z,173447598565800
"""Alex @ 2vIoBF2FSE"" folds",2024-12-17T22:53:04.795Z,173447598479500
"""Spence @ cbvju-2iMm"" folds",2024-12-17T22:53:03.880Z,173447598388000
"""timh @ IDAaB_gryp"" calls 0.95",2024-12-17T22:53:02.963Z,173447598296300
"""Declan @ NsC2OJUPB3"" calls 0.95",2024-12-17T22:53:01.927Z,173447598192700
"""Hanley2 @ LXzsz8PhQN"" folds",2024-12-17T22:53:00.403Z,173447598040300
"""Davis @ MxiH63B6Pl"" folds",2024-12-17T22:52:59.384Z,173447597938400
"""Max Roman @ oiOtU2XuYt"" raises to 0.95",2024-12-17T22:52:58.413Z,173447597841300
"""willdevens @ sVfd-WUsjU"" posts a straddle of 0.40",2024-12-17T22:52:53.862Z,173447597386214
"""slick nick @ Ch6VcKk8xd"" posts a big blind of 0.20",2024-12-17T22:52:53.862Z,173447597386213
"""Kevin @ tbjpqIQSOB"" posts a small blind of 0.10",2024-12-17T22:52:53.862Z,173447597386212
"Your hand is 5♥, J♣",2024-12-17T22:52:53.862Z,173447597386206
"Player stacks: #1 ""Hanley2 @ LXzsz8PhQN"" (64.41) | #2 ""Declan @ NsC2OJUPB3"" (7.19) | #3 ""timh @ IDAaB_gryp"" (20.00) | #4 ""Spence @ cbvju-2iMm"" (68.24) | #5 ""Alex @ 2vIoBF2FSE"" (60.02) | #6 ""Kevin @ tbjpqIQSOB"" (28.32) | #7 ""slick nick @ Ch6VcKk8xd"" (32.00) | #8 ""willdevens @ sVfd-WUsjU"" (43.70) | #9 ""Max Roman @ oiOtU2XuYt"" (29.65) | #10 ""Davis @ MxiH63B6Pl"" (12.77)",2024-12-17T22:52:53.862Z,173447597386201
"-- starting hand #272 (id: zlffmxypjzwg)  (No Limit Texas Hold'em) (dealer: ""Alex @ 2vIoBF2FSE"") --",2024-12-17T22:52:53.862Z,173447597386200
"-- ending hand #271 --",2024-12-17T22:52:45.858Z,173447596585802
"""willdevens @ sVfd-WUsjU"" collected 21.85 from pot with Pair, 10's on the second run  (combination: 10♦, 10♣, Q♠, J♠, 5♣)",2024-12-17T22:52:45.858Z,173447596585801
"""willdevens @ sVfd-WUsjU"" collected 21.85 from pot with Two Pair, 10's & 3's (combination: 10♦, 10♣, 3♣, 3♦, Q♠)",2024-12-17T22:52:45.858Z,173447596585800
"River (second run): 5♣, 3♣, Q♠, J♠ [4♠]",2024-12-17T22:52:41.850Z,173447596185000
"Turn (second run): 5♣, 3♣, Q♠ [J♠]",2024-12-17T22:52:37.842Z,173447595784200
"River: 5♣, 3♣, Q♠, J♦ [3♦]",2024-12-17T22:52:33.763Z,173447595376300
"Turn: 5♣, 3♣, Q♠ [J♦]",2024-12-17T22:52:29.754Z,173447594975400
"""Declan @ NsC2OJUPB3"" shows a A♣, K♠.",2024-12-17T22:52:25.698Z,173447594569800
"""willdevens @ sVfd-WUsjU"" shows a 10♦, 10♣.",2024-12-17T22:52:25.317Z,173447594531700
"All players in hand choose to run it twice.",2024-12-17T22:52:24.873Z,173447594487301
"""willdevens @ sVfd-WUsjU"" chooses to  run it twice.",2024-12-17T22:52:24.873Z,173447594487300
"""Declan @ NsC2OJUPB3"" chooses to  run it twice.",2024-12-17T22:52:24.533Z,173447594453300
"Remaining players decide whether to run it twice.",2024-12-17T22:52:23.428Z,173447594342801
"""Declan @ NsC2OJUPB3"" calls 16.48",2024-12-17T22:52:23.428Z,173447594342800
"""willdevens @ sVfd-WUsjU"" raises to 16.48 and go all in",2024-12-17T22:52:14.907Z,173447593490700
"""Declan @ NsC2OJUPB3"" bets 5.00",2024-12-17T22:52:11.519Z,173447593151900
"""willdevens @ sVfd-WUsjU"" checks",2024-12-17T22:52:06.556Z,173447592655600
"Flop:  [5♣, 3♣, Q♠]",2024-12-17T22:52:04.406Z,173447592440600
"""willdevens @ sVfd-WUsjU"" calls 5.22",2024-12-17T22:52:03.582Z,173447592358200
"""Kevin @ tbjpqIQSOB"" folds",2024-12-17T22:52:02.382Z,173447592238200
"""Alex @ 2vIoBF2FSE"" folds",2024-12-17T22:51:54.353Z,173447591435300
"""Spence @ cbvju-2iMm"" folds",2024-12-17T22:51:53.507Z,173447591350700
"""timh @ IDAaB_gryp"" folds",2024-12-17T22:51:52.566Z,173447591256600
"""Declan @ NsC2OJUPB3"" raises to 5.22",2024-12-17T22:51:51.711Z,173447591171100
"""Hanley2 @ LXzsz8PhQN"" folds",2024-12-17T22:51:48.038Z,173447590803800
"""Davis @ MxiH63B6Pl"" folds",2024-12-17T22:51:46.992Z,173447590699200
"""Max Roman @ oiOtU2XuYt"" folds",2024-12-17T22:51:46.047Z,173447590604700
"""willdevens @ sVfd-WUsjU"" raises to 2.00",2024-12-17T22:51:43.667Z,173447590366700
"""slick nick @ Ch6VcKk8xd"" folds",2024-12-17T22:51:40.365Z,173447590036500
"""Kevin @ tbjpqIQSOB"" posts a big blind of 0.20",2024-12-17T22:51:36.459Z,173447589645914
"""Alex @ 2vIoBF2FSE"" posts a small blind of 0.10",2024-12-17T22:51:36.459Z,173447589645913
"Your hand is 8♥, 3♥",2024-12-17T22:51:36.459Z,173447589645907
"Player stacks: #1 ""Hanley2 @ LXzsz8PhQN"" (64.41) | #2 ""Declan @ NsC2OJUPB3"" (28.89) | #3 ""timh @ IDAaB_gryp"" (20.00) | #4 ""Spence @ cbvju-2iMm"" (68.24) | #5 ""Alex @ 2vIoBF2FSE"" (60.12) | #6 ""Kevin @ tbjpqIQSOB"" (28.52) | #7 ""slick nick @ Ch6VcKk8xd"" (32.00) | #8 ""willdevens @ sVfd-WUsjU"" (21.70) | #9 ""Max Roman @ oiOtU2XuYt"" (29.65) | #10 ""Davis @ MxiH63B6Pl"" (12.77)",2024-12-17T22:51:36.459Z,173447589645902
"-- starting hand #271 (id: nuzfhgb0p8hd)  (No Limit Texas Hold'em) (dealer: ""Spence @ cbvju-2iMm"") --",2024-12-17T22:51:36.459Z,173447589645901
"The player ""timh @ IDAaB_gryp"" joined the game with a stack of 20.00.",2024-12-17T22:51:36.459Z,173447589645900
"Undealt cards: J♦, A♦, 5♣ [2♦, 6♥]",2024-12-17T22:51:31.073Z,173447589107300
"-- ending hand #270 --",2024-12-17T22:51:30.549Z,173447589054902
"""Spence @ cbvju-2iMm"" collected 6.00 from pot",2024-12-17T22:51:30.549Z,173447589054901
"Uncalled bet of 6.00 returned to ""Spence @ cbvju-2iMm""",2024-12-17T22:51:30.549Z,173447589054900
"""Max Roman @ oiOtU2XuYt"" folds",2024-12-17T22:51:29.725Z,173447588972500
"""slick nick @ Ch6VcKk8xd"" folds",2024-12-17T22:51:25.860Z,173447588586000
"""Alex @ 2vIoBF2FSE"" folds",2024-12-17T22:51:20.441Z,173447588044100
"""Spence @ cbvju-2iMm"" bets 6.00",2024-12-17T22:51:19.505Z,173447587950500
"Flop:  [J♦, A♦, 5♣]",2024-12-17T22:51:11.027Z,173447587102700
"""Declan @ NsC2OJUPB3"" folds",2024-12-17T22:51:10.172Z,173447587017200
"""Max Roman @ oiOtU2XuYt"" calls 1.40",2024-12-17T22:51:09.284Z,173447586928400
"""slick nick @ Ch6VcKk8xd"" calls 1.40",2024-12-17T22:50:59.246Z,173447585924600
"""Kevin @ tbjpqIQSOB"" folds",2024-12-17T22:50:58.374Z,173447585837400
"""Alex @ 2vIoBF2FSE"" calls 1.40",2024-12-17T22:50:56.290Z,173447585629000
"""Spence @ cbvju-2iMm"" raises to 1.40",2024-12-17T22:50:55.291Z,173447585529100
"""Declan @ NsC2OJUPB3"" calls 0.20",2024-12-17T22:50:49.619Z,173447584961900
"""Hanley2 @ LXzsz8PhQN"" folds",2024-12-17T22:50:47.718Z,173447584771800
"""Davis @ MxiH63B6Pl"" folds",2024-12-17T22:50:46.650Z,173447584665000
"""Max Roman @ oiOtU2XuYt"" calls 0.20",2024-12-17T22:50:45.731Z,173447584573100
"""willdevens @ sVfd-WUsjU"" folds",2024-12-17T22:50:41.384Z,173447584138400
"""slick nick @ Ch6VcKk8xd"" calls 0.20",2024-12-17T22:50:40.217Z,173447584021700
"The admin approved the player ""timh @ IDAaB_gryp"" participation with a stack of 20.00.",2024-12-17T22:50:38.174Z,173447583817400
"""Kevin @ tbjpqIQSOB"" calls 0.20",2024-12-17T22:50:36.070Z,173447583607000
"""Alex @ 2vIoBF2FSE"" posts a big blind of 0.20",2024-12-17T22:50:33.678Z,173447583367813
"""Spence @ cbvju-2iMm"" posts a small blind of 0.10",2024-12-17T22:50:33.678Z,173447583367812
"Your hand is 6♣, 6♦",2024-12-17T22:50:33.678Z,173447583367806
"Player stacks: #1 ""Hanley2 @ LXzsz8PhQN"" (64.41) | #2 ""Declan @ NsC2OJUPB3"" (29.09) | #4 ""Spence @ cbvju-2iMm"" (63.64) | #5 ""Alex @ 2vIoBF2FSE"" (61.52) | #6 ""Kevin @ tbjpqIQSOB"" (28.72) | #7 ""slick nick @ Ch6VcKk8xd"" (33.40) | #8 ""willdevens @ sVfd-WUsjU"" (21.70) | #9 ""Max Roman @ oiOtU2XuYt"" (31.05) | #10 ""Davis @ MxiH63B6Pl"" (12.77)",2024-12-17T22:50:33.678Z,173447583367802
"-- starting hand #270 (id: sygdob9ijgqs)  (No Limit Texas Hold'em) (dealer: ""Declan @ NsC2OJUPB3"") --",2024-12-17T22:50:33.678Z,173447583367801
"The player ""Pabz ivey @ h6PkxSmy50"" quits the game with a stack of 15.73.",2024-12-17T22:50:33.678Z,173447583367800
"-- ending hand #269 --",2024-12-17T22:50:25.666Z,173447582566602
"""Kevin @ tbjpqIQSOB"" collected 21.69 from pot with Two Pair, J's & 10's on the second run  (combination: J♣, J♥, 10♣, 10♦, Q♠)",2024-12-17T22:50:25.666Z,173447582566601
"""willdevens @ sVfd-WUsjU"" collected 21.70 from pot with Full House, J's over 9's (combination: J♣, J♥, J♠, 9♣, 9♦)",2024-12-17T22:50:25.666Z,173447582566600
"River (second run): J♣, J♥, 9♦, 3♣ [10♦]",2024-12-17T22:50:21.659Z,173447582165900
"Turn (second run): J♣, J♥, 9♦ [3♣]",2024-12-17T22:50:17.657Z,173447581765700
"River: J♣, J♥, 9♦, J♠ [8♦]",2024-12-17T22:50:13.635Z,173447581363500
"Turn: J♣, J♥, 9♦ [J♠]",2024-12-17T22:50:09.597Z,173447580959700
"""Kevin @ tbjpqIQSOB"" shows a 10♣, Q♠.",2024-12-17T22:50:05.573Z,173447580557301
"Uncalled bet of 7.03 returned to ""Kevin @ tbjpqIQSOB""",2024-12-17T22:50:05.573Z,173447580557300
"""willdevens @ sVfd-WUsjU"" shows a 9♣, K♣.",2024-12-17T22:50:05.272Z,173447580527200
"All players in hand choose to run it twice.",2024-12-17T22:50:04.759Z,173447580475901
"""willdevens @ sVfd-WUsjU"" chooses to  run it twice.",2024-12-17T22:50:04.759Z,173447580475900
"""Kevin @ tbjpqIQSOB"" chooses to  run it twice.",2024-12-17T22:50:04.318Z,173447580431800
"Remaining players decide whether to run it twice.",2024-12-17T22:50:03.213Z,173447580321301
"""Hanley2 @ LXzsz8PhQN"" folds",2024-12-17T22:50:03.213Z,173447580321300
"""willdevens @ sVfd-WUsjU"" calls 14.62 and go all in",2024-12-17T22:50:01.469Z,173447580146900
"""Kevin @ tbjpqIQSOB"" raises to 21.65 and go all in",2024-12-17T22:49:52.562Z,173447579256200
"""Spence @ cbvju-2iMm"" folds",2024-12-17T22:49:49.856Z,173447578985600
"""Hanley2 @ LXzsz8PhQN"" calls 5.50",2024-12-17T22:49:31.845Z,173447577184500
"""Max Roman @ oiOtU2XuYt"" folds",2024-12-17T22:49:30.410Z,173447577041000
"""willdevens @ sVfd-WUsjU"" bets 5.50",2024-12-17T22:49:28.652Z,173447576865200
"""Kevin @ tbjpqIQSOB"" checks",2024-12-17T22:49:23.144Z,173447576314400
"""Spence @ cbvju-2iMm"" checks",2024-12-17T22:49:22.139Z,173447576213900
"The player ""Pabz ivey @ h6PkxSmy50"" sit back with the stack of 15.73.",2024-12-17T22:49:13.200Z,173447575320000
"The admin ""Hanley2 @ LXzsz8PhQN"" enqueued the removal of the player ""Pabz ivey @ h6PkxSmy50"".",2024-12-17T22:49:03.655Z,173447574365500
"Flop:  [J♣, J♥, 9♦]",2024-12-17T22:49:02.097Z,173447574209700
"""willdevens @ sVfd-WUsjU"" calls 1.67",2024-12-17T22:49:01.263Z,173447574126300
"""Kevin @ tbjpqIQSOB"" calls 1.67",2024-12-17T22:49:00.050Z,173447574005000
"""Alex @ 2vIoBF2FSE"" folds",2024-12-17T22:48:59.073Z,173447573907300
"""Spence @ cbvju-2iMm"" calls 1.67",2024-12-17T22:48:58.212Z,173447573821200
"""Declan @ NsC2OJUPB3"" folds",2024-12-17T22:48:45.444Z,173447572544400
"""Hanley2 @ LXzsz8PhQN"" calls 1.67",2024-12-17T22:48:44.568Z,173447572456800
"""Davis @ MxiH63B6Pl"" folds",2024-12-17T22:48:41.939Z,173447572193900
"""Max Roman @ oiOtU2XuYt"" raises to 1.67",2024-12-17T22:48:40.998Z,173447572099800
"""willdevens @ sVfd-WUsjU"" calls 0.40",2024-12-17T22:48:37.134Z,173447571713400
"""slick nick @ Ch6VcKk8xd"" folds",2024-12-17T22:48:35.674Z,173447571567400
"""Kevin @ tbjpqIQSOB"" raises to 0.40",2024-12-17T22:48:34.767Z,173447571476700
"""Alex @ 2vIoBF2FSE"" calls 0.20",2024-12-17T22:48:32.626Z,173447571262600
"""Spence @ cbvju-2iMm"" posts a big blind of 0.20",2024-12-17T22:48:29.464Z,173447570946412
"""Declan @ NsC2OJUPB3"" posts a small blind of 0.10",2024-12-17T22:48:29.464Z,173447570946411
"Your hand is 5♣, Q♣",2024-12-17T22:48:29.464Z,173447570946405
"Player stacks: #1 ""Hanley2 @ LXzsz8PhQN"" (71.58) | #2 ""Declan @ NsC2OJUPB3"" (29.19) | #4 ""Spence @ cbvju-2iMm"" (65.31) | #5 ""Alex @ 2vIoBF2FSE"" (61.72) | #6 ""Kevin @ tbjpqIQSOB"" (23.32) | #7 ""slick nick @ Ch6VcKk8xd"" (33.40) | #8 ""willdevens @ sVfd-WUsjU"" (16.29) | #9 ""Max Roman @ oiOtU2XuYt"" (32.72) | #10 ""Davis @ MxiH63B6Pl"" (12.77)",2024-12-17T22:48:29.464Z,173447570946401
"-- starting hand #269 (id: aewzdnjd0vy4)  (No Limit Texas Hold'em) (dealer: ""Hanley2 @ LXzsz8PhQN"") --",2024-12-17T22:48:29.464Z,173447570946400
"""willdevens @ sVfd-WUsjU"" shows a 5♦, J♥.",2024-12-17T22:48:26.064Z,173447570606400
"""Spence @ cbvju-2iMm"" shows a 7♦, J♠.",2024-12-17T22:48:24.244Z,173447570424400
"-- ending hand #268 --",2024-12-17T22:48:22.116Z,173447570211602
"""Spence @ cbvju-2iMm"" collected 8.28 from pot",2024-12-17T22:48:22.116Z,173447570211601
"Uncalled bet of 6.21 returned to ""Spence @ cbvju-2iMm""",2024-12-17T22:48:22.116Z,173447570211600
"""Davis @ MxiH63B6Pl"" folds",2024-12-17T22:48:21.306Z,173447570130600
"""Max Roman @ oiOtU2XuYt"" folds",2024-12-17T22:48:07.753Z,173447568775300
"""Spence @ cbvju-2iMm"" bets 6.21",2024-12-17T22:48:05.598Z,173447568559800
"Flop:  [2♦, 8♣, 5♠]",2024-12-17T22:47:59.605Z,173447567960500
"""Max Roman @ oiOtU2XuYt"" calls 2.66",2024-12-17T22:47:58.752Z,173447567875200
"""Spence @ cbvju-2iMm"" calls 2.66",2024-12-17T22:47:56.806Z,173447567680600
"""Declan @ NsC2OJUPB3"" folds",2024-12-17T22:47:52.125Z,173447567212500
"""Hanley2 @ LXzsz8PhQN"" folds",2024-12-17T22:47:51.189Z,173447567118900
"""Davis @ MxiH63B6Pl"" raises to 2.66",2024-12-17T22:47:48.452Z,173447566845200
"""Max Roman @ oiOtU2XuYt"" raises to 0.72",2024-12-17T22:47:40.513Z,173447566051300
"""willdevens @ sVfd-WUsjU"" folds",2024-12-17T22:47:37.081Z,173447565708100
"""slick nick @ Ch6VcKk8xd"" folds",2024-12-17T22:47:33.394Z,173447565339400
"""Kevin @ tbjpqIQSOB"" folds",2024-12-17T22:47:32.546Z,173447565254600
"""Alex @ 2vIoBF2FSE"" folds",2024-12-17T22:47:31.653Z,173447565165300
"""Spence @ cbvju-2iMm"" calls 0.20",2024-12-17T22:47:29.551Z,173447564955100
"""Declan @ NsC2OJUPB3"" posts a big blind of 0.20",2024-12-17T22:47:26.344Z,173447564634412
"""Hanley2 @ LXzsz8PhQN"" posts a small blind of 0.10",2024-12-17T22:47:26.344Z,173447564634411
"Your hand is 4♠, Q♥",2024-12-17T22:47:26.344Z,173447564634405
"Player stacks: #1 ""Hanley2 @ LXzsz8PhQN"" (71.68) | #2 ""Declan @ NsC2OJUPB3"" (29.39) | #4 ""Spence @ cbvju-2iMm"" (59.69) | #5 ""Alex @ 2vIoBF2FSE"" (61.72) | #6 ""Kevin @ tbjpqIQSOB"" (23.32) | #7 ""slick nick @ Ch6VcKk8xd"" (33.40) | #8 ""willdevens @ sVfd-WUsjU"" (16.29) | #9 ""Max Roman @ oiOtU2XuYt"" (35.38) | #10 ""Davis @ MxiH63B6Pl"" (15.43)",2024-12-17T22:47:26.344Z,173447564634401
"-- starting hand #268 (id: dlq7b5wkva00)  (No Limit Texas Hold'em) (dealer: ""Davis @ MxiH63B6Pl"") --",2024-12-17T22:47:26.344Z,173447564634400
"Undealt cards: K♥, A♥, 2♦ [6♥, 8♠]",2024-12-17T22:47:22.063Z,173447564206300
"-- ending hand #267 --",2024-12-17T22:47:20.422Z,173447564042202
"""slick nick @ Ch6VcKk8xd"" collected 6.60 from pot",2024-12-17T22:47:20.422Z,173447564042201
"Uncalled bet of 6.60 returned to ""slick nick @ Ch6VcKk8xd""",2024-12-17T22:47:20.422Z,173447564042200
"""Alex @ 2vIoBF2FSE"" folds",2024-12-17T22:47:19.610Z,173447563961000
"""Declan @ NsC2OJUPB3"" folds",2024-12-17T22:47:18.665Z,173447563866500
"""slick nick @ Ch6VcKk8xd"" raises to 7.60",2024-12-17T22:47:01.038Z,173447562103800
"""Alex @ 2vIoBF2FSE"" calls 1.00",2024-12-17T22:46:58.672Z,173447561867200
"""Declan @ NsC2OJUPB3"" bets 1.00",2024-12-17T22:46:57.479Z,173447561747900
"Flop:  [K♥, A♥, 2♦]",2024-12-17T22:46:52.509Z,173447561250900
"""Alex @ 2vIoBF2FSE"" calls 1.10",2024-12-17T22:46:51.646Z,173447561164600
"""Declan @ NsC2OJUPB3"" calls 1.10",2024-12-17T22:46:49.114Z,173447560911400
"""Hanley2 @ LXzsz8PhQN"" folds",2024-12-17T22:46:38.268Z,173447559826800
"""Davis @ MxiH63B6Pl"" folds",2024-12-17T22:46:37.232Z,173447559723200
"""Max Roman @ oiOtU2XuYt"" folds",2024-12-17T22:46:36.342Z,173447559634200
"""willdevens @ sVfd-WUsjU"" folds",2024-12-17T22:46:35.493Z,173447559549300
"""slick nick @ Ch6VcKk8xd"" raises to 1.10",2024-12-17T22:46:34.619Z,173447559461900
"""Kevin @ tbjpqIQSOB"" folds",2024-12-17T22:46:32.136Z,173447559213600
"""Alex @ 2vIoBF2FSE"" raises to 0.65",2024-12-17T22:46:31.191Z,173447559119100
"""Spence @ cbvju-2iMm"" folds",2024-12-17T22:46:29.495Z,173447558949500
"""Declan @ NsC2OJUPB3"" calls 0.20",2024-12-17T22:46:22.787Z,173447558278700
"""Hanley2 @ LXzsz8PhQN"" posts a big blind of 0.20",2024-12-17T22:46:18.602Z,173447557860212
"""Davis @ MxiH63B6Pl"" posts a small blind of 0.10",2024-12-17T22:46:18.602Z,173447557860211
"Your hand is 5♣, 5♠",2024-12-17T22:46:18.602Z,173447557860205
"Player stacks: #1 ""Hanley2 @ LXzsz8PhQN"" (71.88) | #2 ""Declan @ NsC2OJUPB3"" (31.49) | #4 ""Spence @ cbvju-2iMm"" (59.69) | #5 ""Alex @ 2vIoBF2FSE"" (63.82) | #6 ""Kevin @ tbjpqIQSOB"" (23.32) | #7 ""slick nick @ Ch6VcKk8xd"" (28.90) | #8 ""willdevens @ sVfd-WUsjU"" (16.29) | #9 ""Max Roman @ oiOtU2XuYt"" (35.38) | #10 ""Davis @ MxiH63B6Pl"" (15.53)",2024-12-17T22:46:18.602Z,173447557860201
"-- starting hand #267 (id: 8jjuinzd6d0e)  (No Limit Texas Hold'em) (dealer: ""Max Roman @ oiOtU2XuYt"") --",2024-12-17T22:46:18.602Z,173447557860200
"""Alex @ 2vIoBF2FSE"" shows a A♠.",2024-12-17T22:46:16.831Z,173447557683100
"Undealt cards: 8♦, J♥, A♦ [5♠, 4♥]",2024-12-17T22:46:14.033Z,173447557403300
"""Davis @ MxiH63B6Pl"" shows a A♣.",2024-12-17T22:46:13.866Z,173447557386600
"-- ending hand #266 --",2024-12-17T22:46:11.278Z,173447557127802
"""Declan @ NsC2OJUPB3"" collected 5.30 from pot",2024-12-17T22:46:11.278Z,173447557127801
"Uncalled bet of 2.00 returned to ""Declan @ NsC2OJUPB3""",2024-12-17T22:46:11.278Z,173447557127800
"""Davis @ MxiH63B6Pl"" folds",2024-12-17T22:46:10.457Z,173447557045700
"""Kevin @ tbjpqIQSOB"" folds",2024-12-17T22:46:03.050Z,173447556305000
"""Spence @ cbvju-2iMm"" folds",2024-12-17T22:46:02.092Z,173447556209200
"""Declan @ NsC2OJUPB3"" bets 2.00",2024-12-17T22:45:59.360Z,173447555936000
"""Davis @ MxiH63B6Pl"" checks",2024-12-17T22:45:53.687Z,173447555368700
"Flop:  [8♦, J♥, A♦]",2024-12-17T22:45:52.031Z,173447555203100
"""Kevin @ tbjpqIQSOB"" calls 1.10",2024-12-17T22:45:51.213Z,173447555121300
"""Alex @ 2vIoBF2FSE"" folds",2024-12-17T22:45:49.679Z,173447554967900
"""Spence @ cbvju-2iMm"" calls 1.10",2024-12-17T22:45:45.369Z,173447554536900
"""Declan @ NsC2OJUPB3"" calls 1.10",2024-12-17T22:45:43.847Z,173447554384700
"""Hanley2 @ LXzsz8PhQN"" folds",2024-12-17T22:45:42.730Z,173447554273000
"""Davis @ MxiH63B6Pl"" raises to 1.10",2024-12-17T22:45:40.765Z,173447554076500
"""Max Roman @ oiOtU2XuYt"" folds",2024-12-17T22:45:35.826Z,173447553582600
"""willdevens @ sVfd-WUsjU"" folds",2024-12-17T22:45:34.869Z,173447553486900
"""slick nick @ Ch6VcKk8xd"" folds",2024-12-17T22:45:33.988Z,173447553398800
"""Kevin @ tbjpqIQSOB"" calls 0.60",2024-12-17T22:45:33.058Z,173447553305800
"""Alex @ 2vIoBF2FSE"" raises to 0.60",2024-12-17T22:45:31.662Z,173447553166200
"""Spence @ cbvju-2iMm"" calls 0.20",2024-12-17T22:45:26.509Z,173447552650900
"""Declan @ NsC2OJUPB3"" calls 0.20",2024-12-17T22:45:24.404Z,173447552440400
"""Hanley2 @ LXzsz8PhQN"" calls 0.20",2024-12-17T22:45:22.681Z,173447552268100
"""Davis @ MxiH63B6Pl"" posts a big blind of 0.20",2024-12-17T22:45:19.231Z,173447551923112
"""Max Roman @ oiOtU2XuYt"" posts a small blind of 0.10",2024-12-17T22:45:19.231Z,173447551923111
"Your hand is 10♣, A♠",2024-12-17T22:45:19.231Z,173447551923105
"Player stacks: #1 ""Hanley2 @ LXzsz8PhQN"" (72.08) | #2 ""Declan @ NsC2OJUPB3"" (27.29) | #4 ""Spence @ cbvju-2iMm"" (60.79) | #5 ""Alex @ 2vIoBF2FSE"" (64.42) | #6 ""Kevin @ tbjpqIQSOB"" (24.42) | #7 ""slick nick @ Ch6VcKk8xd"" (28.90) | #8 ""willdevens @ sVfd-WUsjU"" (16.29) | #9 ""Max Roman @ oiOtU2XuYt"" (35.48) | #10 ""Davis @ MxiH63B6Pl"" (16.63)",2024-12-17T22:45:19.231Z,173447551923101
"-- starting hand #266 (id: oatubgurpg1l)  (No Limit Texas Hold'em) (dealer: ""willdevens @ sVfd-WUsjU"") --",2024-12-17T22:45:19.231Z,173447551923100
"Undealt cards: 8♠, 7♥, 2♠, 3♣ [A♦]",2024-12-17T22:45:13.929Z,173447551392900
"-- ending hand #265 --",2024-12-17T22:45:13.301Z,173447551330102
"""Alex @ 2vIoBF2FSE"" collected 6.20 from pot",2024-12-17T22:45:13.301Z,173447551330101
"Uncalled bet of 3.15 returned to ""Alex @ 2vIoBF2FSE""",2024-12-17T22:45:13.301Z,173447551330100
"""willdevens @ sVfd-WUsjU"" folds",2024-12-17T22:45:12.478Z,173447551247800
"""Alex @ 2vIoBF2FSE"" bets 3.15",2024-12-17T22:45:09.491Z,173447550949100
"""willdevens @ sVfd-WUsjU"" checks",2024-12-17T22:45:07.012Z,173447550701200
"Turn: 8♠, 7♥, 2♠ [3♣]",2024-12-17T22:45:04.645Z,173447550464500
"""slick nick @ Ch6VcKk8xd"" folds",2024-12-17T22:45:03.834Z,173447550383400
"""Alex @ 2vIoBF2FSE"" calls 1.25",2024-12-17T22:45:02.969Z,173447550296900
"""willdevens @ sVfd-WUsjU"" bets 1.25",2024-12-17T22:45:01.612Z,173447550161200
"Flop:  [8♠, 7♥, 2♠]",2024-12-17T22:44:56.192Z,173447549619200
"""slick nick @ Ch6VcKk8xd"" calls 1.10",2024-12-17T22:44:55.363Z,173447549536300
"""Alex @ 2vIoBF2FSE"" calls 1.10",2024-12-17T22:44:51.877Z,173447549187700
"""Hanley2 @ LXzsz8PhQN"" folds",2024-12-17T22:44:50.436Z,173447549043600
"""Max Roman @ oiOtU2XuYt"" folds",2024-12-17T22:44:46.379Z,173447548637900
"""willdevens @ sVfd-WUsjU"" raises to 1.10",2024-12-17T22:44:42.529Z,173447548252900
"""slick nick @ Ch6VcKk8xd"" calls 0.20",2024-12-17T22:44:37.991Z,173447547799100
"""Kevin @ tbjpqIQSOB"" folds",2024-12-17T22:44:36.678Z,173447547667800
"""Alex @ 2vIoBF2FSE"" calls 0.20",2024-12-17T22:44:32.127Z,173447547212700
"""Spence @ cbvju-2iMm"" folds",2024-12-17T22:44:29.017Z,173447546901700
"""Declan @ NsC2OJUPB3"" folds",2024-12-17T22:44:28.037Z,173447546803700
"""Hanley2 @ LXzsz8PhQN"" calls 0.20",2024-12-17T22:44:27.074Z,173447546707400
"""Davis @ MxiH63B6Pl"" folds",2024-12-17T22:44:23.994Z,173447546399400
"""Max Roman @ oiOtU2XuYt"" posts a big blind of 0.20",2024-12-17T22:44:15.622Z,173447545562213
"""willdevens @ sVfd-WUsjU"" posts a small blind of 0.10",2024-12-17T22:44:15.622Z,173447545562212
"Your hand is 3♦, J♥",2024-12-17T22:44:15.622Z,173447545562206
"Player stacks: #1 ""Hanley2 @ LXzsz8PhQN"" (72.28) | #2 ""Declan @ NsC2OJUPB3"" (27.29) | #4 ""Spence @ cbvju-2iMm"" (60.79) | #5 ""Alex @ 2vIoBF2FSE"" (60.57) | #6 ""Kevin @ tbjpqIQSOB"" (24.42) | #7 ""slick nick @ Ch6VcKk8xd"" (30.00) | #8 ""willdevens @ sVfd-WUsjU"" (18.64) | #9 ""Max Roman @ oiOtU2XuYt"" (35.68) | #10 ""Davis @ MxiH63B6Pl"" (16.63)",2024-12-17T22:44:15.622Z,173447545562202
"-- starting hand #265 (id: y7r69ahjjxu9)  (No Limit Texas Hold'em) (dealer: ""slick nick @ Ch6VcKk8xd"") --",2024-12-17T22:44:15.622Z,173447545562201
"The player ""Pabz ivey @ h6PkxSmy50"" stand up with the stack of 15.73.",2024-12-17T22:44:15.622Z,173447545562200
"-- ending hand #264 --",2024-12-17T22:44:09.692Z,173447544969202
"""Spence @ cbvju-2iMm"" collected 2.10 from pot",2024-12-17T22:44:09.692Z,173447544969201
"Uncalled bet of 1.57 returned to ""Spence @ cbvju-2iMm""",2024-12-17T22:44:09.692Z,173447544969200
"""Declan @ NsC2OJUPB3"" folds",2024-12-17T22:44:08.878Z,173447544887800
"""Max Roman @ oiOtU2XuYt"" folds",2024-12-17T22:43:59.881Z,173447543988100
"""Kevin @ tbjpqIQSOB"" folds",2024-12-17T22:43:57.943Z,173447543794300
"""Spence @ cbvju-2iMm"" bets 1.57",2024-12-17T22:43:56.999Z,173447543699900
"""Declan @ NsC2OJUPB3"" checks",2024-12-17T22:43:51.814Z,173447543181400
"""Max Roman @ oiOtU2XuYt"" checks",2024-12-17T22:43:49.459Z,173447542945900
"Flop:  [9♠, Q♠, J♦]",2024-12-17T22:43:45.755Z,173447542575500
"""willdevens @ sVfd-WUsjU"" folds",2024-12-17T22:43:44.946Z,173447542494600
"""slick nick @ Ch6VcKk8xd"" folds",2024-12-17T22:43:44.041Z,173447542404100
"The admin ""Hanley2 @ LXzsz8PhQN"" forced the player ""Pabz ivey @ h6PkxSmy50"" to away mode in the next hand.",2024-12-17T22:43:43.599Z,173447542359900
"""Kevin @ tbjpqIQSOB"" calls 0.45",2024-12-17T22:43:43.169Z,173447542316900
"""Alex @ 2vIoBF2FSE"" folds",2024-12-17T22:43:42.242Z,173447542224200
"""Spence @ cbvju-2iMm"" calls 0.45",2024-12-17T22:43:41.392Z,173447542139200
"""Pabz ivey @ h6PkxSmy50"" folds",2024-12-17T22:43:40.400Z,173447542040000
"""Declan @ NsC2OJUPB3"" calls 0.45",2024-12-17T22:43:19.525Z,173447539952500
"""Hanley2 @ LXzsz8PhQN"" folds",2024-12-17T22:43:18.008Z,173447539800800
"""Davis @ MxiH63B6Pl"" folds",2024-12-17T22:43:16.985Z,173447539698500
"""Max Roman @ oiOtU2XuYt"" raises to 0.45",2024-12-17T22:42:59.403Z,173447537940300
"""willdevens @ sVfd-WUsjU"" posts a big blind of 0.20",2024-12-17T22:42:53.550Z,173447537355013
"""slick nick @ Ch6VcKk8xd"" posts a small blind of 0.10",2024-12-17T22:42:53.550Z,173447537355012
"Your hand is 9♦, 3♦",2024-12-17T22:42:53.550Z,173447537355006
"Player stacks: #1 ""Hanley2 @ LXzsz8PhQN"" (72.28) | #2 ""Declan @ NsC2OJUPB3"" (27.74) | #3 ""Pabz ivey @ h6PkxSmy50"" (15.73) | #4 ""Spence @ cbvju-2iMm"" (59.14) | #5 ""Alex @ 2vIoBF2FSE"" (60.57) | #6 ""Kevin @ tbjpqIQSOB"" (24.87) | #7 ""slick nick @ Ch6VcKk8xd"" (30.10) | #8 ""willdevens @ sVfd-WUsjU"" (18.84) | #9 ""Max Roman @ oiOtU2XuYt"" (36.13) | #10 ""Davis @ MxiH63B6Pl"" (16.63)",2024-12-17T22:42:53.550Z,173447537355001
"-- starting hand #264 (id: 5js6tskhxnzw)  (No Limit Texas Hold'em) (dealer: ""Kevin @ tbjpqIQSOB"") --",2024-12-17T22:42:53.550Z,173447537355000
"""Alex @ 2vIoBF2FSE"" shows a K♣, Q♦.",2024-12-17T22:42:47.687Z,173447536768700
"""Max Roman @ oiOtU2XuYt"" shows a 2♣, 10♠.",2024-12-17T22:42:45.590Z,173447536559000
"-- ending hand #263 --",2024-12-17T22:42:44.537Z,173447536453702
"""willdevens @ sVfd-WUsjU"" collected 9.42 from pot with Pair, Q's on the second run  (combination: Q♥, Q♠, J♠, 10♦, 8♣)",2024-12-17T22:42:44.537Z,173447536453701
"""willdevens @ sVfd-WUsjU"" collected 9.42 from pot with Two Pair, Q's & 10's (combination: Q♥, Q♠, 10♣, 10♥, K♥)",2024-12-17T22:42:44.537Z,173447536453700
"River (second run): 5♥, J♠, 10♦, 8♣ [2♠]",2024-12-17T22:42:40.527Z,173447536052700
"Turn (second run): 5♥, J♠, 10♦ [8♣]",2024-12-17T22:42:36.522Z,173447535652200
"Flop (second run):  [5♥, J♠, 10♦]",2024-12-17T22:42:32.517Z,173447535251700
"River: 10♣, 6♣, K♥, 2♦ [10♥]",2024-12-17T22:42:28.514Z,173447534851400
"Turn: 10♣, 6♣, K♥ [2♦]",2024-12-17T22:42:24.501Z,173447534450100
"Flop:  [10♣, 6♣, K♥]",2024-12-17T22:42:20.462Z,173447534046200
"""willdevens @ sVfd-WUsjU"" shows a Q♥, Q♠.",2024-12-17T22:42:16.213Z,173447533621300
"""Spence @ cbvju-2iMm"" shows a 6♦, A♣.",2024-12-17T22:42:16.188Z,173447533618800
"All players in hand choose to run it twice.",2024-12-17T22:42:15.573Z,173447533557301
"""Spence @ cbvju-2iMm"" chooses to  run it twice.",2024-12-17T22:42:15.573Z,173447533557300
"""willdevens @ sVfd-WUsjU"" chooses to  run it twice.",2024-12-17T22:42:15.008Z,173447533500800
"Remaining players decide whether to run it twice.",2024-12-17T22:42:13.318Z,173447533331801
"""slick nick @ Ch6VcKk8xd"" folds",2024-12-17T22:42:13.318Z,173447533331800
"""Alex @ 2vIoBF2FSE"" folds",2024-12-17T22:42:09.320Z,173447532932000
"""Spence @ cbvju-2iMm"" calls 8.27",2024-12-17T22:41:58.506Z,173447531850600
"""willdevens @ sVfd-WUsjU"" raises to 8.27 and go all in",2024-12-17T22:41:52.993Z,173447531299300
"""slick nick @ Ch6VcKk8xd"" calls 1.10",2024-12-17T22:41:49.261Z,173447530926100
"""Kevin @ tbjpqIQSOB"" folds",2024-12-17T22:41:45.214Z,173447530521400
"""Alex @ 2vIoBF2FSE"" raises to 1.10",2024-12-17T22:41:44.205Z,173447530420500
"""Spence @ cbvju-2iMm"" calls 0.40",2024-12-17T22:41:41.326Z,173447530132600
"""Pabz ivey @ h6PkxSmy50"" folds",2024-12-17T22:41:40.055Z,173447530005500
"""Declan @ NsC2OJUPB3"" folds",2024-12-17T22:41:37.333Z,173447529733300
"""Hanley2 @ LXzsz8PhQN"" folds",2024-12-17T22:41:36.464Z,173447529646400
"""Davis @ MxiH63B6Pl"" folds",2024-12-17T22:41:35.029Z,173447529502900
"""Max Roman @ oiOtU2XuYt"" folds",2024-12-17T22:41:34.154Z,173447529415400
"""willdevens @ sVfd-WUsjU"" posts a straddle of 0.40",2024-12-17T22:41:31.975Z,173447529197514
"""slick nick @ Ch6VcKk8xd"" posts a big blind of 0.20",2024-12-17T22:41:31.975Z,173447529197513
"""Kevin @ tbjpqIQSOB"" posts a small blind of 0.10",2024-12-17T22:41:31.975Z,173447529197512
"Your hand is K♣, Q♦",2024-12-17T22:41:31.975Z,173447529197506
"Player stacks: #1 ""Hanley2 @ LXzsz8PhQN"" (72.28) | #2 ""Declan @ NsC2OJUPB3"" (27.74) | #3 ""Pabz ivey @ h6PkxSmy50"" (15.73) | #4 ""Spence @ cbvju-2iMm"" (67.41) | #5 ""Alex @ 2vIoBF2FSE"" (61.67) | #6 ""Kevin @ tbjpqIQSOB"" (24.97) | #7 ""slick nick @ Ch6VcKk8xd"" (31.20) | #8 ""willdevens @ sVfd-WUsjU"" (8.27) | #9 ""Max Roman @ oiOtU2XuYt"" (36.13) | #10 ""Davis @ MxiH63B6Pl"" (16.63)",2024-12-17T22:41:31.975Z,173447529197501
"-- starting hand #263 (id: tcrubquvcsse)  (No Limit Texas Hold'em) (dealer: ""Alex @ 2vIoBF2FSE"") --",2024-12-17T22:41:31.975Z,173447529197500
"-- ending hand #262 --",2024-12-17T22:41:25.964Z,173447528596403
"""Hanley2 @ LXzsz8PhQN"" shows a 6♦, 6♥.",2024-12-17T22:41:25.964Z,173447528596402
"""Spence @ cbvju-2iMm"" collected 11.40 from pot with Pair, Q's (combination: Q♥, Q♦, A♣, J♥, 8♠)",2024-12-17T22:41:25.964Z,173447528596401
"""Spence @ cbvju-2iMm"" shows a Q♥, Q♦.",2024-12-17T22:41:25.964Z,173447528596400
"""Spence @ cbvju-2iMm"" checks",2024-12-17T22:41:25.083Z,173447528508300
"""Hanley2 @ LXzsz8PhQN"" checks",2024-12-17T22:41:23.912Z,173447528391200
"River: 8♠, J♥, A♣, 5♠ [7♠]",2024-12-17T22:41:21.361Z,173447528136100
"""Spence @ cbvju-2iMm"" checks",2024-12-17T22:41:20.503Z,173447528050300
"""Hanley2 @ LXzsz8PhQN"" checks",2024-12-17T22:41:18.661Z,173447527866100
"Turn: 8♠, J♥, A♣ [5♠]",2024-12-17T22:41:15.138Z,173447527513800
"""Spence @ cbvju-2iMm"" checks",2024-12-17T22:41:14.253Z,173447527425300
"""Hanley2 @ LXzsz8PhQN"" checks",2024-12-17T22:41:11.849Z,173447527184900
"Flop:  [8♠, J♥, A♣]",2024-12-17T22:41:03.140Z,173447526314000
"""Pabz ivey @ h6PkxSmy50"" folds",2024-12-17T22:41:02.291Z,173447526229100
"""Hanley2 @ LXzsz8PhQN"" calls 4.90",2024-12-17T22:40:41.421Z,173447524142100
"""willdevens @ sVfd-WUsjU"" folds",2024-12-17T22:40:40.246Z,173447524024600
"""Kevin @ tbjpqIQSOB"" folds",2024-12-17T22:40:39.360Z,173447523936000
"""Alex @ 2vIoBF2FSE"" folds",2024-12-17T22:40:38.505Z,173447523850500
"""Spence @ cbvju-2iMm"" raises to 4.90",2024-12-17T22:40:34.884Z,173447523488400
"""Pabz ivey @ h6PkxSmy50"" calls 1.10",2024-12-17T22:40:31.068Z,173447523106800
"""Declan @ NsC2OJUPB3"" folds",2024-12-17T22:40:29.019Z,173447522901900
"""Hanley2 @ LXzsz8PhQN"" raises to 1.10",2024-12-17T22:40:25.145Z,173447522514500
"""Davis @ MxiH63B6Pl"" folds",2024-12-17T22:40:20.905Z,173447522090500
"""Max Roman @ oiOtU2XuYt"" folds",2024-12-17T22:40:19.923Z,173447521992300
"""willdevens @ sVfd-WUsjU"" calls 0.20",2024-12-17T22:40:18.982Z,173447521898200
"""slick nick @ Ch6VcKk8xd"" folds",2024-12-17T22:40:17.182Z,173447521718200
"""Kevin @ tbjpqIQSOB"" posts a big blind of 0.20",2024-12-17T22:40:11.959Z,173447521195913
"""Alex @ 2vIoBF2FSE"" posts a small blind of 0.10",2024-12-17T22:40:11.959Z,173447521195912
"Your hand is 4♠, J♣",2024-12-17T22:40:11.959Z,173447521195906
"Player stacks: #1 ""Hanley2 @ LXzsz8PhQN"" (77.18) | #2 ""Declan @ NsC2OJUPB3"" (27.74) | #3 ""Pabz ivey @ h6PkxSmy50"" (16.83) | #4 ""Spence @ cbvju-2iMm"" (60.91) | #5 ""Alex @ 2vIoBF2FSE"" (61.77) | #6 ""Kevin @ tbjpqIQSOB"" (25.17) | #7 ""slick nick @ Ch6VcKk8xd"" (31.20) | #8 ""willdevens @ sVfd-WUsjU"" (8.47) | #9 ""Max Roman @ oiOtU2XuYt"" (36.13) | #10 ""Davis @ MxiH63B6Pl"" (16.63)",2024-12-17T22:40:11.959Z,173447521195901
"-- starting hand #262 (id: 1gwudisayyzj)  (No Limit Texas Hold'em) (dealer: ""Spence @ cbvju-2iMm"") --",2024-12-17T22:40:11.959Z,173447521195900
"-- ending hand #261 --",2024-12-17T22:40:05.951Z,173447520595102
"""Max Roman @ oiOtU2XuYt"" collected 5.80 from pot with Pair, K's (combination: K♠, K♣, Q♠, J♠, 10♠)",2024-12-17T22:40:05.951Z,173447520595101
"""Max Roman @ oiOtU2XuYt"" shows a K♠, J♠.",2024-12-17T22:40:05.951Z,173447520595100
"""Hanley2 @ LXzsz8PhQN"" checks",2024-12-17T22:40:05.126Z,173447520512600
"""Max Roman @ oiOtU2XuYt"" checks",2024-12-17T22:40:03.290Z,173447520329000
"River: Q♠, 2♦, 6♣, 10♠ [K♣]",2024-12-17T22:40:00.734Z,173447520073400
"""Hanley2 @ LXzsz8PhQN"" checks",2024-12-17T22:39:59.927Z,173447519992700
"""Max Roman @ oiOtU2XuYt"" checks",2024-12-17T22:39:51.106Z,173447519110600
"Turn: Q♠, 2♦, 6♣ [10♠]",2024-12-17T22:39:48.056Z,173447518805600
"""Max Roman @ oiOtU2XuYt"" calls 1.15",2024-12-17T22:39:47.202Z,173447518720200
"""Hanley2 @ LXzsz8PhQN"" bets 1.15",2024-12-17T22:39:44.431Z,173447518443100
"""Max Roman @ oiOtU2XuYt"" checks",2024-12-17T22:39:38.334Z,173447517833400
"Flop:  [Q♠, 2♦, 6♣]",2024-12-17T22:39:34.349Z,173447517434900
"""Max Roman @ oiOtU2XuYt"" calls 1.60",2024-12-17T22:39:33.524Z,173447517352400
"""Alex @ 2vIoBF2FSE"" folds",2024-12-17T22:39:30.979Z,173447517097900
"""Spence @ cbvju-2iMm"" folds",2024-12-17T22:39:30.071Z,173447517007100
"""Pabz ivey @ h6PkxSmy50"" folds",2024-12-17T22:39:14.299Z,173447515429900
"""Declan @ NsC2OJUPB3"" folds",2024-12-17T22:38:53.392Z,173447513339200
"""Hanley2 @ LXzsz8PhQN"" raises to 1.60",2024-12-17T22:38:52.474Z,173447513247400
"""Davis @ MxiH63B6Pl"" folds",2024-12-17T22:38:48.611Z,173447512861100
"""Max Roman @ oiOtU2XuYt"" raises to 0.70",2024-12-17T22:38:47.122Z,173447512712200
"""willdevens @ sVfd-WUsjU"" folds",2024-12-17T22:38:33.600Z,173447511360000
"""slick nick @ Ch6VcKk8xd"" folds",2024-12-17T22:38:32.718Z,173447511271800
"""Kevin @ tbjpqIQSOB"" folds",2024-12-17T22:38:30.338Z,173447511033800
"""Alex @ 2vIoBF2FSE"" posts a big blind of 0.20",2024-12-17T22:38:28.258Z,173447510825814
"""Spence @ cbvju-2iMm"" posts a small blind of 0.10",2024-12-17T22:38:28.258Z,173447510825813
"Your hand is Q♥, 5♠",2024-12-17T22:38:28.258Z,173447510825807
"Player stacks: #1 ""Hanley2 @ LXzsz8PhQN"" (79.93) | #2 ""Declan @ NsC2OJUPB3"" (27.74) | #3 ""Pabz ivey @ h6PkxSmy50"" (16.83) | #4 ""Spence @ cbvju-2iMm"" (61.01) | #5 ""Alex @ 2vIoBF2FSE"" (61.97) | #6 ""Kevin @ tbjpqIQSOB"" (25.17) | #7 ""slick nick @ Ch6VcKk8xd"" (31.20) | #8 ""willdevens @ sVfd-WUsjU"" (8.47) | #9 ""Max Roman @ oiOtU2XuYt"" (33.08) | #10 ""Davis @ MxiH63B6Pl"" (16.63)",2024-12-17T22:38:28.258Z,173447510825802
"-- starting hand #261 (id: 1tulj9ge7fq2)  (No Limit Texas Hold'em) (dealer: ""Pabz ivey @ h6PkxSmy50"") --",2024-12-17T22:38:28.258Z,173447510825801
"The player ""slick nick @ Ch6VcKk8xd"" joined the game with a stack of 31.20.",2024-12-17T22:38:28.258Z,173447510825800
"-- ending hand #260 --",2024-12-17T22:38:25.308Z,173447510530802
"""Alex @ 2vIoBF2FSE"" collected 9.97 from pot",2024-12-17T22:38:25.308Z,173447510530801
"Uncalled bet of 3.50 returned to ""Alex @ 2vIoBF2FSE""",2024-12-17T22:38:25.308Z,173447510530800
"""Spence @ cbvju-2iMm"" folds",2024-12-17T22:38:24.497Z,173447510449700
"""Declan @ NsC2OJUPB3"" folds",2024-12-17T22:38:22.368Z,173447510236800
"""Hanley2 @ LXzsz8PhQN"" folds",2024-12-17T22:38:15.308Z,173447509530800
"""Alex @ 2vIoBF2FSE"" bets 3.50",2024-12-17T22:38:14.202Z,173447509420200
"""Spence @ cbvju-2iMm"" checks",2024-12-17T22:38:11.259Z,173447509125900
"River: 8♦, 7♣, 3♦, 4♥ [Q♦]",2024-12-17T22:38:09.087Z,173447508908700
"""Declan @ NsC2OJUPB3"" checks",2024-12-17T22:38:08.260Z,173447508826000
"""Hanley2 @ LXzsz8PhQN"" checks",2024-12-17T22:38:06.422Z,173447508642200
"""Alex @ 2vIoBF2FSE"" checks",2024-12-17T22:38:03.461Z,173447508346100
"""Spence @ cbvju-2iMm"" checks",2024-12-17T22:38:00.952Z,173447508095200
"Turn: 8♦, 7♣, 3♦ [4♥]",2024-12-17T22:37:56.460Z,173447507646000
"""Spence @ cbvju-2iMm"" calls 1.53",2024-12-17T22:37:55.637Z,173447507563700
"""Declan @ NsC2OJUPB3"" calls 1.53",2024-12-17T22:37:54.593Z,173447507459300
"""Hanley2 @ LXzsz8PhQN"" calls 1.53",2024-12-17T22:37:52.237Z,173447507223700
"""willdevens @ sVfd-WUsjU"" folds",2024-12-17T22:37:45.001Z,173447506500100
"""Alex @ 2vIoBF2FSE"" bets 1.53",2024-12-17T22:37:43.933Z,173447506393300
"""Spence @ cbvju-2iMm"" checks",2024-12-17T22:37:37.728Z,173447505772800
"Flop:  [8♦, 7♣, 3♦]",2024-12-17T22:37:31.286Z,173447505128600
"""Spence @ cbvju-2iMm"" calls 0.75",2024-12-17T22:37:30.463Z,173447505046300
"The player ""slick nick @ Ch6VcKk8xd"" sit back with the stack of 31.20.",2024-12-17T22:37:17.543Z,173447503754300
"""Pabz ivey @ h6PkxSmy50"" folds",2024-12-17T22:37:11.476Z,173447503147600
"""Declan @ NsC2OJUPB3"" calls 0.75",2024-12-17T22:37:07.291Z,173447502729100
"""Hanley2 @ LXzsz8PhQN"" calls 0.75",2024-12-17T22:37:05.911Z,173447502591100
"""Davis @ MxiH63B6Pl"" folds",2024-12-17T22:37:04.478Z,173447502447800
"""Max Roman @ oiOtU2XuYt"" folds",2024-12-17T22:37:00.239Z,173447502023900
"""willdevens @ sVfd-WUsjU"" calls 0.75",2024-12-17T22:36:59.047Z,173447501904700
"""Kevin @ tbjpqIQSOB"" folds",2024-12-17T22:36:57.871Z,173447501787100
"""Alex @ 2vIoBF2FSE"" raises to 0.75",2024-12-17T22:36:56.878Z,173447501687800
"""Spence @ cbvju-2iMm"" posts a big blind of 0.20",2024-12-17T22:36:51.347Z,173447501134712
"""Pabz ivey @ h6PkxSmy50"" posts a small blind of 0.10",2024-12-17T22:36:51.347Z,173447501134711
"Your hand is A♣, 8♠",2024-12-17T22:36:51.347Z,173447501134706
"Player stacks: #1 ""Hanley2 @ LXzsz8PhQN"" (82.21) | #2 ""Declan @ NsC2OJUPB3"" (30.02) | #3 ""Pabz ivey @ h6PkxSmy50"" (16.93) | #4 ""Spence @ cbvju-2iMm"" (63.29) | #5 ""Alex @ 2vIoBF2FSE"" (54.28) | #6 ""Kevin @ tbjpqIQSOB"" (25.17) | #8 ""willdevens @ sVfd-WUsjU"" (9.22) | #9 ""Max Roman @ oiOtU2XuYt"" (33.08) | #10 ""Davis @ MxiH63B6Pl"" (16.63)",2024-12-17T22:36:51.347Z,173447501134701
"-- starting hand #260 (id: ygl7afdr03br)  (No Limit Texas Hold'em) (dealer: ""Declan @ NsC2OJUPB3"") --",2024-12-17T22:36:51.347Z,173447501134700
"-- ending hand #259 --",2024-12-17T22:36:45.422Z,173447500542202
"""Spence @ cbvju-2iMm"" collected 4.40 from pot",2024-12-17T22:36:45.422Z,173447500542201
"Uncalled bet of 4.40 returned to ""Spence @ cbvju-2iMm""",2024-12-17T22:36:45.422Z,173447500542200
"""Kevin @ tbjpqIQSOB"" folds",2024-12-17T22:36:44.611Z,173447500461100
"""Spence @ cbvju-2iMm"" raises to 5.50",2024-12-17T22:36:40.942Z,173447500094200
"""Pabz ivey @ h6PkxSmy50"" folds",2024-12-17T22:36:38.038Z,173447499803800
"""Kevin @ tbjpqIQSOB"" bets 1.10",2024-12-17T22:36:35.021Z,173447499502100
"""Spence @ cbvju-2iMm"" checks",2024-12-17T22:36:32.114Z,173447499211400
"""Pabz ivey @ h6PkxSmy50"" checks",2024-12-17T22:36:29.993Z,173447498999300
"Flop:  [A♠, 3♥, 4♣]",2024-12-17T22:36:09.967Z,173447496996700
"""Pabz ivey @ h6PkxSmy50"" calls 0.70",2024-12-17T22:36:09.133Z,173447496913300
"""Declan @ NsC2OJUPB3"" folds",2024-12-17T22:36:08.115Z,173447496811500
"""Hanley2 @ LXzsz8PhQN"" folds",2024-12-17T22:36:07.194Z,173447496719400
"""Davis @ MxiH63B6Pl"" folds",2024-12-17T22:36:06.215Z,173447496621500
"""Max Roman @ oiOtU2XuYt"" folds",2024-12-17T22:36:05.348Z,173447496534800
"""willdevens @ sVfd-WUsjU"" folds",2024-12-17T22:36:04.446Z,173447496444600
"""Kevin @ tbjpqIQSOB"" calls 0.70",2024-12-17T22:36:03.497Z,173447496349700
"""Alex @ 2vIoBF2FSE"" folds",2024-12-17T22:36:02.501Z,173447496250100
"""Spence @ cbvju-2iMm"" raises to 0.70",2024-12-17T22:35:58.262Z,173447495826200
"""Pabz ivey @ h6PkxSmy50"" posts a big blind of 0.20",2024-12-17T22:35:47.841Z,173447494784113
"""Declan @ NsC2OJUPB3"" posts a small blind of 0.10",2024-12-17T22:35:47.841Z,173447494784112
"Your hand is 6♦, 7♠",2024-12-17T22:35:47.841Z,173447494784107
"Player stacks: #1 ""Hanley2 @ LXzsz8PhQN"" (82.21) | #2 ""Declan @ NsC2OJUPB3"" (30.12) | #3 ""Pabz ivey @ h6PkxSmy50"" (17.63) | #4 ""Spence @ cbvju-2iMm"" (60.69) | #5 ""Alex @ 2vIoBF2FSE"" (54.28) | #6 ""Kevin @ tbjpqIQSOB"" (26.97) | #8 ""willdevens @ sVfd-WUsjU"" (9.22) | #9 ""Max Roman @ oiOtU2XuYt"" (33.08) | #10 ""Davis @ MxiH63B6Pl"" (16.63)",2024-12-17T22:35:47.841Z,173447494784102
"-- starting hand #259 (id: tygt1a5wvndh)  (No Limit Texas Hold'em) (dealer: ""Hanley2 @ LXzsz8PhQN"") --",2024-12-17T22:35:47.841Z,173447494784101
"The player ""slick nick @ Ch6VcKk8xd"" stand up with the stack of 31.20.",2024-12-17T22:35:47.841Z,173447494784100
"""Pabz ivey @ h6PkxSmy50"" shows a 5♣, 2♥.",2024-12-17T22:35:42.786Z,173447494278600
"-- ending hand #258 --",2024-12-17T22:35:41.324Z,173447494132402
"""Declan @ NsC2OJUPB3"" collected 7.50 from pot with Pair, A's (combination: A♥, A♣, K♠, 8♣, 5♥)",2024-12-17T22:35:41.324Z,173447494132401
"""Declan @ NsC2OJUPB3"" shows a 5♥, A♥.",2024-12-17T22:35:41.324Z,173447494132400
"""Spence @ cbvju-2iMm"" calls 1.00",2024-12-17T22:35:40.465Z,173447494046500
"""Declan @ NsC2OJUPB3"" bets 1.00",2024-12-17T22:35:26.609Z,173447492660900
"River: 4♣, A♣, K♠, 8♣ [2♦]",2024-12-17T22:35:21.680Z,173447492168000
"""Spence @ cbvju-2iMm"" checks",2024-12-17T22:35:20.831Z,173447492083100
"""Declan @ NsC2OJUPB3"" checks",2024-12-17T22:35:18.992Z,173447491899200
"Turn: 4♣, A♣, K♠ [8♣]",2024-12-17T22:35:14.702Z,173447491470200
"""Hanley2 @ LXzsz8PhQN"" folds",2024-12-17T22:35:13.875Z,173447491387500
"""Davis @ MxiH63B6Pl"" folds",2024-12-17T22:35:12.459Z,173447491245900
"""slick nick @ Ch6VcKk8xd"" folds",2024-12-17T22:35:11.505Z,173447491150500
"""Spence @ cbvju-2iMm"" calls 1.00",2024-12-17T22:35:10.571Z,173447491057100
"""Declan @ NsC2OJUPB3"" bets 1.00",2024-12-17T22:35:08.346Z,173447490834600
"""Hanley2 @ LXzsz8PhQN"" checks",2024-12-17T22:35:04.068Z,173447490406800
"Flop:  [4♣, A♣, K♠]",2024-12-17T22:35:01.343Z,173447490134300
"""Declan @ NsC2OJUPB3"" calls 0.70",2024-12-17T22:35:00.529Z,173447490052900
"""Hanley2 @ LXzsz8PhQN"" calls 0.70",2024-12-17T22:34:58.993Z,173447489899300
"""Davis @ MxiH63B6Pl"" calls 0.70",2024-12-17T22:34:57.062Z,173447489706200
"""Max Roman @ oiOtU2XuYt"" folds",2024-12-17T22:34:55.768Z,173447489576800
"""willdevens @ sVfd-WUsjU"" folds",2024-12-17T22:34:54.909Z,173447489490900
"""slick nick @ Ch6VcKk8xd"" calls 0.70",2024-12-17T22:34:50.980Z,173447489098000
"""Kevin @ tbjpqIQSOB"" folds",2024-12-17T22:34:50.066Z,173447489006600
"""Alex @ 2vIoBF2FSE"" folds",2024-12-17T22:34:38.351Z,173447487835100
"""Spence @ cbvju-2iMm"" raises to 0.70",2024-12-17T22:34:37.439Z,173447487743900
"""Pabz ivey @ h6PkxSmy50"" folds",2024-12-17T22:34:33.025Z,173447487302500
"""Declan @ NsC2OJUPB3"" posts a big blind of 0.20",2024-12-17T22:34:29.692Z,173447486969213
"""Hanley2 @ LXzsz8PhQN"" posts a small blind of 0.10",2024-12-17T22:34:29.692Z,173447486969212
"Your hand is 2♠, 9♠",2024-12-17T22:34:29.692Z,173447486969206
"Player stacks: #1 ""Hanley2 @ LXzsz8PhQN"" (82.91) | #2 ""Declan @ NsC2OJUPB3"" (25.32) | #3 ""Pabz ivey @ h6PkxSmy50"" (17.63) | #4 ""Spence @ cbvju-2iMm"" (63.39) | #5 ""Alex @ 2vIoBF2FSE"" (54.28) | #6 ""Kevin @ tbjpqIQSOB"" (26.97) | #7 ""slick nick @ Ch6VcKk8xd"" (31.90) | #8 ""willdevens @ sVfd-WUsjU"" (9.22) | #9 ""Max Roman @ oiOtU2XuYt"" (33.08) | #10 ""Davis @ MxiH63B6Pl"" (17.33)",2024-12-17T22:34:29.692Z,173447486969201
"-- starting hand #258 (id: vizf8czlmmax)  (No Limit Texas Hold'em) (dealer: ""Davis @ MxiH63B6Pl"") --",2024-12-17T22:34:29.692Z,173447486969200
"-- ending hand #257 --",2024-12-17T22:34:21.665Z,173447486166502
"""willdevens @ sVfd-WUsjU"" collected 9.22 from pot with Pair, K's on the second run  (combination: K♦, K♥, 9♥, 8♠, 5♥)",2024-12-17T22:34:21.665Z,173447486166501
"""Davis @ MxiH63B6Pl"" collected 9.22 from pot with Pair, A's (combination: A♦, A♠, J♣, 8♦, 5♣)",2024-12-17T22:34:21.665Z,173447486166500
"River (second run): 2♦, K♥, 4♠, 8♠ [5♥]",2024-12-17T22:34:17.609Z,173447485760900
"Turn (second run): 2♦, K♥, 4♠ [8♠]",2024-12-17T22:34:13.595Z,173447485359500
"Flop (second run):  [2♦, K♥, 4♠]",2024-12-17T22:34:09.565Z,173447484956500
"River: 5♣, 8♦, 3♥, A♠ [2♣]",2024-12-17T22:34:05.559Z,173447484555900
"Turn: 5♣, 8♦, 3♥ [A♠]",2024-12-17T22:34:01.554Z,173447484155400
"Flop:  [5♣, 8♦, 3♥]",2024-12-17T22:33:57.546Z,173447483754600
"""willdevens @ sVfd-WUsjU"" shows a K♦, 9♥.",2024-12-17T22:33:53.543Z,173447483354301
"Uncalled bet of 8.11 returned to ""Davis @ MxiH63B6Pl""",2024-12-17T22:33:53.543Z,173447483354300
"""Davis @ MxiH63B6Pl"" shows a A♦, J♣.",2024-12-17T22:33:52.866Z,173447483286600
"All players in hand choose to run it twice.",2024-12-17T22:33:52.727Z,173447483272701
"""Davis @ MxiH63B6Pl"" chooses to  run it twice.",2024-12-17T22:33:52.727Z,173447483272700
"""willdevens @ sVfd-WUsjU"" chooses to  run it twice.",2024-12-17T22:33:51.508Z,173447483150800
"Remaining players decide whether to run it twice.",2024-12-17T22:33:48.713Z,173447482871301
"""Kevin @ tbjpqIQSOB"" folds",2024-12-17T22:33:48.713Z,173447482871300
"""Spence @ cbvju-2iMm"" folds",2024-12-17T22:33:47.764Z,173447482776400
"""Pabz ivey @ h6PkxSmy50"" folds",2024-12-17T22:33:46.128Z,173447482612800
"""Hanley2 @ LXzsz8PhQN"" folds",2024-12-17T22:33:45.045Z,173447482504500
"""Davis @ MxiH63B6Pl"" raises to 16.93 and go all in",2024-12-17T22:33:43.978Z,173447482397800
"""Max Roman @ oiOtU2XuYt"" folds",2024-12-17T22:33:36.364Z,173447481636400
"""willdevens @ sVfd-WUsjU"" raises to 8.82 and go all in",2024-12-17T22:33:35.184Z,173447481518400
"""slick nick @ Ch6VcKk8xd"" folds",2024-12-17T22:33:32.415Z,173447481241500
"""Kevin @ tbjpqIQSOB"" calls 0.20",2024-12-17T22:33:31.545Z,173447481154500
"""Alex @ 2vIoBF2FSE"" folds",2024-12-17T22:33:30.590Z,173447481059000
"""Spence @ cbvju-2iMm"" calls 0.20",2024-12-17T22:33:28.424Z,173447480842400
"""Pabz ivey @ h6PkxSmy50"" calls 0.20",2024-12-17T22:33:27.463Z,173447480746300
"""Declan @ NsC2OJUPB3"" folds",2024-12-17T22:33:10.220Z,173447479022000
"""Hanley2 @ LXzsz8PhQN"" posts a big blind of 0.20",2024-12-17T22:33:06.450Z,173447478645014
"""Davis @ MxiH63B6Pl"" posts a small blind of 0.10",2024-12-17T22:33:06.450Z,173447478645013
"Your hand is 5♦, K♠",2024-12-17T22:33:06.450Z,173447478645007
"Player stacks: #1 ""Hanley2 @ LXzsz8PhQN"" (83.11) | #2 ""Declan @ NsC2OJUPB3"" (25.32) | #3 ""Pabz ivey @ h6PkxSmy50"" (17.83) | #4 ""Spence @ cbvju-2iMm"" (63.59) | #5 ""Alex @ 2vIoBF2FSE"" (54.28) | #6 ""Kevin @ tbjpqIQSOB"" (27.17) | #7 ""slick nick @ Ch6VcKk8xd"" (31.90) | #8 ""willdevens @ sVfd-WUsjU"" (8.82) | #9 ""Max Roman @ oiOtU2XuYt"" (33.08) | #10 ""Davis @ MxiH63B6Pl"" (16.93)",2024-12-17T22:33:06.450Z,173447478645002
"-- starting hand #257 (id: z5zlp3k4q56s)  (No Limit Texas Hold'em) (dealer: ""Max Roman @ oiOtU2XuYt"") --",2024-12-17T22:33:06.450Z,173447478645001
"The player ""Hanley2 @ LXzsz8PhQN"" joined the game with a stack of 83.11.",2024-12-17T22:33:06.450Z,173447478645000
"Undealt cards: 7♦, 6♣, 4♦ [6♥, 9♠]",2024-12-17T22:33:04.092Z,173447478409200
"-- ending hand #256 --",2024-12-17T22:33:00.509Z,173447478050902
"""Pabz ivey @ h6PkxSmy50"" collected 6.10 from pot",2024-12-17T22:33:00.509Z,173447478050901
"Uncalled bet of 4.57 returned to ""Pabz ivey @ h6PkxSmy50""",2024-12-17T22:33:00.509Z,173447478050900
"""Davis @ MxiH63B6Pl"" folds",2024-12-17T22:32:59.648Z,173447477964800
"""willdevens @ sVfd-WUsjU"" folds",2024-12-17T22:32:54.592Z,173447477459200
"""Pabz ivey @ h6PkxSmy50"" bets 4.57",2024-12-17T22:32:53.663Z,173447477366300
"""Davis @ MxiH63B6Pl"" checks",2024-12-17T22:32:37.976Z,173447475797600
"Flop:  [7♦, 6♣, 4♦]",2024-12-17T22:32:35.462Z,173447475546200
"""Pabz ivey @ h6PkxSmy50"" calls 2.00",2024-12-17T22:32:34.607Z,173447475460700
"""Davis @ MxiH63B6Pl"" calls 2.00",2024-12-17T22:32:28.977Z,173447474897700
"""Max Roman @ oiOtU2XuYt"" folds",2024-12-17T22:32:27.374Z,173447474737400
"The player ""Hanley2 @ LXzsz8PhQN"" sit back with the stack of 83.11.",2024-12-17T22:32:22.342Z,173447474234200
"""willdevens @ sVfd-WUsjU"" raises to 2.00",2024-12-17T22:32:20.616Z,173447474061600
"""slick nick @ Ch6VcKk8xd"" folds",2024-12-17T22:32:17.834Z,173447473783400
"""Kevin @ tbjpqIQSOB"" folds",2024-12-17T22:32:16.979Z,173447473697900
"""Alex @ 2vIoBF2FSE"" folds",2024-12-17T22:32:16.090Z,173447473609000
"""Spence @ cbvju-2iMm"" folds",2024-12-17T22:32:12.245Z,173447473224500
"""Pabz ivey @ h6PkxSmy50"" calls 0.20",2024-12-17T22:32:11.323Z,173447473132300
"""Declan @ NsC2OJUPB3"" folds",2024-12-17T22:32:09.963Z,173447472996300
"""Davis @ MxiH63B6Pl"" posts a big blind of 0.20",2024-12-17T22:32:07.808Z,173447472780812
"""Max Roman @ oiOtU2XuYt"" posts a small blind of 0.10",2024-12-17T22:32:07.808Z,173447472780811
"Your hand is 7♥, 8♣",2024-12-17T22:32:07.808Z,173447472780805
"Player stacks: #2 ""Declan @ NsC2OJUPB3"" (25.32) | #3 ""Pabz ivey @ h6PkxSmy50"" (13.73) | #4 ""Spence @ cbvju-2iMm"" (63.59) | #5 ""Alex @ 2vIoBF2FSE"" (54.28) | #6 ""Kevin @ tbjpqIQSOB"" (27.17) | #7 ""slick nick @ Ch6VcKk8xd"" (31.90) | #8 ""willdevens @ sVfd-WUsjU"" (10.82) | #9 ""Max Roman @ oiOtU2XuYt"" (33.18) | #10 ""Davis @ MxiH63B6Pl"" (18.93)",2024-12-17T22:32:07.808Z,173447472780801
"-- starting hand #256 (id: dbxmo2xduc8a)  (No Limit Texas Hold'em) (dealer: ""willdevens @ sVfd-WUsjU"") --",2024-12-17T22:32:07.808Z,173447472780800
"""Kevin @ tbjpqIQSOB"" shows a 10♦.",2024-12-17T22:32:04.247Z,173447472424700
"""Davis @ MxiH63B6Pl"" shows a 10♠.",2024-12-17T22:32:01.007Z,173447472100700
"-- ending hand #255 --",2024-12-17T22:32:00.499Z,173447472049902
"""Kevin @ tbjpqIQSOB"" collected 15.60 from pot",2024-12-17T22:32:00.499Z,173447472049901
"Uncalled bet of 11.57 returned to ""Kevin @ tbjpqIQSOB""",2024-12-17T22:32:00.499Z,173447472049900
"""Davis @ MxiH63B6Pl"" folds",2024-12-17T22:31:59.692Z,173447471969200
"""Kevin @ tbjpqIQSOB"" raises to 16.25 and go all in",2024-12-17T22:31:44.403Z,173447470440300
"""Davis @ MxiH63B6Pl"" bets 4.68",2024-12-17T22:31:41.762Z,173447470176200
"Turn: 6♥, Q♦, 8♣ [10♣]",2024-12-17T22:31:36.557Z,173447469655700
"""Kevin @ tbjpqIQSOB"" calls 1.87",2024-12-17T22:31:35.729Z,173447469572900
"""Davis @ MxiH63B6Pl"" bets 1.87",2024-12-17T22:31:34.146Z,173447469414600
"Flop:  [6♥, Q♦, 8♣]",2024-12-17T22:31:28.421Z,173447468842100
"""Max Roman @ oiOtU2XuYt"" folds",2024-12-17T22:31:27.529Z,173447468752900
"""willdevens @ sVfd-WUsjU"" folds",2024-12-17T22:31:26.544Z,173447468654400
"""slick nick @ Ch6VcKk8xd"" folds",2024-12-17T22:31:25.644Z,173447468564400
"""Kevin @ tbjpqIQSOB"" calls 1.10",2024-12-17T22:31:24.752Z,173447468475200
"""Alex @ 2vIoBF2FSE"" folds",2024-12-17T22:31:23.631Z,173447468363100
"""Spence @ cbvju-2iMm"" folds",2024-12-17T22:31:22.731Z,173447468273100
"""Pabz ivey @ h6PkxSmy50"" folds",2024-12-17T22:31:21.877Z,173447468187700
"""Declan @ NsC2OJUPB3"" folds",2024-12-17T22:31:11.445Z,173447467144500
"""Davis @ MxiH63B6Pl"" raises to 1.10",2024-12-17T22:31:10.545Z,173447467054500
"""Max Roman @ oiOtU2XuYt"" posts a big blind of 0.20",2024-12-17T22:31:06.017Z,173447466601713
"""willdevens @ sVfd-WUsjU"" posts a small blind of 0.10",2024-12-17T22:31:06.017Z,173447466601712
"Your hand is 3♣, 7♥",2024-12-17T22:31:06.017Z,173447466601706
"Player stacks: #2 ""Declan @ NsC2OJUPB3"" (25.32) | #3 ""Pabz ivey @ h6PkxSmy50"" (13.73) | #4 ""Spence @ cbvju-2iMm"" (63.59) | #5 ""Alex @ 2vIoBF2FSE"" (54.28) | #6 ""Kevin @ tbjpqIQSOB"" (19.22) | #7 ""slick nick @ Ch6VcKk8xd"" (31.90) | #8 ""willdevens @ sVfd-WUsjU"" (10.92) | #9 ""Max Roman @ oiOtU2XuYt"" (33.38) | #10 ""Davis @ MxiH63B6Pl"" (26.58)",2024-12-17T22:31:06.017Z,173447466601702
"-- starting hand #255 (id: lx2gcvrt2n1t)  (No Limit Texas Hold'em) (dealer: ""slick nick @ Ch6VcKk8xd"") --",2024-12-17T22:31:06.017Z,173447466601701
"The player ""Hanley2 @ LXzsz8PhQN"" stand up with the stack of 83.11.",2024-12-17T22:31:06.017Z,173447466601700
"-- ending hand #254 --",2024-12-17T22:30:59.952Z,173447465995203
"""Kevin @ tbjpqIQSOB"" shows a 9♣, 10♥.",2024-12-17T22:30:59.952Z,173447465995202
"""Declan @ NsC2OJUPB3"" collected 25.32 from pot with Two Pair, 8's & 4's (combination: 8♦, 8♥, 4♥, 4♣, K♣)",2024-12-17T22:30:59.952Z,173447465995201
"""Declan @ NsC2OJUPB3"" shows a 8♦, Q♦.",2024-12-17T22:30:59.952Z,173447465995200
"""Declan @ NsC2OJUPB3"" calls 6.86 and go all in",2024-12-17T22:30:59.127Z,173447465912700
"""Kevin @ tbjpqIQSOB"" bets 6.86",2024-12-17T22:30:56.984Z,173447465698400
"""Declan @ NsC2OJUPB3"" checks",2024-12-17T22:30:53.775Z,173447465377500
"River: 8♥, 3♦, 4♥, 4♣ [K♣]",2024-12-17T22:30:48.821Z,173447464882100
"""Kevin @ tbjpqIQSOB"" checks",2024-12-17T22:30:47.978Z,173447464797800
"""Declan @ NsC2OJUPB3"" checks",2024-12-17T22:30:43.310Z,173447464331000
"Turn: 8♥, 3♦, 4♥ [4♣]",2024-12-17T22:30:38.617Z,173447463861700
"""Declan @ NsC2OJUPB3"" calls 3.00",2024-12-17T22:30:37.785Z,173447463778500
"""Davis @ MxiH63B6Pl"" folds",2024-12-17T22:30:30.149Z,173447463014900
"""willdevens @ sVfd-WUsjU"" folds",2024-12-17T22:30:28.940Z,173447462894000
"""Kevin @ tbjpqIQSOB"" raises to 3.00",2024-12-17T22:30:28.085Z,173447462808500
"""Pabz ivey @ h6PkxSmy50"" folds",2024-12-17T22:30:24.650Z,173447462465000
"""Declan @ NsC2OJUPB3"" bets 1.50",2024-12-17T22:30:21.770Z,173447462177000
"""Davis @ MxiH63B6Pl"" checks",2024-12-17T22:30:17.839Z,173447461783900
"""willdevens @ sVfd-WUsjU"" checks",2024-12-17T22:30:15.148Z,173447461514800
"Flop:  [8♥, 3♦, 4♥]",2024-12-17T22:30:12.675Z,173447461267500
"""willdevens @ sVfd-WUsjU"" calls 1.10",2024-12-17T22:30:11.850Z,173447461185000
"""slick nick @ Ch6VcKk8xd"" folds",2024-12-17T22:30:10.126Z,173447461012600
"""Kevin @ tbjpqIQSOB"" calls 1.10",2024-12-17T22:30:01.107Z,173447460110700
"""Alex @ 2vIoBF2FSE"" folds",2024-12-17T22:30:00.165Z,173447460016500
"""Spence @ cbvju-2iMm"" folds",2024-12-17T22:29:59.248Z,173447459924800
"""Pabz ivey @ h6PkxSmy50"" calls 1.10",2024-12-17T22:29:58.378Z,173447459837800
"""Declan @ NsC2OJUPB3"" calls 1.10",2024-12-17T22:29:45.361Z,173447458536100
"""Hanley2 @ LXzsz8PhQN"" folds",2024-12-17T22:29:44.379Z,173447458437900
"""Davis @ MxiH63B6Pl"" raises to 1.10",2024-12-17T22:29:42.479Z,173447458247900
"""Max Roman @ oiOtU2XuYt"" folds",2024-12-17T22:29:36.574Z,173447457657400
"""willdevens @ sVfd-WUsjU"" posts a big blind of 0.20",2024-12-17T22:29:34.892Z,173447457489213
"""slick nick @ Ch6VcKk8xd"" posts a small blind of 0.10",2024-12-17T22:29:34.892Z,173447457489212
"Your hand is 6♥, 5♠",2024-12-17T22:29:34.892Z,173447457489206
"Player stacks: #1 ""Hanley2 @ LXzsz8PhQN"" (83.11) | #2 ""Declan @ NsC2OJUPB3"" (10.96) | #3 ""Pabz ivey @ h6PkxSmy50"" (14.83) | #4 ""Spence @ cbvju-2iMm"" (63.59) | #5 ""Alex @ 2vIoBF2FSE"" (54.28) | #6 ""Kevin @ tbjpqIQSOB"" (30.18) | #7 ""slick nick @ Ch6VcKk8xd"" (32.00) | #8 ""willdevens @ sVfd-WUsjU"" (12.02) | #9 ""Max Roman @ oiOtU2XuYt"" (33.38) | #10 ""Davis @ MxiH63B6Pl"" (27.68)",2024-12-17T22:29:34.892Z,173447457489201
"-- starting hand #254 (id: gknccognyeo3)  (No Limit Texas Hold'em) (dealer: ""Kevin @ tbjpqIQSOB"") --",2024-12-17T22:29:34.892Z,173447457489200
"""willdevens @ sVfd-WUsjU"" shows a 6♣.",2024-12-17T22:29:31.901Z,173447457190100
"""Hanley2 @ LXzsz8PhQN"" shows a 10♠, A♥.",2024-12-17T22:29:28.899Z,173447456889900
"-- ending hand #253 --",2024-12-17T22:29:27.546Z,173447456754602
"""Hanley2 @ LXzsz8PhQN"" collected 30.00 from pot",2024-12-17T22:29:27.546Z,173447456754601
"Uncalled bet of 12.02 returned to ""Hanley2 @ LXzsz8PhQN""",2024-12-17T22:29:27.546Z,173447456754600
"""willdevens @ sVfd-WUsjU"" folds",2024-12-17T22:29:26.742Z,173447456674200
"""Hanley2 @ LXzsz8PhQN"" raises to 19.52",2024-12-17T22:29:08.357Z,173447454835700
"""willdevens @ sVfd-WUsjU"" bets 7.50",2024-12-17T22:29:00.878Z,173447454087800
"Turn: 3♠, 6♠, 10♥ [10♣]",2024-12-17T22:28:55.065Z,173447453506500
"""slick nick @ Ch6VcKk8xd"" folds",2024-12-17T22:28:54.217Z,173447453421700
"""Kevin @ tbjpqIQSOB"" folds",2024-12-17T22:28:52.608Z,173447453260800
"""Pabz ivey @ h6PkxSmy50"" folds",2024-12-17T22:28:51.764Z,173447453176400
"""Hanley2 @ LXzsz8PhQN"" calls 4.50",2024-12-17T22:28:50.702Z,173447453070200
"""willdevens @ sVfd-WUsjU"" raises to 4.50",2024-12-17T22:28:47.337Z,173447452733700
"""slick nick @ Ch6VcKk8xd"" bets 1.00",2024-12-17T22:28:44.002Z,173447452400200
"""Kevin @ tbjpqIQSOB"" checks",2024-12-17T22:28:27.722Z,173447450772200
"Flop:  [3♠, 6♠, 10♥]",2024-12-17T22:28:25.572Z,173447450557200
"""willdevens @ sVfd-WUsjU"" calls 1.00",2024-12-17T22:28:24.765Z,173447450476500
"""slick nick @ Ch6VcKk8xd"" calls 1.00",2024-12-17T22:28:23.812Z,173447450381200
"""Kevin @ tbjpqIQSOB"" calls 1.00",2024-12-17T22:28:21.973Z,173447450197300
"""Alex @ 2vIoBF2FSE"" folds",2024-12-17T22:28:21.056Z,173447450105600
"""Spence @ cbvju-2iMm"" folds",2024-12-17T22:28:18.770Z,173447449877000
"""Pabz ivey @ h6PkxSmy50"" calls 1.00",2024-12-17T22:28:17.902Z,173447449790200
"""Declan @ NsC2OJUPB3"" folds",2024-12-17T22:28:15.418Z,173447449541800
"""Hanley2 @ LXzsz8PhQN"" raises to 1.00",2024-12-17T22:28:14.357Z,173447449435700
"""Davis @ MxiH63B6Pl"" folds",2024-12-17T22:28:06.583Z,173447448658300
"""Max Roman @ oiOtU2XuYt"" folds",2024-12-17T22:28:05.560Z,173447448556000
"""willdevens @ sVfd-WUsjU"" posts a straddle of 0.40",2024-12-17T22:28:03.442Z,173447448344214
"""slick nick @ Ch6VcKk8xd"" posts a big blind of 0.20",2024-12-17T22:28:03.442Z,173447448344213
"""Kevin @ tbjpqIQSOB"" posts a small blind of 0.10",2024-12-17T22:28:03.442Z,173447448344212
"Your hand is 2♠, 5♠",2024-12-17T22:28:03.442Z,173447448344206
"Player stacks: #1 ""Hanley2 @ LXzsz8PhQN"" (66.11) | #2 ""Declan @ NsC2OJUPB3"" (10.96) | #3 ""Pabz ivey @ h6PkxSmy50"" (15.83) | #4 ""Spence @ cbvju-2iMm"" (63.59) | #5 ""Alex @ 2vIoBF2FSE"" (54.28) | #6 ""Kevin @ tbjpqIQSOB"" (31.18) | #7 ""slick nick @ Ch6VcKk8xd"" (34.00) | #8 ""willdevens @ sVfd-WUsjU"" (25.02) | #9 ""Max Roman @ oiOtU2XuYt"" (33.38) | #10 ""Davis @ MxiH63B6Pl"" (27.68)",2024-12-17T22:28:03.442Z,173447448344201
"-- starting hand #253 (id: hrogxhxjnws3)  (No Limit Texas Hold'em) (dealer: ""Alex @ 2vIoBF2FSE"") --",2024-12-17T22:28:03.442Z,173447448344200
"""Kevin @ tbjpqIQSOB"" shows a Q♣, K♦.",2024-12-17T22:27:55.899Z,173447447589900
"-- ending hand #252 --",2024-12-17T22:27:54.869Z,173447447486902
"""Declan @ NsC2OJUPB3"" collected 10.96 from pot with Pair, A's on the second run  (combination: A♦, A♥, Q♠, 9♦, 8♥)",2024-12-17T22:27:54.869Z,173447447486901
"""Hanley2 @ LXzsz8PhQN"" collected 10.97 from pot with Straight, A High (combination: A♥, K♠, Q♠, J♠, 10♥)",2024-12-17T22:27:54.869Z,173447447486900
"River (second run): 9♦, A♥, Q♠, 6♦ [4♠]",2024-12-17T22:27:50.866Z,173447447086600
"River: 9♦, A♥, Q♠, 6♦ [J♠]",2024-12-17T22:27:46.800Z,173447446680000
"""Declan @ NsC2OJUPB3"" shows a 8♥, A♦.",2024-12-17T22:27:42.795Z,173447446279502
"""Hanley2 @ LXzsz8PhQN"" shows a 10♥, K♠.",2024-12-17T22:27:42.795Z,173447446279501
"Uncalled bet of 3.22 returned to ""Hanley2 @ LXzsz8PhQN""",2024-12-17T22:27:42.795Z,173447446279500
"All players in hand choose to run it twice.",2024-12-17T22:27:41.919Z,173447446191901
"""Hanley2 @ LXzsz8PhQN"" chooses to  run it twice.",2024-12-17T22:27:41.919Z,173447446191900
"""Declan @ NsC2OJUPB3"" chooses to  run it twice.",2024-12-17T22:27:41.303Z,173447446130300
"Remaining players decide whether to run it twice.",2024-12-17T22:27:39.475Z,173447445947501
"""Kevin @ tbjpqIQSOB"" folds",2024-12-17T22:27:39.475Z,173447445947500
"""Declan @ NsC2OJUPB3"" calls 5.29 and go all in",2024-12-17T22:27:38.607Z,173447445860700
"""Hanley2 @ LXzsz8PhQN"" bets 8.51",2024-12-17T22:27:33.289Z,173447445328900
"""Kevin @ tbjpqIQSOB"" checks",2024-12-17T22:27:24.423Z,173447444442300
"Turn: 9♦, A♥, Q♠ [6♦]",2024-12-17T22:27:22.222Z,173447444222200
"""Davis @ MxiH63B6Pl"" folds",2024-12-17T22:27:21.415Z,173447444141500
"""Kevin @ tbjpqIQSOB"" calls 1.55",2024-12-17T22:27:17.840Z,173447443784000
"""Declan @ NsC2OJUPB3"" calls 1.55",2024-12-17T22:27:16.389Z,173447443638900
"""Hanley2 @ LXzsz8PhQN"" bets 1.55",2024-12-17T22:27:14.259Z,173447443425900
"""Davis @ MxiH63B6Pl"" checks",2024-12-17T22:27:05.898Z,173447442589800
"""Kevin @ tbjpqIQSOB"" checks",2024-12-17T22:27:02.950Z,173447442295000
"Flop:  [9♦, A♥, Q♠]",2024-12-17T22:27:00.420Z,173447442042000
"""Declan @ NsC2OJUPB3"" calls 1.60",2024-12-17T22:26:59.574Z,173447441957400
"""Hanley2 @ LXzsz8PhQN"" calls 1.60",2024-12-17T22:26:58.521Z,173447441852100
"""Davis @ MxiH63B6Pl"" calls 1.60",2024-12-17T22:26:55.723Z,173447441572300
"""Max Roman @ oiOtU2XuYt"" folds",2024-12-17T22:26:54.505Z,173447441450500
"""Kevin @ tbjpqIQSOB"" raises to 1.60",2024-12-17T22:26:52.661Z,173447441266100
"""Alex @ 2vIoBF2FSE"" folds",2024-12-17T22:26:50.222Z,173447441022200
"""Spence @ cbvju-2iMm"" folds",2024-12-17T22:26:47.680Z,173447440768000
"""Pabz ivey @ h6PkxSmy50"" folds",2024-12-17T22:26:46.812Z,173447440681200
"""Declan @ NsC2OJUPB3"" calls 0.80",2024-12-17T22:26:42.082Z,173447440208200
"""Hanley2 @ LXzsz8PhQN"" raises to 0.80",2024-12-17T22:26:29.897Z,173447438989700
"""Davis @ MxiH63B6Pl"" calls 0.20",2024-12-17T22:26:25.734Z,173447438573400
"""Max Roman @ oiOtU2XuYt"" calls 0.20",2024-12-17T22:26:23.827Z,173447438382700
"""willdevens @ sVfd-WUsjU"" folds",2024-12-17T22:26:21.499Z,173447438149900
"""slick nick @ Ch6VcKk8xd"" folds",2024-12-17T22:26:20.629Z,173447438062900
"""Kevin @ tbjpqIQSOB"" posts a big blind of 0.20",2024-12-17T22:26:12.246Z,173447437224614
"""Alex @ 2vIoBF2FSE"" posts a small blind of 0.10",2024-12-17T22:26:12.246Z,173447437224613
"Your hand is 8♦, 2♥",2024-12-17T22:26:12.246Z,173447437224607
"Player stacks: #1 ""Hanley2 @ LXzsz8PhQN"" (63.58) | #2 ""Declan @ NsC2OJUPB3"" (8.44) | #3 ""Pabz ivey @ h6PkxSmy50"" (15.83) | #4 ""Spence @ cbvju-2iMm"" (63.59) | #5 ""Alex @ 2vIoBF2FSE"" (54.38) | #6 ""Kevin @ tbjpqIQSOB"" (34.33) | #7 ""slick nick @ Ch6VcKk8xd"" (34.00) | #8 ""willdevens @ sVfd-WUsjU"" (25.02) | #9 ""Max Roman @ oiOtU2XuYt"" (33.58) | #10 ""Davis @ MxiH63B6Pl"" (29.28)",2024-12-17T22:26:12.246Z,173447437224602
"-- starting hand #252 (id: ubjqt7ffzlh6)  (No Limit Texas Hold'em) (dealer: ""Spence @ cbvju-2iMm"") --",2024-12-17T22:26:12.246Z,173447437224601
"The player ""Kevin @ tbjpqIQSOB"" joined the game with a stack of 34.33.",2024-12-17T22:26:12.246Z,173447437224600
"-- ending hand #251 --",2024-12-17T22:26:09.324Z,173447436932402
"""Spence @ cbvju-2iMm"" collected 3.70 from pot",2024-12-17T22:26:09.324Z,173447436932401
"Uncalled bet of 2.77 returned to ""Spence @ cbvju-2iMm""",2024-12-17T22:26:09.324Z,173447436932400
"The admin approved the player ""Kevin @ tbjpqIQSOB"" participation with a stack of 34.33.",2024-12-17T22:26:08.652Z,173447436865200
"""Alex @ 2vIoBF2FSE"" folds",2024-12-17T22:26:08.511Z,173447436851100
"""Spence @ cbvju-2iMm"" bets 2.77",2024-12-17T22:26:07.605Z,173447436760500
"River: 8♥, 4♦, 2♥, 3♦ [6♦]",2024-12-17T22:26:00.421Z,173447436042100
"""Alex @ 2vIoBF2FSE"" checks",2024-12-17T22:25:59.593Z,173447435959300
"""Spence @ cbvju-2iMm"" checks",2024-12-17T22:25:58.198Z,173447435819800
"Turn: 8♥, 4♦, 2♥ [3♦]",2024-12-17T22:25:55.338Z,173447435533800
"""Spence @ cbvju-2iMm"" calls 0.95",2024-12-17T22:25:54.520Z,173447435452000
"""Declan @ NsC2OJUPB3"" folds",2024-12-17T22:25:53.560Z,173447435356000
"""Alex @ 2vIoBF2FSE"" bets 0.95",2024-12-17T22:25:47.119Z,173447434711900
"""Spence @ cbvju-2iMm"" checks",2024-12-17T22:25:44.993Z,173447434499300
"Flop:  [8♥, 4♦, 2♥]",2024-12-17T22:25:41.609Z,173447434160900
"""Spence @ cbvju-2iMm"" calls 0.60",2024-12-17T22:25:40.798Z,173447434079800
"""Declan @ NsC2OJUPB3"" calls 0.60",2024-12-17T22:25:39.933Z,173447433993300
"""Alex @ 2vIoBF2FSE"" raises to 0.60",2024-12-17T22:25:38.024Z,173447433802400
"""Spence @ cbvju-2iMm"" calls 0.20",2024-12-17T22:25:21.858Z,173447432185800
"""Pabz ivey @ h6PkxSmy50"" folds",2024-12-17T22:25:21.011Z,173447432101100
"The player ""Kevin @ tbjpqIQSOB"" requested a seat.",2024-12-17T22:25:17.462Z,173447431746200
"""Declan @ NsC2OJUPB3"" calls 0.20",2024-12-17T22:25:05.667Z,173447430566700
"""Hanley2 @ LXzsz8PhQN"" folds",2024-12-17T22:25:04.405Z,173447430440500
"""Davis @ MxiH63B6Pl"" folds",2024-12-17T22:25:02.524Z,173447430252400
"""Max Roman @ oiOtU2XuYt"" folds",2024-12-17T22:25:01.154Z,173447430115400
"The player ""timh @ IDAaB_gryp"" requested a seat.",2024-12-17T22:25:00.546Z,173447430054600
"""willdevens @ sVfd-WUsjU"" folds",2024-12-17T22:25:00.313Z,173447430031300
"""slick nick @ Ch6VcKk8xd"" folds",2024-12-17T22:24:59.452Z,173447429945200
"""Alex @ 2vIoBF2FSE"" posts a big blind of 0.20",2024-12-17T22:24:56.492Z,173447429649213
"""Spence @ cbvju-2iMm"" posts a small blind of 0.10",2024-12-17T22:24:56.492Z,173447429649212
"Your hand is A♥, Q♠",2024-12-17T22:24:56.492Z,173447429649207
"Player stacks: #1 ""Hanley2 @ LXzsz8PhQN"" (63.58) | #2 ""Declan @ NsC2OJUPB3"" (9.04) | #3 ""Pabz ivey @ h6PkxSmy50"" (15.83) | #4 ""Spence @ cbvju-2iMm"" (61.44) | #5 ""Alex @ 2vIoBF2FSE"" (55.93) | #7 ""slick nick @ Ch6VcKk8xd"" (34.00) | #8 ""willdevens @ sVfd-WUsjU"" (25.02) | #9 ""Max Roman @ oiOtU2XuYt"" (33.58) | #10 ""Davis @ MxiH63B6Pl"" (29.28)",2024-12-17T22:24:56.492Z,173447429649202
"-- starting hand #251 (id: fehpa8ohfaxh)  (No Limit Texas Hold'em) (dealer: ""Pabz ivey @ h6PkxSmy50"") --",2024-12-17T22:24:56.492Z,173447429649201
"The player ""Kevin @ tbjpqIQSOB"" quits the game with a stack of 0.00.",2024-12-17T22:24:56.492Z,173447429649200
"-- ending hand #250 --",2024-12-17T22:24:48.479Z,173447428847908
"""willdevens @ sVfd-WUsjU"" collected 4.50 from pot with Straight, 9 High on the second run  (combination: 9♥, 8♦, 7♠, 6♦, 5♠)",2024-12-17T22:24:48.479Z,173447428847907
"""Spence @ cbvju-2iMm"" collected 4.50 from pot with Straight, 9 High on the second run  (combination: 9♥, 8♥, 7♠, 6♦, 5♠)",2024-12-17T22:24:48.479Z,173447428847906
"""willdevens @ sVfd-WUsjU"" collected 4.50 from pot with Straight, 8 High (combination: 8♦, 7♠, 6♦, 5♠, 4♥)",2024-12-17T22:24:48.479Z,173447428847905
"""Spence @ cbvju-2iMm"" collected 4.50 from pot with Straight, 8 High (combination: 8♥, 7♠, 6♦, 5♠, 4♥)",2024-12-17T22:24:48.479Z,173447428847904
"""willdevens @ sVfd-WUsjU"" collected 8.01 from pot with Straight, 9 High on the second run  (combination: 9♥, 8♦, 7♠, 6♦, 5♠)",2024-12-17T22:24:48.479Z,173447428847903
"""Spence @ cbvju-2iMm"" collected 8.01 from pot with Straight, 9 High on the second run  (combination: 9♥, 8♥, 7♠, 6♦, 5♠)",2024-12-17T22:24:48.479Z,173447428847902
"""willdevens @ sVfd-WUsjU"" collected 8.01 from pot with Straight, 8 High (combination: 8♦, 7♠, 6♦, 5♠, 4♥)",2024-12-17T22:24:48.479Z,173447428847901
"""Spence @ cbvju-2iMm"" collected 8.01 from pot with Straight, 8 High (combination: 8♥, 7♠, 6♦, 5♠, 4♥)",2024-12-17T22:24:48.479Z,173447428847900
"River (second run): 5♠, 7♠, 6♦, 9♥ [9♣]",2024-12-17T22:24:44.456Z,173447428445600
"Turn (second run): 5♠, 7♠, 6♦ [9♥]",2024-12-17T22:24:40.429Z,173447428042900
"River: 5♠, 7♠, 6♦, 4♥ [J♦]",2024-12-17T22:24:36.422Z,173447427642200
"Turn: 5♠, 7♠, 6♦ [4♥]",2024-12-17T22:24:32.399Z,173447427239900
"""Kevin @ tbjpqIQSOB"" shows a Q♣, A♥.",2024-12-17T22:24:28.300Z,173447426830001
"""Spence @ cbvju-2iMm"" shows a 8♥, K♥.",2024-12-17T22:24:28.300Z,173447426830000
"""willdevens @ sVfd-WUsjU"" shows a A♠, 8♦.",2024-12-17T22:24:28.107Z,173447426810700
"All players in hand choose to run it twice.",2024-12-17T22:24:27.449Z,173447426744901
"""Spence @ cbvju-2iMm"" chooses to  run it twice.",2024-12-17T22:24:27.449Z,173447426744900
"""Kevin @ tbjpqIQSOB"" chooses to  run it twice.",2024-12-17T22:24:27.073Z,173447426707300
"""willdevens @ sVfd-WUsjU"" chooses to  run it twice.",2024-12-17T22:24:25.050Z,173447426505000
"Remaining players decide whether to run it twice.",2024-12-17T22:24:23.570Z,173447426357001
"""willdevens @ sVfd-WUsjU"" calls 9.00 and go all in",2024-12-17T22:24:23.570Z,173447426357000
"""Spence @ cbvju-2iMm"" bets 9.00",2024-12-17T22:24:22.536Z,173447426253600
"Flop:  [5♠, 7♠, 6♦]",2024-12-17T22:24:18.179Z,173447425817900
"""Spence @ cbvju-2iMm"" calls 9.88",2024-12-17T22:24:17.364Z,173447425736400
"""Max Roman @ oiOtU2XuYt"" folds",2024-12-17T22:24:16.493Z,173447425649300
"""willdevens @ sVfd-WUsjU"" calls 9.88",2024-12-17T22:23:51.558Z,173447423155800
"""Kevin @ tbjpqIQSOB"" raises to 9.88 and go all in",2024-12-17T22:23:49.530Z,173447422953000
"""Spence @ cbvju-2iMm"" calls 2.00",2024-12-17T22:23:46.401Z,173447422640100
"""Pabz ivey @ h6PkxSmy50"" folds",2024-12-17T22:23:45.474Z,173447422547400
"""Declan @ NsC2OJUPB3"" folds",2024-12-17T22:23:37.491Z,173447421749100
"""Hanley2 @ LXzsz8PhQN"" folds",2024-12-17T22:23:36.637Z,173447421663700
"""Davis @ MxiH63B6Pl"" folds",2024-12-17T22:23:32.534Z,173447421253400
"""Max Roman @ oiOtU2XuYt"" calls 2.00",2024-12-17T22:23:31.617Z,173447421161700
"""willdevens @ sVfd-WUsjU"" raises to 2.00",2024-12-17T22:23:28.525Z,173447420852500
"""slick nick @ Ch6VcKk8xd"" folds",2024-12-17T22:23:25.398Z,173447420539800
"""Kevin @ tbjpqIQSOB"" raises to 0.80",2024-12-17T22:23:24.515Z,173447420451500
"""Alex @ 2vIoBF2FSE"" folds",2024-12-17T22:23:21.689Z,173447420168900
"""Davis @ MxiH63B6Pl"" posts a missed big blind of 0.20",2024-12-17T22:23:20.149Z,173447420014916
"""Davis @ MxiH63B6Pl"" posts a missing small blind of 0.10",2024-12-17T22:23:20.149Z,173447420014915
"""Spence @ cbvju-2iMm"" posts a big blind of 0.20",2024-12-17T22:23:20.149Z,173447420014914
"""Pabz ivey @ h6PkxSmy50"" posts a small blind of 0.10",2024-12-17T22:23:20.149Z,173447420014913
"Your hand is J♠, 3♥",2024-12-17T22:23:20.149Z,173447420014907
"Player stacks: #1 ""Hanley2 @ LXzsz8PhQN"" (63.58) | #2 ""Declan @ NsC2OJUPB3"" (9.04) | #3 ""Pabz ivey @ h6PkxSmy50"" (15.93) | #4 ""Spence @ cbvju-2iMm"" (55.30) | #5 ""Alex @ 2vIoBF2FSE"" (55.93) | #6 ""Kevin @ tbjpqIQSOB"" (9.88) | #7 ""slick nick @ Ch6VcKk8xd"" (34.00) | #8 ""willdevens @ sVfd-WUsjU"" (18.88) | #9 ""Max Roman @ oiOtU2XuYt"" (35.58) | #10 ""Davis @ MxiH63B6Pl"" (29.58)",2024-12-17T22:23:20.149Z,173447420014902
"-- starting hand #250 (id: svvg5ufvitof)  (No Limit Texas Hold'em) (dealer: ""Declan @ NsC2OJUPB3"") --",2024-12-17T22:23:20.149Z,173447420014901
"The player ""Davis @ MxiH63B6Pl"" joined the game with a stack of 29.58.",2024-12-17T22:23:20.149Z,173447420014900
"-- ending hand #249 --",2024-12-17T22:23:14.139Z,173447419413902
"""Hanley2 @ LXzsz8PhQN"" collected 27.00 from pot with Flush, Kh High (combination: K♥, Q♥, J♥, 9♥, 5♥)",2024-12-17T22:23:14.139Z,173447419413901
"""Hanley2 @ LXzsz8PhQN"" shows a K♥, J♥.",2024-12-17T22:23:14.139Z,173447419413900
"""Max Roman @ oiOtU2XuYt"" folds",2024-12-17T22:23:13.326Z,173447419332600
"""willdevens @ sVfd-WUsjU"" calls 5.85",2024-12-17T22:23:10.190Z,173447419019000
"""Hanley2 @ LXzsz8PhQN"" bets 5.85",2024-12-17T22:23:07.186Z,173447418718600
"""Max Roman @ oiOtU2XuYt"" checks",2024-12-17T22:22:58.971Z,173447417897100
"""willdevens @ sVfd-WUsjU"" checks",2024-12-17T22:22:56.763Z,173447417676300
"River: 5♥, A♠, Q♥, 9♥ [K♠]",2024-12-17T22:22:53.718Z,173447417371800
"""Hanley2 @ LXzsz8PhQN"" checks",2024-12-17T22:22:52.887Z,173447417288700
"""Max Roman @ oiOtU2XuYt"" checks",2024-12-17T22:22:49.251Z,173447416925100
"""willdevens @ sVfd-WUsjU"" checks",2024-12-17T22:22:48.164Z,173447416816400
"Turn: 5♥, A♠, Q♥ [9♥]",2024-12-17T22:22:45.285Z,173447416528500
"""willdevens @ sVfd-WUsjU"" calls 3.00",2024-12-17T22:22:44.457Z,173447416445700
"""Spence @ cbvju-2iMm"" folds",2024-12-17T22:22:43.257Z,173447416325700
"""Hanley2 @ LXzsz8PhQN"" calls 3.00",2024-12-17T22:22:42.339Z,173447416233900
"""Max Roman @ oiOtU2XuYt"" raises to 3.00",2024-12-17T22:22:37.703Z,173447415770300
"""willdevens @ sVfd-WUsjU"" bets 1.50",2024-12-17T22:22:31.141Z,173447415114100
"""Spence @ cbvju-2iMm"" checks",2024-12-17T22:22:26.812Z,173447414681200
"Flop:  [5♥, A♠, Q♥]",2024-12-17T22:22:10.743Z,173447413074300
"""Spence @ cbvju-2iMm"" calls 1.50",2024-12-17T22:22:09.874Z,173447412987400
"""Pabz ivey @ h6PkxSmy50"" folds",2024-12-17T22:22:08.339Z,173447412833900
"""Declan @ NsC2OJUPB3"" folds",2024-12-17T22:21:47.513Z,173447410751300
"""Hanley2 @ LXzsz8PhQN"" calls 1.50",2024-12-17T22:21:46.563Z,173447410656300
"The player ""Davis @ MxiH63B6Pl"" sit back with the stack of 29.58.",2024-12-17T22:21:46.520Z,173447410652000
"""Max Roman @ oiOtU2XuYt"" calls 1.50",2024-12-17T22:21:44.805Z,173447410480500
"""willdevens @ sVfd-WUsjU"" raises to 1.50",2024-12-17T22:21:38.772Z,173447409877200
"""slick nick @ Ch6VcKk8xd"" folds",2024-12-17T22:21:34.830Z,173447409483000
"""Kevin @ tbjpqIQSOB"" folds",2024-12-17T22:21:33.946Z,173447409394600
"""Alex @ 2vIoBF2FSE"" folds",2024-12-17T22:21:33.005Z,173447409300500
"""Spence @ cbvju-2iMm"" calls 0.20",2024-12-17T22:21:31.643Z,173447409164300
"""Pabz ivey @ h6PkxSmy50"" posts a big blind of 0.20",2024-12-17T22:21:30.162Z,173447409016212
"""Declan @ NsC2OJUPB3"" posts a small blind of 0.10",2024-12-17T22:21:30.162Z,173447409016211
"Your hand is 9♣, Q♦",2024-12-17T22:21:30.162Z,173447409016206
"Player stacks: #1 ""Hanley2 @ LXzsz8PhQN"" (46.93) | #2 ""Declan @ NsC2OJUPB3"" (9.14) | #3 ""Pabz ivey @ h6PkxSmy50"" (16.13) | #4 ""Spence @ cbvju-2iMm"" (56.80) | #5 ""Alex @ 2vIoBF2FSE"" (55.93) | #6 ""Kevin @ tbjpqIQSOB"" (9.88) | #7 ""slick nick @ Ch6VcKk8xd"" (34.00) | #8 ""willdevens @ sVfd-WUsjU"" (29.23) | #9 ""Max Roman @ oiOtU2XuYt"" (40.08)",2024-12-17T22:21:30.162Z,173447409016201
"-- starting hand #249 (id: wc7vad3qdsg4)  (No Limit Texas Hold'em) (dealer: ""Hanley2 @ LXzsz8PhQN"") --",2024-12-17T22:21:30.162Z,173447409016200
"-- ending hand #248 --",2024-12-17T22:21:22.110Z,173447408211002
"""Declan @ NsC2OJUPB3"" collected 9.14 from pot with Pair, A's on the second run  (combination: A♣, A♦, 9♣, 8♦, 7♦)",2024-12-17T22:21:22.110Z,173447408211001
"""Alex @ 2vIoBF2FSE"" collected 9.14 from pot with Two Pair, A's & 6's (combination: A♥, A♦, 6♥, 6♦, Q♠)",2024-12-17T22:21:22.110Z,173447408211000
"River (second run): A♦, 7♦, 2♠, 3♣ [8♦]",2024-12-17T22:21:18.095Z,173447407809500
"Turn (second run): A♦, 7♦, 2♠ [3♣]",2024-12-17T22:21:14.065Z,173447407406500
"River: A♦, 7♦, 2♠, Q♠ [6♦]",2024-12-17T22:21:10.042Z,173447407004200
"Turn: A♦, 7♦, 2♠ [Q♠]",2024-12-17T22:21:06.040Z,173447406604000
"""Alex @ 2vIoBF2FSE"" shows a A♥, 6♥.",2024-12-17T22:21:02.034Z,173447406203401
"""Declan @ NsC2OJUPB3"" shows a 9♣, A♣.",2024-12-17T22:21:02.034Z,173447406203400
"All players in hand choose to run it twice.",2024-12-17T22:21:01.204Z,173447406120401
"""Declan @ NsC2OJUPB3"" chooses to  run it twice.",2024-12-17T22:21:01.204Z,173447406120400
"""Alex @ 2vIoBF2FSE"" chooses to  run it twice.",2024-12-17T22:21:00.511Z,173447406051100
"Remaining players decide whether to run it twice.",2024-12-17T22:20:59.727Z,173447405972701
"""Max Roman @ oiOtU2XuYt"" folds",2024-12-17T22:20:59.727Z,173447405972700
"""willdevens @ sVfd-WUsjU"" folds",2024-12-17T22:20:58.762Z,173447405876200
"""Kevin @ tbjpqIQSOB"" folds",2024-12-17T22:20:57.907Z,173447405790700
"""Alex @ 2vIoBF2FSE"" calls 6.54",2024-12-17T22:20:54.597Z,173447405459700
"""Declan @ NsC2OJUPB3"" bets 6.54 and go all in",2024-12-17T22:20:53.711Z,173447405371100
"Flop:  [A♦, 7♦, 2♠]",2024-12-17T22:20:50.362Z,173447405036200
"""willdevens @ sVfd-WUsjU"" calls 1.02",2024-12-17T22:20:49.527Z,173447404952700
"""Kevin @ tbjpqIQSOB"" calls 1.02",2024-12-17T22:20:48.026Z,173447404802600
"""Alex @ 2vIoBF2FSE"" calls 1.02",2024-12-17T22:20:46.780Z,173447404678000
"""Declan @ NsC2OJUPB3"" calls 1.02",2024-12-17T22:20:44.778Z,173447404477800
"""Hanley2 @ LXzsz8PhQN"" folds",2024-12-17T22:20:43.192Z,173447404319200
"""Max Roman @ oiOtU2XuYt"" raises to 1.02",2024-12-17T22:20:41.074Z,173447404107400
"""willdevens @ sVfd-WUsjU"" calls 0.20",2024-12-17T22:20:37.172Z,173447403717200
"""slick nick @ Ch6VcKk8xd"" folds",2024-12-17T22:20:34.979Z,173447403497900
"""Kevin @ tbjpqIQSOB"" calls 0.20",2024-12-17T22:20:34.102Z,173447403410200
"""Alex @ 2vIoBF2FSE"" calls 0.20",2024-12-17T22:20:32.855Z,173447403285500
"""Spence @ cbvju-2iMm"" folds",2024-12-17T22:20:30.764Z,173447403076400
"""Pabz ivey @ h6PkxSmy50"" folds",2024-12-17T22:20:28.324Z,173447402832400
"""Declan @ NsC2OJUPB3"" posts a big blind of 0.20",2024-12-17T22:20:18.547Z,173447401854712
"""Hanley2 @ LXzsz8PhQN"" posts a small blind of 0.10",2024-12-17T22:20:18.547Z,173447401854711
"Your hand is A♥, 6♥",2024-12-17T22:20:18.547Z,173447401854706
"Player stacks: #1 ""Hanley2 @ LXzsz8PhQN"" (47.03) | #2 ""Declan @ NsC2OJUPB3"" (7.56) | #3 ""Pabz ivey @ h6PkxSmy50"" (16.13) | #4 ""Spence @ cbvju-2iMm"" (56.80) | #5 ""Alex @ 2vIoBF2FSE"" (54.35) | #6 ""Kevin @ tbjpqIQSOB"" (10.90) | #7 ""slick nick @ Ch6VcKk8xd"" (34.00) | #8 ""willdevens @ sVfd-WUsjU"" (30.25) | #9 ""Max Roman @ oiOtU2XuYt"" (41.10)",2024-12-17T22:20:18.547Z,173447401854701
"-- starting hand #248 (id: bhitdhiblqms)  (No Limit Texas Hold'em) (dealer: ""Max Roman @ oiOtU2XuYt"") --",2024-12-17T22:20:18.547Z,173447401854700
"-- ending hand #247 --",2024-12-17T22:20:12.541Z,173447401254103
"""Alex @ 2vIoBF2FSE"" shows a 3♣, A♦.",2024-12-17T22:20:12.541Z,173447401254102
"""slick nick @ Ch6VcKk8xd"" collected 27.80 from pot with Two Pair, Q's & 2's (combination: Q♥, Q♦, 2♠, 2♥, J♥)",2024-12-17T22:20:12.541Z,173447401254101
"""slick nick @ Ch6VcKk8xd"" shows a Q♥, J♥.",2024-12-17T22:20:12.541Z,173447401254100
"""slick nick @ Ch6VcKk8xd"" calls 5.50",2024-12-17T22:20:11.702Z,173447401170200
"""Alex @ 2vIoBF2FSE"" bets 5.50",2024-12-17T22:20:04.712Z,173447400471200
"River: 2♠, Q♦, 2♥, 8♦ [7♥]",2024-12-17T22:19:57.630Z,173447399763000
"""slick nick @ Ch6VcKk8xd"" calls 4.50",2024-12-17T22:19:56.788Z,173447399678800
"""Alex @ 2vIoBF2FSE"" raises to 4.50",2024-12-17T22:19:55.092Z,173447399509200
"""Pabz ivey @ h6PkxSmy50"" folds",2024-12-17T22:19:52.495Z,173447399249500
"""willdevens @ sVfd-WUsjU"" folds",2024-12-17T22:19:46.565Z,173447398656500
"""slick nick @ Ch6VcKk8xd"" raises to 3.00",2024-12-17T22:19:45.654Z,173447398565400
"""Kevin @ tbjpqIQSOB"" folds",2024-12-17T22:19:35.748Z,173447397574800
"""Alex @ 2vIoBF2FSE"" bets 1.50",2024-12-17T22:19:34.293Z,173447397429300
"""Pabz ivey @ h6PkxSmy50"" checks",2024-12-17T22:19:31.405Z,173447397140500
"Turn: 2♠, Q♦, 2♥ [8♦]",2024-12-17T22:19:28.873Z,173447396887300
"""willdevens @ sVfd-WUsjU"" checks",2024-12-17T22:19:28.039Z,173447396803900
"""slick nick @ Ch6VcKk8xd"" checks",2024-12-17T22:19:26.733Z,173447396673300
"""Kevin @ tbjpqIQSOB"" checks",2024-12-17T22:19:20.994Z,173447396099400
"""Alex @ 2vIoBF2FSE"" checks",2024-12-17T22:19:20.084Z,173447396008400
"""Pabz ivey @ h6PkxSmy50"" checks",2024-12-17T22:19:18.076Z,173447395807600
"Flop:  [2♠, Q♦, 2♥]",2024-12-17T22:19:12.645Z,173447395264500
"""Alex @ 2vIoBF2FSE"" calls 1.50",2024-12-17T22:19:11.835Z,173447395183500
"""Pabz ivey @ h6PkxSmy50"" calls 1.50",2024-12-17T22:19:09.534Z,173447394953400
"""Hanley2 @ LXzsz8PhQN"" folds",2024-12-17T22:19:06.150Z,173447394615000
"""Max Roman @ oiOtU2XuYt"" folds",2024-12-17T22:18:58.361Z,173447393836100
"""willdevens @ sVfd-WUsjU"" calls 1.50",2024-12-17T22:18:57.389Z,173447393738900
"""slick nick @ Ch6VcKk8xd"" calls 1.50",2024-12-17T22:18:56.458Z,173447393645800
"""Kevin @ tbjpqIQSOB"" raises to 1.50",2024-12-17T22:18:51.592Z,173447393159200
"""Alex @ 2vIoBF2FSE"" raises to 0.75",2024-12-17T22:18:48.700Z,173447392870000
"""Spence @ cbvju-2iMm"" folds",2024-12-17T22:18:46.359Z,173447392635900
"""Pabz ivey @ h6PkxSmy50"" calls 0.20",2024-12-17T22:18:45.479Z,173447392547900
"""Declan @ NsC2OJUPB3"" folds",2024-12-17T22:18:38.984Z,173447391898400
"""Hanley2 @ LXzsz8PhQN"" posts a big blind of 0.20",2024-12-17T22:18:36.589Z,173447391658912
"""Max Roman @ oiOtU2XuYt"" posts a small blind of 0.10",2024-12-17T22:18:36.589Z,173447391658911
"Your hand is 3♣, A♦",2024-12-17T22:18:36.589Z,173447391658906
"Player stacks: #1 ""Hanley2 @ LXzsz8PhQN"" (47.23) | #2 ""Declan @ NsC2OJUPB3"" (7.56) | #3 ""Pabz ivey @ h6PkxSmy50"" (17.63) | #4 ""Spence @ cbvju-2iMm"" (56.80) | #5 ""Alex @ 2vIoBF2FSE"" (65.85) | #6 ""Kevin @ tbjpqIQSOB"" (12.40) | #7 ""slick nick @ Ch6VcKk8xd"" (17.70) | #8 ""willdevens @ sVfd-WUsjU"" (31.75) | #9 ""Max Roman @ oiOtU2XuYt"" (41.20)",2024-12-17T22:18:36.589Z,173447391658901
"-- starting hand #247 (id: 7bwjmearp4ff)  (No Limit Texas Hold'em) (dealer: ""willdevens @ sVfd-WUsjU"") --",2024-12-17T22:18:36.589Z,173447391658900
"""slick nick @ Ch6VcKk8xd"" shows a 9♠, 10♣.",2024-12-17T22:18:33.961Z,173447391396100
"Undealt cards: 2♠, 10♠, 4♠ [7♥, 6♠]",2024-12-17T22:18:30.616Z,173447391061600
"-- ending hand #246 --",2024-12-17T22:18:29.967Z,173447390996702
"""Alex @ 2vIoBF2FSE"" collected 3.30 from pot",2024-12-17T22:18:29.967Z,173447390996701
"Uncalled bet of 1.50 returned to ""Alex @ 2vIoBF2FSE""",2024-12-17T22:18:29.967Z,173447390996700
"""Spence @ cbvju-2iMm"" folds",2024-12-17T22:18:29.152Z,173447390915200
"""Pabz ivey @ h6PkxSmy50"" folds",2024-12-17T22:18:28.295Z,173447390829500
"""Declan @ NsC2OJUPB3"" folds",2024-12-17T22:18:16.434Z,173447389643400
"""Kevin @ tbjpqIQSOB"" folds",2024-12-17T22:18:13.604Z,173447389360400
"""Alex @ 2vIoBF2FSE"" bets 1.50",2024-12-17T22:18:09.440Z,173447388944000
"""Spence @ cbvju-2iMm"" checks",2024-12-17T22:18:06.915Z,173447388691500
"""Pabz ivey @ h6PkxSmy50"" checks",2024-12-17T22:18:05.602Z,173447388560200
"""Declan @ NsC2OJUPB3"" checks",2024-12-17T22:18:01.686Z,173447388168600
"Flop:  [2♠, 10♠, 4♠]",2024-12-17T22:17:58.983Z,173447387898300
"""Spence @ cbvju-2iMm"" calls 0.60",2024-12-17T22:17:58.140Z,173447387814000
"""Pabz ivey @ h6PkxSmy50"" calls 0.60",2024-12-17T22:17:57.215Z,173447387721500
"""Declan @ NsC2OJUPB3"" calls 0.60",2024-12-17T22:17:45.354Z,173447386535400
"""Max Roman @ oiOtU2XuYt"" folds",2024-12-17T22:17:42.539Z,173447386253900
"""willdevens @ sVfd-WUsjU"" folds",2024-12-17T22:17:35.074Z,173447385507400
"""slick nick @ Ch6VcKk8xd"" folds",2024-12-17T22:17:34.174Z,173447385417400
"""Kevin @ tbjpqIQSOB"" calls 0.60",2024-12-17T22:17:33.205Z,173447385320500
"""Alex @ 2vIoBF2FSE"" raises to 0.60",2024-12-17T22:17:26.995Z,173447384699500
"""Spence @ cbvju-2iMm"" calls 0.20",2024-12-17T22:17:22.339Z,173447384233900
"""Pabz ivey @ h6PkxSmy50"" calls 0.20",2024-12-17T22:17:07.684Z,173447382768400
"""Declan @ NsC2OJUPB3"" calls 0.20",2024-12-17T22:17:06.041Z,173447382604100
"""Hanley2 @ LXzsz8PhQN"" folds",2024-12-17T22:17:04.444Z,173447382444400
"""Max Roman @ oiOtU2XuYt"" posts a big blind of 0.20",2024-12-17T22:17:01.323Z,173447382132313
"""willdevens @ sVfd-WUsjU"" posts a small blind of 0.10",2024-12-17T22:17:01.323Z,173447382132312
"Your hand is 4♣, J♥",2024-12-17T22:17:01.323Z,173447382132307
"Player stacks: #1 ""Hanley2 @ LXzsz8PhQN"" (47.23) | #2 ""Declan @ NsC2OJUPB3"" (8.16) | #3 ""Pabz ivey @ h6PkxSmy50"" (18.23) | #4 ""Spence @ cbvju-2iMm"" (57.40) | #5 ""Alex @ 2vIoBF2FSE"" (63.15) | #6 ""Kevin @ tbjpqIQSOB"" (13.00) | #7 ""slick nick @ Ch6VcKk8xd"" (17.70) | #8 ""willdevens @ sVfd-WUsjU"" (31.85) | #9 ""Max Roman @ oiOtU2XuYt"" (41.40)",2024-12-17T22:17:01.323Z,173447382132302
"-- starting hand #246 (id: pzhhrpyaoz8l)  (No Limit Texas Hold'em) (dealer: ""slick nick @ Ch6VcKk8xd"") --",2024-12-17T22:17:01.323Z,173447382132301
"The player ""Davis @ MxiH63B6Pl"" stand up with the stack of 29.58.",2024-12-17T22:17:01.323Z,173447382132300
"Undealt cards: K♦, K♠, 5♦, 4♦ [2♥]",2024-12-17T22:16:56.367Z,173447381636700
"-- ending hand #245 --",2024-12-17T22:16:55.388Z,173447381538802
"""willdevens @ sVfd-WUsjU"" collected 17.10 from pot",2024-12-17T22:16:55.388Z,173447381538801
"Uncalled bet of 8.50 returned to ""willdevens @ sVfd-WUsjU""",2024-12-17T22:16:55.388Z,173447381538800
"""Kevin @ tbjpqIQSOB"" folds",2024-12-17T22:16:54.560Z,173447381456000
"""Spence @ cbvju-2iMm"" folds",2024-12-17T22:16:52.811Z,173447381281100
"""willdevens @ sVfd-WUsjU"" bets 8.50",2024-12-17T22:16:51.951Z,173447381195100
"Turn: K♦, K♠, 5♦ [4♦]",2024-12-17T22:16:43.076Z,173447380307600
"""slick nick @ Ch6VcKk8xd"" folds",2024-12-17T22:16:42.256Z,173447380225600
"""Kevin @ tbjpqIQSOB"" calls 3.50",2024-12-17T22:16:41.275Z,173447380127500
"""Spence @ cbvju-2iMm"" calls 3.50",2024-12-17T22:16:38.631Z,173447379863100
"""Pabz ivey @ h6PkxSmy50"" folds",2024-12-17T22:16:33.954Z,173447379395400
"""Declan @ NsC2OJUPB3"" folds",2024-12-17T22:16:13.099Z,173447377309900
"""willdevens @ sVfd-WUsjU"" bets 3.50",2024-12-17T22:16:11.605Z,173447377160500
"""slick nick @ Ch6VcKk8xd"" checks",2024-12-17T22:16:08.233Z,173447376823300
"Flop:  [K♦, K♠, 5♦]",2024-12-17T22:16:01.752Z,173447376175200
"""Declan @ NsC2OJUPB3"" calls 1.10",2024-12-17T22:16:00.914Z,173447376091400
"""willdevens @ sVfd-WUsjU"" calls 1.10",2024-12-17T22:15:59.008Z,173447375900800
"""slick nick @ Ch6VcKk8xd"" calls 1.10",2024-12-17T22:15:55.969Z,173447375596900
"""Kevin @ tbjpqIQSOB"" calls 1.10",2024-12-17T22:15:53.122Z,173447375312200
"""Alex @ 2vIoBF2FSE"" folds",2024-12-17T22:15:50.264Z,173447375026400
"""Spence @ cbvju-2iMm"" calls 1.10",2024-12-17T22:15:49.405Z,173447374940500
"""Pabz ivey @ h6PkxSmy50"" raises to 1.10",2024-12-17T22:15:48.516Z,173447374851600
"""Declan @ NsC2OJUPB3"" calls 0.20",2024-12-17T22:15:37.072Z,173447373707200
"""Hanley2 @ LXzsz8PhQN"" folds",2024-12-17T22:15:36.108Z,173447373610800
"""Davis @ MxiH63B6Pl"" folds",2024-12-17T22:15:33.762Z,173447373376200
"""Max Roman @ oiOtU2XuYt"" folds",2024-12-17T22:15:32.536Z,173447373253600
"""willdevens @ sVfd-WUsjU"" posts a big blind of 0.20",2024-12-17T22:15:27.780Z,173447372778013
"""slick nick @ Ch6VcKk8xd"" posts a small blind of 0.10",2024-12-17T22:15:27.780Z,173447372778012
"Your hand is K♣, 5♥",2024-12-17T22:15:27.780Z,173447372778006
"Player stacks: #1 ""Hanley2 @ LXzsz8PhQN"" (47.23) | #2 ""Declan @ NsC2OJUPB3"" (9.26) | #3 ""Pabz ivey @ h6PkxSmy50"" (19.33) | #4 ""Spence @ cbvju-2iMm"" (62.00) | #5 ""Alex @ 2vIoBF2FSE"" (63.15) | #6 ""Kevin @ tbjpqIQSOB"" (17.60) | #7 ""slick nick @ Ch6VcKk8xd"" (18.80) | #8 ""willdevens @ sVfd-WUsjU"" (19.35) | #9 ""Max Roman @ oiOtU2XuYt"" (41.40) | #10 ""Davis @ MxiH63B6Pl"" (29.58)",2024-12-17T22:15:27.780Z,173447372778001
"-- starting hand #245 (id: czqmu5qaxtu5)  (No Limit Texas Hold'em) (dealer: ""Kevin @ tbjpqIQSOB"") --",2024-12-17T22:15:27.780Z,173447372778000
"-- ending hand #244 --",2024-12-17T22:15:21.771Z,173447372177103
"""Kevin @ tbjpqIQSOB"" shows a Q♥, 8♥.",2024-12-17T22:15:21.771Z,173447372177102
"""Hanley2 @ LXzsz8PhQN"" collected 5.60 from pot with Two Pair, K's & 4's (combination: K♥, K♣, 4♣, 4♠, A♦)",2024-12-17T22:15:21.771Z,173447372177101
"""Hanley2 @ LXzsz8PhQN"" shows a A♦, 8♠.",2024-12-17T22:15:21.771Z,173447372177100
"""Hanley2 @ LXzsz8PhQN"" checks",2024-12-17T22:15:20.930Z,173447372093000
"""Kevin @ tbjpqIQSOB"" checks",2024-12-17T22:15:18.986Z,173447371898600
"River: 3♥, 4♣, K♥, 4♠ [K♣]",2024-12-17T22:15:11.156Z,173447371115600
"""Hanley2 @ LXzsz8PhQN"" checks",2024-12-17T22:15:10.299Z,173447371029900
"""Kevin @ tbjpqIQSOB"" checks",2024-12-17T22:15:08.220Z,173447370822000
"Turn: 3♥, 4♣, K♥ [4♠]",2024-12-17T22:15:00.405Z,173447370040500
"""slick nick @ Ch6VcKk8xd"" folds",2024-12-17T22:14:59.565Z,173447369956500
"""Kevin @ tbjpqIQSOB"" calls 1.40",2024-12-17T22:14:58.146Z,173447369814600
"""Hanley2 @ LXzsz8PhQN"" bets 1.40",2024-12-17T22:14:55.920Z,173447369592000
"""slick nick @ Ch6VcKk8xd"" checks",2024-12-17T22:14:47.616Z,173447368761600
"""Kevin @ tbjpqIQSOB"" checks",2024-12-17T22:14:41.553Z,173447368155300
"Flop:  [3♥, 4♣, K♥]",2024-12-17T22:14:38.763Z,173447367876300
"""willdevens @ sVfd-WUsjU"" folds",2024-12-17T22:14:37.903Z,173447367790300
"""slick nick @ Ch6VcKk8xd"" calls 0.80",2024-12-17T22:14:35.488Z,173447367548800
"""Kevin @ tbjpqIQSOB"" calls 0.80",2024-12-17T22:14:27.289Z,173447366728900
"""Alex @ 2vIoBF2FSE"" folds",2024-12-17T22:14:23.823Z,173447366382300
"""Spence @ cbvju-2iMm"" folds",2024-12-17T22:14:22.832Z,173447366283200
"""Pabz ivey @ h6PkxSmy50"" folds",2024-12-17T22:14:21.941Z,173447366194100
"""Declan @ NsC2OJUPB3"" folds",2024-12-17T22:14:20.932Z,173447366093200
"""Hanley2 @ LXzsz8PhQN"" raises to 0.80",2024-12-17T22:14:19.944Z,173447365994400
"""Davis @ MxiH63B6Pl"" folds",2024-12-17T22:14:14.746Z,173447365474600
"""Max Roman @ oiOtU2XuYt"" folds",2024-12-17T22:14:13.615Z,173447365361500
"""willdevens @ sVfd-WUsjU"" posts a straddle of 0.40",2024-12-17T22:14:12.031Z,173447365203114
"""slick nick @ Ch6VcKk8xd"" posts a big blind of 0.20",2024-12-17T22:14:12.031Z,173447365203113
"""Kevin @ tbjpqIQSOB"" posts a small blind of 0.10",2024-12-17T22:14:12.031Z,173447365203112
"Your hand is 3♣, 7♣",2024-12-17T22:14:12.031Z,173447365203106
"Player stacks: #1 ""Hanley2 @ LXzsz8PhQN"" (43.83) | #2 ""Declan @ NsC2OJUPB3"" (9.26) | #3 ""Pabz ivey @ h6PkxSmy50"" (19.33) | #4 ""Spence @ cbvju-2iMm"" (62.00) | #5 ""Alex @ 2vIoBF2FSE"" (63.15) | #6 ""Kevin @ tbjpqIQSOB"" (19.80) | #7 ""slick nick @ Ch6VcKk8xd"" (19.60) | #8 ""willdevens @ sVfd-WUsjU"" (19.75) | #9 ""Max Roman @ oiOtU2XuYt"" (41.40) | #10 ""Davis @ MxiH63B6Pl"" (29.58)",2024-12-17T22:14:12.031Z,173447365203101
"-- starting hand #244 (id: xnviwyrbiqpv)  (No Limit Texas Hold'em) (dealer: ""Alex @ 2vIoBF2FSE"") --",2024-12-17T22:14:12.031Z,173447365203100
"""Hanley2 @ LXzsz8PhQN"" shows a 9♦, 2♥.",2024-12-17T22:14:10.237Z,173447365023700
"-- ending hand #243 --",2024-12-17T22:14:05.398Z,173447364539802
"""Spence @ cbvju-2iMm"" collected 1.20 from pot",2024-12-17T22:14:05.398Z,173447364539801
"Uncalled bet of 1.20 returned to ""Spence @ cbvju-2iMm""",2024-12-17T22:14:05.398Z,173447364539800
"""Pabz ivey @ h6PkxSmy50"" folds",2024-12-17T22:14:04.582Z,173447364458200
"""Declan @ NsC2OJUPB3"" folds",2024-12-17T22:14:02.921Z,173447364292100
"""slick nick @ Ch6VcKk8xd"" folds",2024-12-17T22:14:01.411Z,173447364141100
"""Kevin @ tbjpqIQSOB"" folds",2024-12-17T22:13:56.773Z,173447363677300
"""Alex @ 2vIoBF2FSE"" folds",2024-12-17T22:13:49.293Z,173447362929300
"""Spence @ cbvju-2iMm"" bets 1.20",2024-12-17T22:13:47.331Z,173447362733100
"""Pabz ivey @ h6PkxSmy50"" checks",2024-12-17T22:13:45.060Z,173447362506000
"""Declan @ NsC2OJUPB3"" checks",2024-12-17T22:13:43.661Z,173447362366100
"""slick nick @ Ch6VcKk8xd"" checks",2024-12-17T22:13:41.996Z,173447362199600
"""Kevin @ tbjpqIQSOB"" checks",2024-12-17T22:13:38.892Z,173447361889200
"""Alex @ 2vIoBF2FSE"" checks",2024-12-17T22:13:34.830Z,173447361483000
"Flop:  [9♠, 4♥, 9♥]",2024-12-17T22:13:32.136Z,173447361213600
"""Kevin @ tbjpqIQSOB"" checks",2024-12-17T22:13:31.318Z,173447361131800
"""Alex @ 2vIoBF2FSE"" calls 0.20",2024-12-17T22:13:29.437Z,173447360943700
"""Spence @ cbvju-2iMm"" calls 0.20",2024-12-17T22:13:27.713Z,173447360771300
"""Pabz ivey @ h6PkxSmy50"" calls 0.20",2024-12-17T22:13:25.250Z,173447360525000
"""Declan @ NsC2OJUPB3"" calls 0.20",2024-12-17T22:13:23.724Z,173447360372400
"""Hanley2 @ LXzsz8PhQN"" folds",2024-12-17T22:13:22.509Z,173447360250900
"""Davis @ MxiH63B6Pl"" folds",2024-12-17T22:13:21.506Z,173447360150600
"""Max Roman @ oiOtU2XuYt"" folds",2024-12-17T22:13:20.593Z,173447360059300
"""willdevens @ sVfd-WUsjU"" folds",2024-12-17T22:13:17.760Z,173447359776000
"""slick nick @ Ch6VcKk8xd"" calls 0.20",2024-12-17T22:13:16.868Z,173447359686800
"""Kevin @ tbjpqIQSOB"" posts a big blind of 0.20",2024-12-17T22:13:11.512Z,173447359151213
"""Alex @ 2vIoBF2FSE"" posts a small blind of 0.10",2024-12-17T22:13:11.512Z,173447359151212
"Your hand is 3♣, J♣",2024-12-17T22:13:11.512Z,173447359151206
"Player stacks: #1 ""Hanley2 @ LXzsz8PhQN"" (43.83) | #2 ""Declan @ NsC2OJUPB3"" (9.46) | #3 ""Pabz ivey @ h6PkxSmy50"" (19.53) | #4 ""Spence @ cbvju-2iMm"" (61.00) | #5 ""Alex @ 2vIoBF2FSE"" (63.35) | #6 ""Kevin @ tbjpqIQSOB"" (20.00) | #7 ""slick nick @ Ch6VcKk8xd"" (19.80) | #8 ""willdevens @ sVfd-WUsjU"" (19.75) | #9 ""Max Roman @ oiOtU2XuYt"" (41.40) | #10 ""Davis @ MxiH63B6Pl"" (29.58)",2024-12-17T22:13:11.512Z,173447359151201
"-- starting hand #243 (id: wclem7ux332u)  (No Limit Texas Hold'em) (dealer: ""Spence @ cbvju-2iMm"") --",2024-12-17T22:13:11.512Z,173447359151200
"-- ending hand #242 --",2024-12-17T22:13:03.509Z,173447358350902
"""Hanley2 @ LXzsz8PhQN"" collected 19.75 from pot with Three of a Kind, 2's on the second run  (combination: 2♥, 2♦, 2♠, K♥, 6♦)",2024-12-17T22:13:03.509Z,173447358350901
"""willdevens @ sVfd-WUsjU"" collected 19.75 from pot with Flush, Kh High (combination: K♥, Q♥, 10♥, 9♥, 8♥, 4♥)",2024-12-17T22:13:03.509Z,173447358350900
"River (second run): 2♠, 4♥, K♥, 6♦ [5♠]",2024-12-17T22:12:59.501Z,173447357950100
"Turn (second run): 2♠, 4♥, K♥ [6♦]",2024-12-17T22:12:55.479Z,173447357547900
"River: 2♠, 4♥, K♥, 9♥ [10♥]",2024-12-17T22:12:51.469Z,173447357146900
"Turn: 2♠, 4♥, K♥ [9♥]",2024-12-17T22:12:47.463Z,173447356746300
"""Hanley2 @ LXzsz8PhQN"" shows a 2♥, 2♦.",2024-12-17T22:12:43.454Z,173447356345400
"""willdevens @ sVfd-WUsjU"" shows a 8♥, Q♥.",2024-12-17T22:12:43.118Z,173447356311800
"All players in hand choose to run it twice.",2024-12-17T22:12:42.605Z,173447356260501
"""Hanley2 @ LXzsz8PhQN"" chooses to  run it twice.",2024-12-17T22:12:42.605Z,173447356260500
"""willdevens @ sVfd-WUsjU"" chooses to  run it twice.",2024-12-17T22:12:40.240Z,173447356024000
"Remaining players decide whether to run it twice.",2024-12-17T22:12:39.424Z,173447355942401
"""Spence @ cbvju-2iMm"" folds",2024-12-17T22:12:39.424Z,173447355942400
"""Hanley2 @ LXzsz8PhQN"" calls 16.65",2024-12-17T22:12:37.837Z,173447355783700
"""willdevens @ sVfd-WUsjU"" bets 16.65 and go all in",2024-12-17T22:12:29.646Z,173447354964600
"""Spence @ cbvju-2iMm"" checks",2024-12-17T22:12:26.077Z,173447354607700
"Flop:  [2♠, 4♥, K♥]",2024-12-17T22:12:22.948Z,173447354294800
"""Alex @ 2vIoBF2FSE"" folds",2024-12-17T22:12:22.087Z,173447354208700
"""Spence @ cbvju-2iMm"" calls 2.00",2024-12-17T22:12:21.243Z,173447354124300
"""Pabz ivey @ h6PkxSmy50"" folds",2024-12-17T22:12:19.630Z,173447353963000
"""Declan @ NsC2OJUPB3"" folds",2024-12-17T22:12:16.437Z,173447353643700
"""Hanley2 @ LXzsz8PhQN"" calls 2.00",2024-12-17T22:12:13.241Z,173447353324100
"""Davis @ MxiH63B6Pl"" folds",2024-12-17T22:12:09.322Z,173447352932200
"""Max Roman @ oiOtU2XuYt"" folds",2024-12-17T22:12:08.354Z,173447352835400
"""willdevens @ sVfd-WUsjU"" raises to 2.00",2024-12-17T22:12:03.167Z,173447352316700
"""slick nick @ Ch6VcKk8xd"" folds",2024-12-17T22:11:57.712Z,173447351771200
"""Kevin @ tbjpqIQSOB"" folds",2024-12-17T22:11:56.279Z,173447351627900
"""Alex @ 2vIoBF2FSE"" posts a big blind of 0.20",2024-12-17T22:11:54.784Z,173447351478413
"""Spence @ cbvju-2iMm"" posts a small blind of 0.10",2024-12-17T22:11:54.784Z,173447351478412
"Your hand is 3♣, K♦",2024-12-17T22:11:54.784Z,173447351478406
"Player stacks: #1 ""Hanley2 @ LXzsz8PhQN"" (42.73) | #2 ""Declan @ NsC2OJUPB3"" (9.46) | #3 ""Pabz ivey @ h6PkxSmy50"" (19.53) | #4 ""Spence @ cbvju-2iMm"" (63.00) | #5 ""Alex @ 2vIoBF2FSE"" (63.55) | #6 ""Kevin @ tbjpqIQSOB"" (20.00) | #7 ""slick nick @ Ch6VcKk8xd"" (19.80) | #8 ""willdevens @ sVfd-WUsjU"" (18.65) | #9 ""Max Roman @ oiOtU2XuYt"" (41.40) | #10 ""Davis @ MxiH63B6Pl"" (29.58)",2024-12-17T22:11:54.784Z,173447351478401
"-- starting hand #242 (id: uavhnq7wytmz)  (No Limit Texas Hold'em) (dealer: ""Pabz ivey @ h6PkxSmy50"") --",2024-12-17T22:11:54.784Z,173447351478400
"-- ending hand #241 --",2024-12-17T22:11:46.768Z,173447350676802
"""Declan @ NsC2OJUPB3"" collected 4.73 from pot with Flush, Ac High on the second run  (combination: A♣, Q♣, J♣, 9♣, 8♣)",2024-12-17T22:11:46.768Z,173447350676801
"""Declan @ NsC2OJUPB3"" collected 4.73 from pot with Pair, Q's (combination: Q♦, Q♥, A♣, 10♠, 8♦)",2024-12-17T22:11:46.768Z,173447350676800
"River (second run): 8♣, J♣, 3♥, 9♣ [Q♣]",2024-12-17T22:11:42.723Z,173447350272300
"Turn (second run): 8♣, J♣, 3♥ [9♣]",2024-12-17T22:11:38.714Z,173447349871400
"Flop (second run):  [8♣, J♣, 3♥]",2024-12-17T22:11:34.705Z,173447349470500
"River: 8♦, 4♣, 5♣, Q♥ [10♠]",2024-12-17T22:11:30.698Z,173447349069800
"Turn: 8♦, 4♣, 5♣ [Q♥]",2024-12-17T22:11:26.696Z,173447348669600
"Flop:  [8♦, 4♣, 5♣]",2024-12-17T22:11:22.688Z,173447348268800
"""Declan @ NsC2OJUPB3"" shows a Q♦, A♣.",2024-12-17T22:11:18.679Z,173447347867900
"""willdevens @ sVfd-WUsjU"" shows a 10♦, J♥.",2024-12-17T22:11:18.513Z,173447347851300
"All players in hand choose to run it twice.",2024-12-17T22:11:17.873Z,173447347787301
"""Declan @ NsC2OJUPB3"" chooses to  run it twice.",2024-12-17T22:11:17.873Z,173447347787300
"""willdevens @ sVfd-WUsjU"" chooses to  run it twice.",2024-12-17T22:11:16.908Z,173447347690800
"Remaining players decide whether to run it twice.",2024-12-17T22:11:15.303Z,173447347530301
"""willdevens @ sVfd-WUsjU"" calls 4.48",2024-12-17T22:11:15.303Z,173447347530300
"""slick nick @ Ch6VcKk8xd"" folds",2024-12-17T22:11:14.364Z,173447347436400
"""Spence @ cbvju-2iMm"" folds",2024-12-17T22:11:13.419Z,173447347341900
"""Pabz ivey @ h6PkxSmy50"" folds",2024-12-17T22:11:12.539Z,173447347253900
"""Declan @ NsC2OJUPB3"" raises to 4.48 and go all in",2024-12-17T22:10:58.896Z,173447345889600
"""Hanley2 @ LXzsz8PhQN"" folds",2024-12-17T22:10:56.079Z,173447345607900
"""Davis @ MxiH63B6Pl"" folds",2024-12-17T22:10:55.092Z,173447345509200
"""Max Roman @ oiOtU2XuYt"" folds",2024-12-17T22:10:54.005Z,173447345400500
"""willdevens @ sVfd-WUsjU"" raises to 2.00",2024-12-17T22:10:53.043Z,173447345304300
"""slick nick @ Ch6VcKk8xd"" calls 0.20",2024-12-17T22:10:50.765Z,173447345076500
"""Kevin @ tbjpqIQSOB"" folds",2024-12-17T22:10:48.357Z,173447344835700
"""Alex @ 2vIoBF2FSE"" folds",2024-12-17T22:10:46.873Z,173447344687300
"""Spence @ cbvju-2iMm"" posts a big blind of 0.20",2024-12-17T22:10:45.154Z,173447344515413
"""Pabz ivey @ h6PkxSmy50"" posts a small blind of 0.10",2024-12-17T22:10:45.154Z,173447344515412
"Your hand is 4♦, K♣",2024-12-17T22:10:45.154Z,173447344515406
"Player stacks: #1 ""Hanley2 @ LXzsz8PhQN"" (42.73) | #2 ""Declan @ NsC2OJUPB3"" (4.48) | #3 ""Pabz ivey @ h6PkxSmy50"" (19.63) | #4 ""Spence @ cbvju-2iMm"" (63.20) | #5 ""Alex @ 2vIoBF2FSE"" (63.55) | #6 ""Kevin @ tbjpqIQSOB"" (20.00) | #7 ""slick nick @ Ch6VcKk8xd"" (20.00) | #8 ""willdevens @ sVfd-WUsjU"" (23.13) | #9 ""Max Roman @ oiOtU2XuYt"" (41.40) | #10 ""Davis @ MxiH63B6Pl"" (29.58)",2024-12-17T22:10:45.154Z,173447344515401
"-- starting hand #241 (id: tfj6o6wkzabv)  (No Limit Texas Hold'em) (dealer: ""Declan @ NsC2OJUPB3"") --",2024-12-17T22:10:45.154Z,173447344515400
"Undealt cards: J♥, 5♣, 6♥ [4♣, 2♠]",2024-12-17T22:10:41.227Z,173447344122700
"-- ending hand #240 --",2024-12-17T22:10:39.228Z,173447343922802
"""Hanley2 @ LXzsz8PhQN"" collected 6.60 from pot",2024-12-17T22:10:39.228Z,173447343922801
"Uncalled bet of 3.30 returned to ""Hanley2 @ LXzsz8PhQN""",2024-12-17T22:10:39.228Z,173447343922800
"""Davis @ MxiH63B6Pl"" folds",2024-12-17T22:10:38.367Z,173447343836700
"""willdevens @ sVfd-WUsjU"" folds",2024-12-17T22:10:31.560Z,173447343156000
"""Spence @ cbvju-2iMm"" folds",2024-12-17T22:10:30.686Z,173447343068600
"""Pabz ivey @ h6PkxSmy50"" folds",2024-12-17T22:10:29.330Z,173447342933000
"""Hanley2 @ LXzsz8PhQN"" bets 3.30",2024-12-17T22:10:27.021Z,173447342702100
"""Davis @ MxiH63B6Pl"" checks",2024-12-17T22:10:21.880Z,173447342188000
"""willdevens @ sVfd-WUsjU"" checks",2024-12-17T22:10:20.264Z,173447342026400
"""Spence @ cbvju-2iMm"" checks",2024-12-17T22:10:19.409Z,173447341940900
"""Pabz ivey @ h6PkxSmy50"" checks",2024-12-17T22:10:07.004Z,173447340700400
"Flop:  [J♥, 5♣, 6♥]",2024-12-17T22:10:03.347Z,173447340334700
"""Davis @ MxiH63B6Pl"" calls 1.30",2024-12-17T22:10:02.509Z,173447340250900
"""willdevens @ sVfd-WUsjU"" calls 1.30",2024-12-17T22:09:50.963Z,173447339096300
"""Spence @ cbvju-2iMm"" calls 1.30",2024-12-17T22:09:49.442Z,173447338944200
"""Pabz ivey @ h6PkxSmy50"" calls 1.30",2024-12-17T22:09:47.886Z,173447338788600
"""Declan @ NsC2OJUPB3"" folds",2024-12-17T22:09:46.337Z,173447338633700
"""Hanley2 @ LXzsz8PhQN"" raises to 1.30",2024-12-17T22:09:38.434Z,173447337843400
"""Davis @ MxiH63B6Pl"" calls 0.20",2024-12-17T22:09:32.024Z,173447337202400
"""Max Roman @ oiOtU2XuYt"" folds",2024-12-17T22:09:22.454Z,173447336245400
"""willdevens @ sVfd-WUsjU"" calls 0.20",2024-12-17T22:09:21.533Z,173447336153300
"""slick nick @ Ch6VcKk8xd"" folds",2024-12-17T22:09:20.109Z,173447336010900
"""Kevin @ tbjpqIQSOB"" folds",2024-12-17T22:09:13.259Z,173447335325900
"""Alex @ 2vIoBF2FSE"" folds",2024-12-17T22:09:12.297Z,173447335229700
"""Spence @ cbvju-2iMm"" calls 0.20",2024-12-17T22:09:11.442Z,173447335144200
"""Pabz ivey @ h6PkxSmy50"" posts a big blind of 0.20",2024-12-17T22:09:09.819Z,173447334981915
"""Declan @ NsC2OJUPB3"" posts a small blind of 0.10",2024-12-17T22:09:09.819Z,173447334981914
"Your hand is 6♣, J♣",2024-12-17T22:09:09.819Z,173447334981908
"Player stacks: #1 ""Hanley2 @ LXzsz8PhQN"" (37.43) | #2 ""Declan @ NsC2OJUPB3"" (4.58) | #3 ""Pabz ivey @ h6PkxSmy50"" (20.93) | #4 ""Spence @ cbvju-2iMm"" (64.50) | #5 ""Alex @ 2vIoBF2FSE"" (63.55) | #6 ""Kevin @ tbjpqIQSOB"" (20.00) | #7 ""slick nick @ Ch6VcKk8xd"" (20.00) | #8 ""willdevens @ sVfd-WUsjU"" (24.43) | #9 ""Max Roman @ oiOtU2XuYt"" (41.40) | #10 ""Davis @ MxiH63B6Pl"" (30.88)",2024-12-17T22:09:09.819Z,173447334981903
"-- starting hand #240 (id: hxt0awz3faca)  (No Limit Texas Hold'em) (dealer: ""Hanley2 @ LXzsz8PhQN"") --",2024-12-17T22:09:09.819Z,173447334981902
"The player ""Kevin @ tbjpqIQSOB"" joined the game with a stack of 20.00.",2024-12-17T22:09:09.819Z,173447334981901
"The player ""slick nick @ Ch6VcKk8xd"" joined the game with a stack of 20.00.",2024-12-17T22:09:09.819Z,173447334981900
"""willdevens @ sVfd-WUsjU"" shows a J♥.",2024-12-17T22:09:05.470Z,173447334547000
"Undealt cards: 5♥, K♦, J♦, 8♥ [7♥]",2024-12-17T22:09:04.511Z,173447334451100
"-- ending hand #239 --",2024-12-17T22:09:03.146Z,173447334314602
"""Max Roman @ oiOtU2XuYt"" collected 13.80 from pot",2024-12-17T22:09:03.146Z,173447334314601
"Uncalled bet of 6.90 returned to ""Max Roman @ oiOtU2XuYt""",2024-12-17T22:09:03.146Z,173447334314600
"""willdevens @ sVfd-WUsjU"" folds",2024-12-17T22:09:02.317Z,173447334231700
"""Max Roman @ oiOtU2XuYt"" bets 6.90",2024-12-17T22:09:01.145Z,173447334114500
"The admin approved the player ""Kevin @ tbjpqIQSOB"" participation with a stack of 20.00.",2024-12-17T22:08:51.027Z,173447333102700
"""willdevens @ sVfd-WUsjU"" checks",2024-12-17T22:08:45.165Z,173447332516500
"Turn: 5♥, K♦, J♦ [8♥]",2024-12-17T22:08:35.422Z,173447331542200
"""willdevens @ sVfd-WUsjU"" calls 4.00",2024-12-17T22:08:34.605Z,173447331460500
"""Pabz ivey @ h6PkxSmy50"" folds",2024-12-17T22:08:26.160Z,173447330616000
"""Declan @ NsC2OJUPB3"" folds",2024-12-17T22:08:24.583Z,173447330458300
"""Davis @ MxiH63B6Pl"" folds",2024-12-17T22:08:23.647Z,173447330364700
"""Max Roman @ oiOtU2XuYt"" raises to 4.00",2024-12-17T22:08:22.673Z,173447330267300
"""willdevens @ sVfd-WUsjU"" bets 2.00",2024-12-17T22:08:13.560Z,173447329356000
"""Pabz ivey @ h6PkxSmy50"" checks",2024-12-17T22:08:08.430Z,173447328843000
"""Declan @ NsC2OJUPB3"" checks",2024-12-17T22:08:07.259Z,173447328725900
"Flop:  [5♥, K♦, J♦]",2024-12-17T22:08:04.729Z,173447328472900
"""Alex @ 2vIoBF2FSE"" folds",2024-12-17T22:08:03.920Z,173447328392000
"""Pabz ivey @ h6PkxSmy50"" calls 1.10",2024-12-17T22:08:03.053Z,173447328305300
"""Declan @ NsC2OJUPB3"" calls 1.10",2024-12-17T22:08:01.374Z,173447328137400
"""Hanley2 @ LXzsz8PhQN"" folds",2024-12-17T22:07:59.961Z,173447327996100
"""Davis @ MxiH63B6Pl"" calls 1.10",2024-12-17T22:07:56.597Z,173447327659700
"""Max Roman @ oiOtU2XuYt"" calls 1.10",2024-12-17T22:07:53.055Z,173447327305500
"""willdevens @ sVfd-WUsjU"" raises to 1.10",2024-12-17T22:07:49.468Z,173447326946800
"The admin approved the player ""slick nick @ Ch6VcKk8xd"" participation with a stack of 20.00.",2024-12-17T22:07:47.446Z,173447326744600
"""Alex @ 2vIoBF2FSE"" calls 0.20",2024-12-17T22:07:46.364Z,173447326636400
"""Spence @ cbvju-2iMm"" folds",2024-12-17T22:07:43.615Z,173447326361500
"""Pabz ivey @ h6PkxSmy50"" calls 0.20",2024-12-17T22:07:40.798Z,173447326079800
"""Declan @ NsC2OJUPB3"" posts a big blind of 0.20",2024-12-17T22:07:38.371Z,173447325837111
"""Hanley2 @ LXzsz8PhQN"" posts a small blind of 0.10",2024-12-17T22:07:38.371Z,173447325837110
"Your hand is 5♠, 10♠",2024-12-17T22:07:38.371Z,173447325837106
"Player stacks: #1 ""Hanley2 @ LXzsz8PhQN"" (37.53) | #2 ""Declan @ NsC2OJUPB3"" (5.68) | #3 ""Pabz ivey @ h6PkxSmy50"" (22.03) | #4 ""Spence @ cbvju-2iMm"" (64.50) | #5 ""Alex @ 2vIoBF2FSE"" (63.75) | #8 ""willdevens @ sVfd-WUsjU"" (29.53) | #9 ""Max Roman @ oiOtU2XuYt"" (32.70) | #10 ""Davis @ MxiH63B6Pl"" (31.98)",2024-12-17T22:07:38.371Z,173447325837101
"-- starting hand #239 (id: js9lvzj5qmsv)  (No Limit Texas Hold'em) (dealer: ""Davis @ MxiH63B6Pl"") --",2024-12-17T22:07:38.371Z,173447325837100
"The player ""Kevin @ tbjpqIQSOB"" requested a seat.",2024-12-17T22:07:33.964Z,173447325396400
"""Alex @ 2vIoBF2FSE"" shows a K♦, 10♦.",2024-12-17T22:07:32.583Z,173447325258300
"-- ending hand #238 --",2024-12-17T22:07:31.828Z,173447325182802
"""Pabz ivey @ h6PkxSmy50"" collected 4.90 from pot with Two Pair, K's & 7's (combination: K♣, K♥, 7♥, 7♣, 5♣)",2024-12-17T22:07:31.828Z,173447325182801
"""Pabz ivey @ h6PkxSmy50"" shows a K♣, 7♥.",2024-12-17T22:07:31.828Z,173447325182800
"""Alex @ 2vIoBF2FSE"" checks",2024-12-17T22:07:31.006Z,173447325100600
"""Pabz ivey @ h6PkxSmy50"" checks",2024-12-17T22:07:20.203Z,173447324020300
"River: 3♠, K♥, 2♥, 5♣ [7♣]",2024-12-17T22:07:17.544Z,173447323754400
"""Pabz ivey @ h6PkxSmy50"" calls 1.00",2024-12-17T22:07:16.732Z,173447323673200
"""Alex @ 2vIoBF2FSE"" bets 1.00",2024-12-17T22:07:12.005Z,173447323200500
"""Pabz ivey @ h6PkxSmy50"" checks",2024-12-17T22:07:09.275Z,173447322927500
"Turn: 3♠, K♥, 2♥ [5♣]",2024-12-17T22:07:06.606Z,173447322660600
"""Pabz ivey @ h6PkxSmy50"" calls 0.55",2024-12-17T22:07:05.782Z,173447322578200
"""Alex @ 2vIoBF2FSE"" bets 0.55",2024-12-17T22:07:00.990Z,173447322099000
"""Pabz ivey @ h6PkxSmy50"" checks",2024-12-17T22:06:58.886Z,173447321888600
"Flop:  [3♠, K♥, 2♥]",2024-12-17T22:06:55.599Z,173447321559900
"""Pabz ivey @ h6PkxSmy50"" calls 0.75",2024-12-17T22:06:54.769Z,173447321476900
"""Hanley2 @ LXzsz8PhQN"" folds",2024-12-17T22:06:52.512Z,173447321251200
"""Davis @ MxiH63B6Pl"" folds",2024-12-17T22:06:47.614Z,173447320761400
"""Max Roman @ oiOtU2XuYt"" folds",2024-12-17T22:06:45.919Z,173447320591900
"""willdevens @ sVfd-WUsjU"" folds",2024-12-17T22:06:44.882Z,173447320488200
"""Alex @ 2vIoBF2FSE"" raises to 0.75",2024-12-17T22:06:43.726Z,173447320372600
"""Spence @ cbvju-2iMm"" folds",2024-12-17T22:06:41.906Z,173447320190600
"The player ""slick nick @ Ch6VcKk8xd"" requested a seat.",2024-12-17T22:06:41.510Z,173447320151000
"""Pabz ivey @ h6PkxSmy50"" calls 0.20",2024-12-17T22:06:41.072Z,173447320107200
"""Declan @ NsC2OJUPB3"" folds",2024-12-17T22:06:32.789Z,173447319278900
"""Hanley2 @ LXzsz8PhQN"" posts a big blind of 0.20",2024-12-17T22:06:30.972Z,173447319097211
"""Davis @ MxiH63B6Pl"" posts a small blind of 0.10",2024-12-17T22:06:30.972Z,173447319097210
"Your hand is K♦, 10♦",2024-12-17T22:06:30.972Z,173447319097206
"Player stacks: #1 ""Hanley2 @ LXzsz8PhQN"" (37.73) | #2 ""Declan @ NsC2OJUPB3"" (5.68) | #3 ""Pabz ivey @ h6PkxSmy50"" (19.43) | #4 ""Spence @ cbvju-2iMm"" (64.50) | #5 ""Alex @ 2vIoBF2FSE"" (66.05) | #8 ""willdevens @ sVfd-WUsjU"" (29.53) | #9 ""Max Roman @ oiOtU2XuYt"" (32.70) | #10 ""Davis @ MxiH63B6Pl"" (32.08)",2024-12-17T22:06:30.972Z,173447319097201
"-- starting hand #238 (id: tokg8eejqifz)  (No Limit Texas Hold'em) (dealer: ""Max Roman @ oiOtU2XuYt"") --",2024-12-17T22:06:30.972Z,173447319097200
"-- ending hand #237 --",2024-12-17T22:06:22.929Z,173447318292902
"""Pabz ivey @ h6PkxSmy50"" collected 19.43 from pot with Pair, A's on the second run  (combination: A♦, A♣, K♠, Q♠, 10♥)",2024-12-17T22:06:22.929Z,173447318292901
"""willdevens @ sVfd-WUsjU"" collected 19.43 from pot with Flush, Ac High (combination: A♣, Q♣, 5♣, 3♣, 2♣)",2024-12-17T22:06:22.929Z,173447318292900
"River (second run): 5♣, 10♥, A♣, Q♠ [K♠]",2024-12-17T22:06:18.919Z,173447317891900
"Turn (second run): 5♣, 10♥, A♣ [Q♠]",2024-12-17T22:06:14.909Z,173447317490900
"River: 5♣, 10♥, A♣, Q♣ [9♦]",2024-12-17T22:06:10.882Z,173447317088200
"Turn: 5♣, 10♥, A♣ [Q♣]",2024-12-17T22:06:06.825Z,173447316682500
"""Pabz ivey @ h6PkxSmy50"" shows a A♦, 9♣.",2024-12-17T22:06:02.772Z,173447316277201
"Uncalled bet of 10.10 returned to ""willdevens @ sVfd-WUsjU""",2024-12-17T22:06:02.772Z,173447316277200
"""willdevens @ sVfd-WUsjU"" shows a 2♣, 3♣.",2024-12-17T22:06:02.646Z,173447316264600
"All players in hand choose to run it twice.",2024-12-17T22:06:01.790Z,173447316179001
"""Pabz ivey @ h6PkxSmy50"" chooses to  run it twice.",2024-12-17T22:06:01.790Z,173447316179000
"""willdevens @ sVfd-WUsjU"" chooses to  run it twice.",2024-12-17T22:06:01.208Z,173447316120800
"Remaining players decide whether to run it twice.",2024-12-17T22:06:00.250Z,173447316025001
"""Pabz ivey @ h6PkxSmy50"" calls 17.08 and go all in",2024-12-17T22:06:00.250Z,173447316025000
"""Davis @ MxiH63B6Pl"" folds",2024-12-17T22:05:57.660Z,173447315766000
"""willdevens @ sVfd-WUsjU"" raises to 27.18 and go all in",2024-12-17T22:05:56.554Z,173447315655400
"""Spence @ cbvju-2iMm"" folds",2024-12-17T22:05:54.259Z,173447315425900
"""Pabz ivey @ h6PkxSmy50"" bets 3.52",2024-12-17T22:05:53.413Z,173447315341300
"""Davis @ MxiH63B6Pl"" checks",2024-12-17T22:05:43.198Z,173447314319800
"Flop:  [5♣, 10♥, A♣]",2024-12-17T22:05:41.318Z,173447314131800
"""Spence @ cbvju-2iMm"" calls 1.10",2024-12-17T22:05:40.438Z,173447314043800
"""Pabz ivey @ h6PkxSmy50"" calls 1.10",2024-12-17T22:05:39.240Z,173447313924000
"""Hanley2 @ LXzsz8PhQN"" folds",2024-12-17T22:05:37.201Z,173447313720100
"""Davis @ MxiH63B6Pl"" calls 1.10",2024-12-17T22:05:36.192Z,173447313619200
"""Max Roman @ oiOtU2XuYt"" folds",2024-12-17T22:05:35.022Z,173447313502200
"""willdevens @ sVfd-WUsjU"" raises to 1.10",2024-12-17T22:05:34.066Z,173447313406600
"""Alex @ 2vIoBF2FSE"" folds",2024-12-17T22:05:30.482Z,173447313048200
"""Spence @ cbvju-2iMm"" calls 0.20",2024-12-17T22:05:28.517Z,173447312851700
"""Pabz ivey @ h6PkxSmy50"" calls 0.20",2024-12-17T22:05:14.180Z,173447311418000
"""Declan @ NsC2OJUPB3"" folds",2024-12-17T22:05:12.671Z,173447311267100
"""Hanley2 @ LXzsz8PhQN"" calls 0.20",2024-12-17T22:05:11.734Z,173447311173400
"""Davis @ MxiH63B6Pl"" posts a big blind of 0.20",2024-12-17T22:05:09.394Z,173447310939411
"""Max Roman @ oiOtU2XuYt"" posts a small blind of 0.10",2024-12-17T22:05:09.394Z,173447310939410
"Your hand is 5♦, 4♠",2024-12-17T22:05:09.394Z,173447310939406
"Player stacks: #1 ""Hanley2 @ LXzsz8PhQN"" (37.93) | #2 ""Declan @ NsC2OJUPB3"" (5.68) | #3 ""Pabz ivey @ h6PkxSmy50"" (18.18) | #4 ""Spence @ cbvju-2iMm"" (65.60) | #5 ""Alex @ 2vIoBF2FSE"" (66.05) | #8 ""willdevens @ sVfd-WUsjU"" (28.28) | #9 ""Max Roman @ oiOtU2XuYt"" (32.80) | #10 ""Davis @ MxiH63B6Pl"" (33.18)",2024-12-17T22:05:09.394Z,173447310939401
"-- starting hand #237 (id: yxz8b33wsccx)  (No Limit Texas Hold'em) (dealer: ""willdevens @ sVfd-WUsjU"") --",2024-12-17T22:05:09.394Z,173447310939400
"-- ending hand #236 --",2024-12-17T22:05:01.378Z,173447310137802
"""Declan @ NsC2OJUPB3"" collected 5.68 from pot with Two Pair, A's & Q's on the second run  (combination: A♦, A♠, Q♥, Q♦, 6♣)",2024-12-17T22:05:01.378Z,173447310137801
"""Spence @ cbvju-2iMm"" collected 5.69 from pot with Flush, Kh High (combination: K♥, Q♥, J♥, 10♥, 4♥)",2024-12-17T22:05:01.378Z,173447310137800
"River (second run): Q♥, Q♦, A♠, 2♦ [2♥]",2024-12-17T22:04:57.369Z,173447309736900
"Turn (second run): Q♥, Q♦, A♠ [2♦]",2024-12-17T22:04:53.317Z,173447309331700
"River: Q♥, Q♦, A♠, 4♥ [J♥]",2024-12-17T22:04:49.264Z,173447308926400
"Turn: Q♥, Q♦, A♠ [4♥]",2024-12-17T22:04:45.183Z,173447308518300
"""Spence @ cbvju-2iMm"" shows a K♥, 10♥.",2024-12-17T22:04:41.176Z,173447308117601
"""Declan @ NsC2OJUPB3"" shows a A♦, 6♣.",2024-12-17T22:04:41.176Z,173447308117600
"All players in hand choose to run it twice.",2024-12-17T22:04:40.338Z,173447308033801
"""Declan @ NsC2OJUPB3"" chooses to  run it twice.",2024-12-17T22:04:40.338Z,173447308033800
"""Spence @ cbvju-2iMm"" chooses to  run it twice.",2024-12-17T22:04:40.061Z,173447308006100
"Remaining players decide whether to run it twice.",2024-12-17T22:04:38.700Z,173447307870001
"""Hanley2 @ LXzsz8PhQN"" folds",2024-12-17T22:04:38.700Z,173447307870000
"""Davis @ MxiH63B6Pl"" folds",2024-12-17T22:04:37.654Z,173447307765400
"""Alex @ 2vIoBF2FSE"" folds",2024-12-17T22:04:36.663Z,173447307666300
"""Spence @ cbvju-2iMm"" calls 4.71",2024-12-17T22:04:35.782Z,173447307578200
"""Declan @ NsC2OJUPB3"" raises to 4.71 and go all in",2024-12-17T22:04:33.973Z,173447307397300
"""Hanley2 @ LXzsz8PhQN"" bets 0.65",2024-12-17T22:04:31.259Z,173447307125900
"""Davis @ MxiH63B6Pl"" checks",2024-12-17T22:04:25.708Z,173447306570800
"""Max Roman @ oiOtU2XuYt"" folds",2024-12-17T22:04:24.444Z,173447306444400
"Flop:  [Q♥, Q♦, A♠]",2024-12-17T22:04:21.013Z,173447306101300
"""Max Roman @ oiOtU2XuYt"" checks",2024-12-17T22:04:20.200Z,173447306020000
"""willdevens @ sVfd-WUsjU"" folds",2024-12-17T22:04:18.377Z,173447305837700
"""Alex @ 2vIoBF2FSE"" calls 0.20",2024-12-17T22:04:17.456Z,173447305745600
"""Spence @ cbvju-2iMm"" calls 0.20",2024-12-17T22:04:14.038Z,173447305403800
"""Pabz ivey @ h6PkxSmy50"" folds",2024-12-17T22:04:09.993Z,173447304999300
"""Declan @ NsC2OJUPB3"" calls 0.20",2024-12-17T22:04:08.980Z,173447304898000
"""Hanley2 @ LXzsz8PhQN"" calls 0.20",2024-12-17T22:04:07.872Z,173447304787200
"""Davis @ MxiH63B6Pl"" calls 0.20",2024-12-17T22:04:05.137Z,173447304513700
"""Max Roman @ oiOtU2XuYt"" posts a big blind of 0.20",2024-12-17T22:04:03.329Z,173447304332911
"""willdevens @ sVfd-WUsjU"" posts a small blind of 0.10",2024-12-17T22:04:03.329Z,173447304332910
"Your hand is 3♦, K♦",2024-12-17T22:04:03.329Z,173447304332906
"Player stacks: #1 ""Hanley2 @ LXzsz8PhQN"" (38.78) | #2 ""Declan @ NsC2OJUPB3"" (4.91) | #3 ""Pabz ivey @ h6PkxSmy50"" (18.18) | #4 ""Spence @ cbvju-2iMm"" (64.82) | #5 ""Alex @ 2vIoBF2FSE"" (66.25) | #8 ""willdevens @ sVfd-WUsjU"" (28.38) | #9 ""Max Roman @ oiOtU2XuYt"" (33.00) | #10 ""Davis @ MxiH63B6Pl"" (33.38)",2024-12-17T22:04:03.329Z,173447304332901
"-- starting hand #236 (id: c2omwns5o24i)  (No Limit Texas Hold'em) (dealer: ""Alex @ 2vIoBF2FSE"") --",2024-12-17T22:04:03.329Z,173447304332900
"""willdevens @ sVfd-WUsjU"" shows a 10♠.",2024-12-17T22:04:00.119Z,173447304011900
"""willdevens @ sVfd-WUsjU"" shows a A♠.",2024-12-17T22:03:59.377Z,173447303937700
"-- ending hand #235 --",2024-12-17T22:03:56.759Z,173447303675902
"""Alex @ 2vIoBF2FSE"" collected 21.30 from pot with Two Pair, A's & K's (combination: A♥, A♣, K♣, K♠, Q♣)",2024-12-17T22:03:56.759Z,173447303675901
"""Alex @ 2vIoBF2FSE"" shows a A♥, A♣.",2024-12-17T22:03:56.759Z,173447303675900
"""willdevens @ sVfd-WUsjU"" checks",2024-12-17T22:03:55.908Z,173447303590800
"""Alex @ 2vIoBF2FSE"" checks",2024-12-17T22:03:53.567Z,173447303356700
"River: 10♣, K♣, K♠, 8♥ [Q♣]",2024-12-17T22:03:52.283Z,173447303228300
"""willdevens @ sVfd-WUsjU"" calls 5.50",2024-12-17T22:03:51.429Z,173447303142900
"""Alex @ 2vIoBF2FSE"" bets 5.50",2024-12-17T22:03:50.252Z,173447303025200
"Turn: 10♣, K♣, K♠ [8♥]",2024-12-17T22:03:46.543Z,173447302654300
"""Pabz ivey @ h6PkxSmy50"" folds",2024-12-17T22:03:45.667Z,173447302566700
"""willdevens @ sVfd-WUsjU"" calls 3.50",2024-12-17T22:03:39.959Z,173447301995900
"""Alex @ 2vIoBF2FSE"" bets 3.50",2024-12-17T22:03:38.817Z,173447301881700
"Flop:  [10♣, K♣, K♠]",2024-12-17T22:03:33.858Z,173447301385800
"""Pabz ivey @ h6PkxSmy50"" calls 1.10",2024-12-17T22:03:33.047Z,173447301304700
"""willdevens @ sVfd-WUsjU"" calls 1.10",2024-12-17T22:03:31.148Z,173447301114800
"""Alex @ 2vIoBF2FSE"" raises to 1.10",2024-12-17T22:03:29.315Z,173447300931500
"""Spence @ cbvju-2iMm"" folds",2024-12-17T22:03:26.690Z,173447300669000
"""Pabz ivey @ h6PkxSmy50"" raises to 0.45",2024-12-17T22:03:25.813Z,173447300581300
"""Declan @ NsC2OJUPB3"" folds",2024-12-17T22:03:14.995Z,173447299499500
"""Hanley2 @ LXzsz8PhQN"" folds",2024-12-17T22:03:10.903Z,173447299090300
"""Davis @ MxiH63B6Pl"" folds",2024-12-17T22:03:04.564Z,173447298456400
"""Max Roman @ oiOtU2XuYt"" folds",2024-12-17T22:03:03.553Z,173447298355300
"""willdevens @ sVfd-WUsjU"" posts a big blind of 0.20",2024-12-17T22:03:01.860Z,173447298186011
"""Alex @ 2vIoBF2FSE"" posts a small blind of 0.10",2024-12-17T22:03:01.860Z,173447298186010
"Your hand is A♥, A♣",2024-12-17T22:03:01.860Z,173447298186006
"Player stacks: #1 ""Hanley2 @ LXzsz8PhQN"" (38.78) | #2 ""Declan @ NsC2OJUPB3"" (4.91) | #3 ""Pabz ivey @ h6PkxSmy50"" (19.28) | #4 ""Spence @ cbvju-2iMm"" (64.82) | #5 ""Alex @ 2vIoBF2FSE"" (55.05) | #8 ""willdevens @ sVfd-WUsjU"" (38.48) | #9 ""Max Roman @ oiOtU2XuYt"" (33.00) | #10 ""Davis @ MxiH63B6Pl"" (33.38)",2024-12-17T22:03:01.860Z,173447298186001
"-- starting hand #235 (id: zamei02g7eqc)  (No Limit Texas Hold'em) (dealer: ""Spence @ cbvju-2iMm"") --",2024-12-17T22:03:01.860Z,173447298186000
"Undealt cards: J♥, 5♠, 6♣ [10♠, Q♥]",2024-12-17T22:02:56.136Z,173447297613600
"-- ending hand #234 --",2024-12-17T22:02:55.948Z,173447297594802
"""Pabz ivey @ h6PkxSmy50"" collected 2.90 from pot",2024-12-17T22:02:55.948Z,173447297594801
"Uncalled bet of 2.17 returned to ""Pabz ivey @ h6PkxSmy50""",2024-12-17T22:02:55.948Z,173447297594800
"""Declan @ NsC2OJUPB3"" folds",2024-12-17T22:02:55.141Z,173447297514100
"""Alex @ 2vIoBF2FSE"" folds",2024-12-17T22:02:54.189Z,173447297418900
"""Pabz ivey @ h6PkxSmy50"" bets 2.17",2024-12-17T22:02:52.537Z,173447297253700
"""Declan @ NsC2OJUPB3"" checks",2024-12-17T22:02:46.978Z,173447296697800
"""Alex @ 2vIoBF2FSE"" checks",2024-12-17T22:02:43.112Z,173447296311200
"Flop:  [J♥, 5♠, 6♣]",2024-12-17T22:02:37.476Z,173447295747600
"""Pabz ivey @ h6PkxSmy50"" calls 0.80",2024-12-17T22:02:36.665Z,173447295666500
"""Declan @ NsC2OJUPB3"" calls 0.80",2024-12-17T22:02:33.943Z,173447295394300
"""willdevens @ sVfd-WUsjU"" folds",2024-12-17T22:02:32.838Z,173447295283800
"""Alex @ 2vIoBF2FSE"" raises to 0.80",2024-12-17T22:02:31.433Z,173447295143300
"""Spence @ cbvju-2iMm"" folds",2024-12-17T22:02:28.497Z,173447294849700
"""Pabz ivey @ h6PkxSmy50"" calls 0.40",2024-12-17T22:02:27.587Z,173447294758700
"""Declan @ NsC2OJUPB3"" calls 0.40",2024-12-17T22:02:25.293Z,173447294529300
"""Hanley2 @ LXzsz8PhQN"" folds",2024-12-17T22:02:23.433Z,173447294343300
"""Davis @ MxiH63B6Pl"" folds",2024-12-17T22:02:22.269Z,173447294226900
"""Max Roman @ oiOtU2XuYt"" folds",2024-12-17T22:02:21.268Z,173447294126800
"""willdevens @ sVfd-WUsjU"" posts a straddle of 0.40",2024-12-17T22:02:19.814Z,173447293981412
"""Alex @ 2vIoBF2FSE"" posts a big blind of 0.20",2024-12-17T22:02:19.814Z,173447293981411
"""Spence @ cbvju-2iMm"" posts a small blind of 0.10",2024-12-17T22:02:19.814Z,173447293981410
"Your hand is A♦, 9♠",2024-12-17T22:02:19.814Z,173447293981406
"Player stacks: #1 ""Hanley2 @ LXzsz8PhQN"" (38.78) | #2 ""Declan @ NsC2OJUPB3"" (5.71) | #3 ""Pabz ivey @ h6PkxSmy50"" (17.18) | #4 ""Spence @ cbvju-2iMm"" (64.92) | #5 ""Alex @ 2vIoBF2FSE"" (55.85) | #8 ""willdevens @ sVfd-WUsjU"" (38.88) | #9 ""Max Roman @ oiOtU2XuYt"" (33.00) | #10 ""Davis @ MxiH63B6Pl"" (33.38)",2024-12-17T22:02:19.814Z,173447293981401
"-- starting hand #234 (id: dyuyxbxzekrj)  (No Limit Texas Hold'em) (dealer: ""Pabz ivey @ h6PkxSmy50"") --",2024-12-17T22:02:19.814Z,173447293981400
"-- ending hand #233 --",2024-12-17T22:02:13.802Z,173447293380203
"""Spence @ cbvju-2iMm"" shows a A♦, 10♦.",2024-12-17T22:02:13.802Z,173447293380202
"""Max Roman @ oiOtU2XuYt"" collected 4.27 from pot with Two Pair, 9's & 4's (combination: 9♠, 9♥, 4♠, 4♦, K♠)",2024-12-17T22:02:13.802Z,173447293380201
"""Max Roman @ oiOtU2XuYt"" shows a 4♠, 4♦.",2024-12-17T22:02:13.802Z,173447293380200
"""Max Roman @ oiOtU2XuYt"" checks",2024-12-17T22:02:12.956Z,173447293295600
"""Spence @ cbvju-2iMm"" checks",2024-12-17T22:02:11.674Z,173447293167400
"River: 2♥, 9♠, 9♥, 6♣ [K♠]",2024-12-17T22:02:10.326Z,173447293032600
"""Max Roman @ oiOtU2XuYt"" checks",2024-12-17T22:02:09.461Z,173447292946100
"""Spence @ cbvju-2iMm"" checks",2024-12-17T22:02:07.719Z,173447292771900
"Turn: 2♥, 9♠, 9♥ [6♣]",2024-12-17T22:01:57.920Z,173447291792000
"""Pabz ivey @ h6PkxSmy50"" folds",2024-12-17T22:01:57.074Z,173447291707400
"""Max Roman @ oiOtU2XuYt"" calls 1.28",2024-12-17T22:01:55.360Z,173447291536000
"""Spence @ cbvju-2iMm"" bets 1.28",2024-12-17T22:01:53.407Z,173447291340700
"""Pabz ivey @ h6PkxSmy50"" checks",2024-12-17T22:01:51.094Z,173447291109400
"Flop:  [2♥, 9♠, 9♥]",2024-12-17T22:01:47.578Z,173447290757800
"""Spence @ cbvju-2iMm"" calls 0.57",2024-12-17T22:01:46.747Z,173447290674700
"""Pabz ivey @ h6PkxSmy50"" calls 0.57",2024-12-17T22:01:45.386Z,173447290538600
"""Declan @ NsC2OJUPB3"" folds",2024-12-17T22:01:42.881Z,173447290288100
"""Hanley2 @ LXzsz8PhQN"" folds",2024-12-17T22:01:41.987Z,173447290198700
"""Davis @ MxiH63B6Pl"" folds",2024-12-17T22:01:25.738Z,173447288573800
"""Max Roman @ oiOtU2XuYt"" raises to 0.57",2024-12-17T22:01:24.807Z,173447288480700
"""willdevens @ sVfd-WUsjU"" folds",2024-12-17T22:01:22.058Z,173447288205800
"""Alex @ 2vIoBF2FSE"" folds",2024-12-17T22:01:21.186Z,173447288118600
"""Spence @ cbvju-2iMm"" posts a big blind of 0.20",2024-12-17T22:01:19.679Z,173447287967911
"""Pabz ivey @ h6PkxSmy50"" posts a small blind of 0.10",2024-12-17T22:01:19.679Z,173447287967910
"Your hand is 3♥, 5♠",2024-12-17T22:01:19.679Z,173447287967906
"Player stacks: #1 ""Hanley2 @ LXzsz8PhQN"" (38.78) | #2 ""Declan @ NsC2OJUPB3"" (5.71) | #3 ""Pabz ivey @ h6PkxSmy50"" (17.75) | #4 ""Spence @ cbvju-2iMm"" (66.77) | #5 ""Alex @ 2vIoBF2FSE"" (55.85) | #8 ""willdevens @ sVfd-WUsjU"" (38.88) | #9 ""Max Roman @ oiOtU2XuYt"" (30.58) | #10 ""Davis @ MxiH63B6Pl"" (33.38)",2024-12-17T22:01:19.679Z,173447287967901
"-- starting hand #233 (id: avn4txirjcuc)  (No Limit Texas Hold'em) (dealer: ""Declan @ NsC2OJUPB3"") --",2024-12-17T22:01:19.679Z,173447287967900
"Undealt cards:  [K♠, 4♣, 5♣, J♣, 4♠]",2024-12-17T22:01:16.388Z,173447287638800
"-- ending hand #232 --",2024-12-17T22:01:13.725Z,173447287372502
"""Davis @ MxiH63B6Pl"" collected 3.00 from pot",2024-12-17T22:01:13.725Z,173447287372501
"Uncalled bet of 30.38 returned to ""Davis @ MxiH63B6Pl""",2024-12-17T22:01:13.725Z,173447287372500
"""willdevens @ sVfd-WUsjU"" folds",2024-12-17T22:01:12.915Z,173447287291500
"""Spence @ cbvju-2iMm"" folds",2024-12-17T22:01:12.038Z,173447287203800
"""Pabz ivey @ h6PkxSmy50"" folds",2024-12-17T22:01:09.571Z,173447286957100
"""Declan @ NsC2OJUPB3"" folds",2024-12-17T22:01:08.537Z,173447286853700
"""Hanley2 @ LXzsz8PhQN"" folds",2024-12-17T22:01:07.599Z,173447286759900
"""Davis @ MxiH63B6Pl"" raises to 31.28 and go all in",2024-12-17T22:00:47.835Z,173447284783500
"""Max Roman @ oiOtU2XuYt"" folds",2024-12-17T22:00:45.405Z,173447284540500
"""willdevens @ sVfd-WUsjU"" calls 0.90",2024-12-17T22:00:44.035Z,173447284403500
"""Alex @ 2vIoBF2FSE"" folds",2024-12-17T22:00:43.089Z,173447284308900
"""Spence @ cbvju-2iMm"" raises to 0.90",2024-12-17T22:00:41.587Z,173447284158700
"""Pabz ivey @ h6PkxSmy50"" posts a big blind of 0.20",2024-12-17T22:00:38.127Z,173447283812711
"""Declan @ NsC2OJUPB3"" posts a small blind of 0.10",2024-12-17T22:00:38.127Z,173447283812710
"Your hand is 5♥, 6♣",2024-12-17T22:00:38.127Z,173447283812706
"Player stacks: #1 ""Hanley2 @ LXzsz8PhQN"" (38.78) | #2 ""Declan @ NsC2OJUPB3"" (5.81) | #3 ""Pabz ivey @ h6PkxSmy50"" (17.95) | #4 ""Spence @ cbvju-2iMm"" (67.67) | #5 ""Alex @ 2vIoBF2FSE"" (55.85) | #8 ""willdevens @ sVfd-WUsjU"" (39.78) | #9 ""Max Roman @ oiOtU2XuYt"" (30.58) | #10 ""Davis @ MxiH63B6Pl"" (31.28)",2024-12-17T22:00:38.127Z,173447283812701
"-- starting hand #232 (id: 8i97jhb51vjc)  (No Limit Texas Hold'em) (dealer: ""Hanley2 @ LXzsz8PhQN"") --",2024-12-17T22:00:38.127Z,173447283812700
"""Spence @ cbvju-2iMm"" shows a 7♥.",2024-12-17T22:00:36.923Z,173447283692300
"-- ending hand #231 --",2024-12-17T22:00:34.476Z,173447283447602
"""Max Roman @ oiOtU2XuYt"" collected 20.55 from pot",2024-12-17T22:00:34.476Z,173447283447601
"Uncalled bet of 10.03 returned to ""Max Roman @ oiOtU2XuYt""",2024-12-17T22:00:34.476Z,173447283447600
"""Davis @ MxiH63B6Pl"" folds",2024-12-17T22:00:33.656Z,173447283365600
"""Max Roman @ oiOtU2XuYt"" bets 10.03 and go all in",2024-12-17T22:00:32.215Z,173447283221500
"River: 4♠, 5♦, 10♠, 8♥ [9♠]",2024-12-17T22:00:27.730Z,173447282773000
"""Max Roman @ oiOtU2XuYt"" calls 6.50",2024-12-17T22:00:26.907Z,173447282690700
"""Pabz ivey @ h6PkxSmy50"" folds",2024-12-17T22:00:24.840Z,173447282484000
"""Davis @ MxiH63B6Pl"" raises to 6.50",2024-12-17T22:00:22.573Z,173447282257300
"""Max Roman @ oiOtU2XuYt"" bets 1.00",2024-12-17T22:00:15.682Z,173447281568200
"""Pabz ivey @ h6PkxSmy50"" checks",2024-12-17T22:00:10.632Z,173447281063200
"Turn: 4♠, 5♦, 10♠ [8♥]",2024-12-17T22:00:06.861Z,173447280686100
"""Pabz ivey @ h6PkxSmy50"" calls 1.00",2024-12-17T22:00:06.024Z,173447280602400
"""Declan @ NsC2OJUPB3"" folds",2024-12-17T21:59:56.362Z,173447279636200
"""Hanley2 @ LXzsz8PhQN"" folds",2024-12-17T21:59:55.408Z,173447279540800
"""Davis @ MxiH63B6Pl"" calls 1.00",2024-12-17T21:59:34.191Z,173447277419100
"""Max Roman @ oiOtU2XuYt"" bets 1.00",2024-12-17T21:59:31.905Z,173447277190500
"""Pabz ivey @ h6PkxSmy50"" checks",2024-12-17T21:59:26.724Z,173447276672400
"""Declan @ NsC2OJUPB3"" checks",2024-12-17T21:59:24.867Z,173447276486700
"""Hanley2 @ LXzsz8PhQN"" checks",2024-12-17T21:59:23.013Z,173447276301300
"Flop:  [4♠, 5♦, 10♠]",2024-12-17T21:59:18.812Z,173447275881200
"""willdevens @ sVfd-WUsjU"" folds",2024-12-17T21:59:17.991Z,173447275799100
"""Pabz ivey @ h6PkxSmy50"" calls 0.87",2024-12-17T21:59:17.088Z,173447275708800
"""Declan @ NsC2OJUPB3"" calls 0.87",2024-12-17T21:59:13.702Z,173447275370200
"""Hanley2 @ LXzsz8PhQN"" calls 0.87",2024-12-17T21:59:12.303Z,173447275230300
"""Davis @ MxiH63B6Pl"" calls 0.87",2024-12-17T21:59:09.494Z,173447274949400
"""Max Roman @ oiOtU2XuYt"" raises to 0.87",2024-12-17T21:59:07.978Z,173447274797800
"""willdevens @ sVfd-WUsjU"" calls 0.20",2024-12-17T21:59:04.143Z,173447274414300
"""Alex @ 2vIoBF2FSE"" folds",2024-12-17T21:59:01.357Z,173447274135700
"""Spence @ cbvju-2iMm"" folds",2024-12-17T21:59:00.425Z,173447274042500
"""Pabz ivey @ h6PkxSmy50"" calls 0.20",2024-12-17T21:58:58.629Z,173447273862900
"""Declan @ NsC2OJUPB3"" posts a big blind of 0.20",2024-12-17T21:58:56.502Z,173447273650211
"""Hanley2 @ LXzsz8PhQN"" posts a small blind of 0.10",2024-12-17T21:58:56.502Z,173447273650210
"Your hand is 4♦, 10♦",2024-12-17T21:58:56.502Z,173447273650206
"Player stacks: #1 ""Hanley2 @ LXzsz8PhQN"" (39.65) | #2 ""Declan @ NsC2OJUPB3"" (6.68) | #3 ""Pabz ivey @ h6PkxSmy50"" (19.82) | #4 ""Spence @ cbvju-2iMm"" (67.67) | #5 ""Alex @ 2vIoBF2FSE"" (55.85) | #8 ""willdevens @ sVfd-WUsjU"" (39.98) | #9 ""Max Roman @ oiOtU2XuYt"" (18.40) | #10 ""Davis @ MxiH63B6Pl"" (39.65)",2024-12-17T21:58:56.502Z,173447273650201
"-- starting hand #231 (id: elhscqjjkar8)  (No Limit Texas Hold'em) (dealer: ""Davis @ MxiH63B6Pl"") --",2024-12-17T21:58:56.502Z,173447273650200
"""willdevens @ sVfd-WUsjU"" shows a J♥.",2024-12-17T21:58:52.677Z,173447273267700
"-- ending hand #230 --",2024-12-17T21:58:49.942Z,173447272994202
"""Alex @ 2vIoBF2FSE"" collected 33.60 from pot with Two Pair, A's & 10's (combination: A♥, A♠, 10♦, 10♠, Q♦)",2024-12-17T21:58:49.942Z,173447272994201
"""Alex @ 2vIoBF2FSE"" shows a A♥, 4♥.",2024-12-17T21:58:49.942Z,173447272994200
"""willdevens @ sVfd-WUsjU"" checks",2024-12-17T21:58:49.120Z,173447272912000
"""Alex @ 2vIoBF2FSE"" checks",2024-12-17T21:58:48.125Z,173447272812500
"River: Q♦, 10♦, A♠, 10♠ [J♦]",2024-12-17T21:58:46.628Z,173447272662800
"""Pabz ivey @ h6PkxSmy50"" folds",2024-12-17T21:58:45.787Z,173447272578700
"""willdevens @ sVfd-WUsjU"" calls 8.50",2024-12-17T21:58:41.263Z,173447272126300
"""Alex @ 2vIoBF2FSE"" bets 8.50",2024-12-17T21:58:37.938Z,173447271793800
"""Pabz ivey @ h6PkxSmy50"" checks",2024-12-17T21:58:35.647Z,173447271564700
"Turn: Q♦, 10♦, A♠ [10♠]",2024-12-17T21:58:32.122Z,173447271212200
"""Alex @ 2vIoBF2FSE"" calls 4.50",2024-12-17T21:58:31.289Z,173447271128900
"""Pabz ivey @ h6PkxSmy50"" calls 4.50",2024-12-17T21:58:29.495Z,173447270949500
"""Hanley2 @ LXzsz8PhQN"" folds",2024-12-17T21:58:26.460Z,173447270646000
"""willdevens @ sVfd-WUsjU"" raises to 4.50",2024-12-17T21:58:23.689Z,173447270368900
"""Alex @ 2vIoBF2FSE"" bets 1.50",2024-12-17T21:58:21.783Z,173447270178300
"""Pabz ivey @ h6PkxSmy50"" checks",2024-12-17T21:58:20.208Z,173447270020800
"""Hanley2 @ LXzsz8PhQN"" checks",2024-12-17T21:58:15.737Z,173447269573700
"Flop:  [Q♦, 10♦, A♠]",2024-12-17T21:58:12.560Z,173447269256000
"""Pabz ivey @ h6PkxSmy50"" calls 0.75",2024-12-17T21:58:11.736Z,173447269173600
"""Hanley2 @ LXzsz8PhQN"" calls 0.75",2024-12-17T21:58:09.776Z,173447268977600
"""Davis @ MxiH63B6Pl"" folds",2024-12-17T21:58:07.667Z,173447268766700
"""Max Roman @ oiOtU2XuYt"" folds",2024-12-17T21:58:05.147Z,173447268514700
"""willdevens @ sVfd-WUsjU"" calls 0.75",2024-12-17T21:58:02.903Z,173447268290300
"""Alex @ 2vIoBF2FSE"" raises to 0.75",2024-12-17T21:58:01.341Z,173447268134100
"""Spence @ cbvju-2iMm"" folds",2024-12-17T21:57:58.809Z,173447267880900
"""Pabz ivey @ h6PkxSmy50"" calls 0.20",2024-12-17T21:57:57.929Z,173447267792900
"""Declan @ NsC2OJUPB3"" folds",2024-12-17T21:57:49.279Z,173447266927900
"""Hanley2 @ LXzsz8PhQN"" posts a big blind of 0.20",2024-12-17T21:57:47.562Z,173447266756211
"""Davis @ MxiH63B6Pl"" posts a small blind of 0.10",2024-12-17T21:57:47.562Z,173447266756210
"Your hand is A♥, 4♥",2024-12-17T21:57:47.562Z,173447266756206
"Player stacks: #1 ""Hanley2 @ LXzsz8PhQN"" (40.40) | #2 ""Declan @ NsC2OJUPB3"" (6.68) | #3 ""Pabz ivey @ h6PkxSmy50"" (25.07) | #4 ""Spence @ cbvju-2iMm"" (67.67) | #5 ""Alex @ 2vIoBF2FSE"" (36.00) | #8 ""willdevens @ sVfd-WUsjU"" (53.73) | #9 ""Max Roman @ oiOtU2XuYt"" (18.40) | #10 ""Davis @ MxiH63B6Pl"" (39.75)",2024-12-17T21:57:47.562Z,173447266756201
"-- starting hand #230 (id: vxmh3lkk5aak)  (No Limit Texas Hold'em) (dealer: ""Max Roman @ oiOtU2XuYt"") --",2024-12-17T21:57:47.562Z,173447266756200
"Undealt cards: 8♣, K♦, 7♦, 7♣ [A♥]",2024-12-17T21:57:46.699Z,173447266669900
"""Max Roman @ oiOtU2XuYt"" shows a K♠.",2024-12-17T21:57:41.606Z,173447266160600
"-- ending hand #229 --",2024-12-17T21:57:40.950Z,173447266095002
"""Pabz ivey @ h6PkxSmy50"" collected 3.20 from pot",2024-12-17T21:57:40.950Z,173447266095001
"Uncalled bet of 2.40 returned to ""Pabz ivey @ h6PkxSmy50""",2024-12-17T21:57:40.950Z,173447266095000
"""Max Roman @ oiOtU2XuYt"" folds",2024-12-17T21:57:40.123Z,173447266012300
"""Spence @ cbvju-2iMm"" folds",2024-12-17T21:57:36.879Z,173447265687900
"""Pabz ivey @ h6PkxSmy50"" bets 2.40",2024-12-17T21:57:35.447Z,173447265544700
"""Max Roman @ oiOtU2XuYt"" checks",2024-12-17T21:57:15.491Z,173447263549100
"Turn: 8♣, K♦, 7♦ [7♣]",2024-12-17T21:57:13.420Z,173447263342000
"""Davis @ MxiH63B6Pl"" folds",2024-12-17T21:57:12.551Z,173447263255100
"""Max Roman @ oiOtU2XuYt"" calls 0.80",2024-12-17T21:57:10.690Z,173447263069000
"""Spence @ cbvju-2iMm"" calls 0.80",2024-12-17T21:57:08.462Z,173447262846200
"""Pabz ivey @ h6PkxSmy50"" bets 0.80",2024-12-17T21:57:07.489Z,173447262748900
"""Davis @ MxiH63B6Pl"" checks",2024-12-17T21:56:59.655Z,173447261965500
"""Max Roman @ oiOtU2XuYt"" checks",2024-12-17T21:56:58.638Z,173447261863800
"Flop:  [8♣, K♦, 7♦]",2024-12-17T21:56:54.494Z,173447261449400
"""Davis @ MxiH63B6Pl"" checks",2024-12-17T21:56:53.688Z,173447261368800
"""Max Roman @ oiOtU2XuYt"" calls 0.20",2024-12-17T21:56:52.417Z,173447261241700
"""willdevens @ sVfd-WUsjU"" folds",2024-12-17T21:56:50.735Z,173447261073500
"""Alex @ 2vIoBF2FSE"" folds",2024-12-17T21:56:49.885Z,173447260988500
"""Spence @ cbvju-2iMm"" calls 0.20",2024-12-17T21:56:48.664Z,173447260866400
"""Pabz ivey @ h6PkxSmy50"" calls 0.20",2024-12-17T21:56:45.790Z,173447260579000
"""Declan @ NsC2OJUPB3"" folds",2024-12-17T21:56:43.730Z,173447260373000
"""Hanley2 @ LXzsz8PhQN"" folds",2024-12-17T21:56:42.840Z,173447260284000
"""Davis @ MxiH63B6Pl"" posts a big blind of 0.20",2024-12-17T21:56:41.023Z,173447260102311
"""Max Roman @ oiOtU2XuYt"" posts a small blind of 0.10",2024-12-17T21:56:41.023Z,173447260102310
"Your hand is 6♥, 10♠",2024-12-17T21:56:41.023Z,173447260102306
"Player stacks: #1 ""Hanley2 @ LXzsz8PhQN"" (40.40) | #2 ""Declan @ NsC2OJUPB3"" (6.68) | #3 ""Pabz ivey @ h6PkxSmy50"" (22.87) | #4 ""Spence @ cbvju-2iMm"" (68.67) | #5 ""Alex @ 2vIoBF2FSE"" (36.00) | #8 ""willdevens @ sVfd-WUsjU"" (53.73) | #9 ""Max Roman @ oiOtU2XuYt"" (19.40) | #10 ""Davis @ MxiH63B6Pl"" (39.95)",2024-12-17T21:56:41.023Z,173447260102301
"-- starting hand #229 (id: 2foxwaeczdlt)  (No Limit Texas Hold'em) (dealer: ""willdevens @ sVfd-WUsjU"") --",2024-12-17T21:56:41.023Z,173447260102300
"""Davis @ MxiH63B6Pl"" shows a 9♣, 9♠.",2024-12-17T21:56:36.872Z,173447259687200
"-- ending hand #228 --",2024-12-17T21:56:34.477Z,173447259447702
"""willdevens @ sVfd-WUsjU"" collected 13.40 from pot with A High (combination: A♣, K♥, J♣, 8♣, 5♠)",2024-12-17T21:56:34.477Z,173447259447701
"""willdevens @ sVfd-WUsjU"" shows a 2♠, A♣.",2024-12-17T21:56:34.477Z,173447259447700
"""Spence @ cbvju-2iMm"" checks",2024-12-17T21:56:33.657Z,173447259365700
"""willdevens @ sVfd-WUsjU"" checks",2024-12-17T21:56:32.323Z,173447259232300
"River: J♣, 4♥, K♥, 5♠ [8♣]",2024-12-17T21:56:30.073Z,173447259007300
"""Spence @ cbvju-2iMm"" checks",2024-12-17T21:56:29.210Z,173447258921000
"""willdevens @ sVfd-WUsjU"" checks",2024-12-17T21:56:28.337Z,173447258833700
"Turn: J♣, 4♥, K♥ [5♠]",2024-12-17T21:56:23.724Z,173447258372400
"""Spence @ cbvju-2iMm"" calls 3.50",2024-12-17T21:56:22.889Z,173447258288900
"""Davis @ MxiH63B6Pl"" folds",2024-12-17T21:56:21.300Z,173447258130000
"""willdevens @ sVfd-WUsjU"" bets 3.50",2024-12-17T21:56:19.997Z,173447257999700
"Flop:  [J♣, 4♥, K♥]",2024-12-17T21:56:15.295Z,173447257529500
"""Spence @ cbvju-2iMm"" calls 2.00",2024-12-17T21:56:14.451Z,173447257445100
"""Hanley2 @ LXzsz8PhQN"" folds",2024-12-17T21:56:09.669Z,173447256966900
"""Davis @ MxiH63B6Pl"" calls 2.00",2024-12-17T21:56:08.511Z,173447256851100
"""Max Roman @ oiOtU2XuYt"" folds",2024-12-17T21:55:58.609Z,173447255860900
"""willdevens @ sVfd-WUsjU"" raises to 2.00",2024-12-17T21:55:53.601Z,173447255360100
"""Alex @ 2vIoBF2FSE"" folds",2024-12-17T21:55:47.499Z,173447254749900
"""Spence @ cbvju-2iMm"" calls 0.20",2024-12-17T21:55:46.617Z,173447254661700
"""Pabz ivey @ h6PkxSmy50"" folds",2024-12-17T21:55:45.715Z,173447254571500
"""Declan @ NsC2OJUPB3"" folds",2024-12-17T21:55:41.151Z,173447254115100
"""Hanley2 @ LXzsz8PhQN"" calls 0.20",2024-12-17T21:55:40.215Z,173447254021500
"""Davis @ MxiH63B6Pl"" calls 0.20",2024-12-17T21:55:38.362Z,173447253836200
"""Max Roman @ oiOtU2XuYt"" posts a big blind of 0.20",2024-12-17T21:55:30.888Z,173447253088811
"""willdevens @ sVfd-WUsjU"" posts a small blind of 0.10",2024-12-17T21:55:30.888Z,173447253088810
"Your hand is 2♦, 10♥",2024-12-17T21:55:30.888Z,173447253088806
"Player stacks: #1 ""Hanley2 @ LXzsz8PhQN"" (40.60) | #2 ""Declan @ NsC2OJUPB3"" (6.68) | #3 ""Pabz ivey @ h6PkxSmy50"" (22.87) | #4 ""Spence @ cbvju-2iMm"" (74.17) | #5 ""Alex @ 2vIoBF2FSE"" (36.00) | #8 ""willdevens @ sVfd-WUsjU"" (45.83) | #9 ""Max Roman @ oiOtU2XuYt"" (19.60) | #10 ""Davis @ MxiH63B6Pl"" (41.95)",2024-12-17T21:55:30.888Z,173447253088801
"-- starting hand #228 (id: wiwvesnnxrfb)  (No Limit Texas Hold'em) (dealer: ""Alex @ 2vIoBF2FSE"") --",2024-12-17T21:55:30.888Z,173447253088800
"-- ending hand #227 --",2024-12-17T21:55:22.855Z,173447252285503
"""Spence @ cbvju-2iMm"" collected 6.67 from pot with Full House, J's over 5's on the second run  (combination: J♦, J♥, J♠, 5♣, 5♥)",2024-12-17T21:55:22.855Z,173447252285502
"""Declan @ NsC2OJUPB3"" collected 6.68 from pot with Full House, J's over 5's on the second run  (combination: J♣, J♥, J♠, 5♣, 5♥)",2024-12-17T21:55:22.855Z,173447252285501
"""Spence @ cbvju-2iMm"" collected 13.35 from pot with Two Pair, J's & 5's (combination: J♦, J♥, 5♣, 5♥, K♥)",2024-12-17T21:55:22.855Z,173447252285500
"River (second run): 9♣, 5♣, J♥, 5♥ [J♠]",2024-12-17T21:55:18.850Z,173447251885000
"River: 9♣, 5♣, J♥, 5♥ [3♠]",2024-12-17T21:55:14.844Z,173447251484400
"""Spence @ cbvju-2iMm"" shows a J♦, K♥.",2024-12-17T21:55:10.837Z,173447251083701
"""Declan @ NsC2OJUPB3"" shows a J♣, Q♣.",2024-12-17T21:55:10.837Z,173447251083700
"All players in hand choose to run it twice.",2024-12-17T21:55:10.007Z,173447251000701
"""Declan @ NsC2OJUPB3"" chooses to  run it twice.",2024-12-17T21:55:10.007Z,173447251000700
"""Spence @ cbvju-2iMm"" chooses to  run it twice.",2024-12-17T21:55:09.693Z,173447250969300
"Remaining players decide whether to run it twice.",2024-12-17T21:55:08.614Z,173447250861401
"""Spence @ cbvju-2iMm"" calls 0.60",2024-12-17T21:55:08.614Z,173447250861400
"""Declan @ NsC2OJUPB3"" bets 0.60 and go all in",2024-12-17T21:55:07.760Z,173447250776000
"Turn: 9♣, 5♣, J♥ [5♥]",2024-12-17T21:55:02.707Z,173447250270700
"""Declan @ NsC2OJUPB3"" calls 10.50",2024-12-17T21:55:01.882Z,173447250188200
"""Davis @ MxiH63B6Pl"" folds",2024-12-17T21:55:00.151Z,173447250015100
"""Spence @ cbvju-2iMm"" raises to 10.50",2024-12-17T21:54:59.032Z,173447249903200
"""Declan @ NsC2OJUPB3"" bets 2.00",2024-12-17T21:54:56.478Z,173447249647800
"""Davis @ MxiH63B6Pl"" checks",2024-12-17T21:54:51.800Z,173447249180000
"Flop:  [9♣, 5♣, J♥]",2024-12-17T21:54:50.127Z,173447249012700
"""Davis @ MxiH63B6Pl"" calls 1.40",2024-12-17T21:54:49.304Z,173447248930400
"""willdevens @ sVfd-WUsjU"" folds",2024-12-17T21:54:48.173Z,173447248817300
"""Alex @ 2vIoBF2FSE"" folds",2024-12-17T21:54:47.242Z,173447248724200
"""Spence @ cbvju-2iMm"" calls 1.40",2024-12-17T21:54:46.355Z,173447248635500
"""Pabz ivey @ h6PkxSmy50"" folds",2024-12-17T21:54:45.463Z,173447248546300
"""Declan @ NsC2OJUPB3"" raises to 1.40",2024-12-17T21:54:40.988Z,173447248098800
"""Hanley2 @ LXzsz8PhQN"" folds",2024-12-17T21:54:33.836Z,173447247383600
"""Davis @ MxiH63B6Pl"" calls 0.20",2024-12-17T21:54:32.710Z,173447247271000
"""Max Roman @ oiOtU2XuYt"" folds",2024-12-17T21:54:29.635Z,173447246963500
"""willdevens @ sVfd-WUsjU"" posts a big blind of 0.20",2024-12-17T21:54:27.810Z,173447246781011
"""Alex @ 2vIoBF2FSE"" posts a small blind of 0.10",2024-12-17T21:54:27.810Z,173447246781010
"Your hand is 2♠, Q♦",2024-12-17T21:54:27.810Z,173447246781006
"Player stacks: #1 ""Hanley2 @ LXzsz8PhQN"" (40.60) | #2 ""Declan @ NsC2OJUPB3"" (12.50) | #3 ""Pabz ivey @ h6PkxSmy50"" (22.87) | #4 ""Spence @ cbvju-2iMm"" (66.65) | #5 ""Alex @ 2vIoBF2FSE"" (36.10) | #8 ""willdevens @ sVfd-WUsjU"" (46.03) | #9 ""Max Roman @ oiOtU2XuYt"" (19.60) | #10 ""Davis @ MxiH63B6Pl"" (43.35)",2024-12-17T21:54:27.810Z,173447246781001
"-- starting hand #227 (id: ieziqhrj5yep)  (No Limit Texas Hold'em) (dealer: ""Spence @ cbvju-2iMm"") --",2024-12-17T21:54:27.810Z,173447246781000
"-- ending hand #226 --",2024-12-17T21:54:21.889Z,173447246188902
"""Pabz ivey @ h6PkxSmy50"" collected 6.74 from pot",2024-12-17T21:54:21.889Z,173447246188901
"Uncalled bet of 1.50 returned to ""Pabz ivey @ h6PkxSmy50""",2024-12-17T21:54:21.889Z,173447246188900
"""willdevens @ sVfd-WUsjU"" folds",2024-12-17T21:54:21.015Z,173447246101500
"""Pabz ivey @ h6PkxSmy50"" raises to 3.00",2024-12-17T21:54:20.010Z,173447246001000
"""willdevens @ sVfd-WUsjU"" bets 1.50",2024-12-17T21:54:06.252Z,173447244625200
"Turn: A♦, 4♥, 5♦ [3♦]",2024-12-17T21:54:02.234Z,173447244223400
"""Pabz ivey @ h6PkxSmy50"" checks",2024-12-17T21:54:01.394Z,173447244139400
"""willdevens @ sVfd-WUsjU"" checks",2024-12-17T21:53:49.872Z,173447242987200
"Flop:  [A♦, 4♥, 5♦]",2024-12-17T21:53:46.025Z,173447242602500
"""Hanley2 @ LXzsz8PhQN"" folds",2024-12-17T21:53:45.159Z,173447242515900
"""willdevens @ sVfd-WUsjU"" calls 1.52",2024-12-17T21:53:42.639Z,173447242263900
"""Alex @ 2vIoBF2FSE"" folds",2024-12-17T21:53:40.591Z,173447242059100
"""Spence @ cbvju-2iMm"" folds",2024-12-17T21:53:39.731Z,173447241973100
"""Pabz ivey @ h6PkxSmy50"" raises to 1.52",2024-12-17T21:53:38.872Z,173447241887200
"""Declan @ NsC2OJUPB3"" folds",2024-12-17T21:53:33.558Z,173447241355800
"""Hanley2 @ LXzsz8PhQN"" calls 0.40",2024-12-17T21:53:32.681Z,173447241268100
"""Davis @ MxiH63B6Pl"" folds",2024-12-17T21:53:29.467Z,173447240946700
"""Max Roman @ oiOtU2XuYt"" folds",2024-12-17T21:53:28.574Z,173447240857400
"""willdevens @ sVfd-WUsjU"" posts a straddle of 0.40",2024-12-17T21:53:26.502Z,173447240650212
"""Alex @ 2vIoBF2FSE"" posts a big blind of 0.20",2024-12-17T21:53:26.502Z,173447240650211
"""Spence @ cbvju-2iMm"" posts a small blind of 0.10",2024-12-17T21:53:26.502Z,173447240650210
"Your hand is 2♦, 5♠",2024-12-17T21:53:26.502Z,173447240650206
"Player stacks: #1 ""Hanley2 @ LXzsz8PhQN"" (41.00) | #2 ""Declan @ NsC2OJUPB3"" (12.50) | #3 ""Pabz ivey @ h6PkxSmy50"" (19.15) | #4 ""Spence @ cbvju-2iMm"" (66.75) | #5 ""Alex @ 2vIoBF2FSE"" (36.30) | #8 ""willdevens @ sVfd-WUsjU"" (49.05) | #9 ""Max Roman @ oiOtU2XuYt"" (19.60) | #10 ""Davis @ MxiH63B6Pl"" (43.35)",2024-12-17T21:53:26.502Z,173447240650201
"-- starting hand #226 (id: ymr0ydlr4yib)  (No Limit Texas Hold'em) (dealer: ""Pabz ivey @ h6PkxSmy50"") --",2024-12-17T21:53:26.502Z,173447240650200
"Undealt cards: 6♦, J♦, 9♣ [8♥, J♣]",2024-12-17T21:53:20.841Z,173447240084100
"-- ending hand #225 --",2024-12-17T21:53:20.583Z,173447240058302
"""Alex @ 2vIoBF2FSE"" collected 2.70 from pot",2024-12-17T21:53:20.583Z,173447240058301
"Uncalled bet of 1.30 returned to ""Alex @ 2vIoBF2FSE""",2024-12-17T21:53:20.583Z,173447240058300
"""Spence @ cbvju-2iMm"" folds",2024-12-17T21:53:19.741Z,173447239974100
"""Pabz ivey @ h6PkxSmy50"" folds",2024-12-17T21:53:17.127Z,173447239712700
"""Davis @ MxiH63B6Pl"" folds",2024-12-17T21:53:12.292Z,173447239229200
"""Alex @ 2vIoBF2FSE"" bets 1.30",2024-12-17T21:53:10.693Z,173447239069300
"""Spence @ cbvju-2iMm"" checks",2024-12-17T21:53:04.422Z,173447238442200
"""Pabz ivey @ h6PkxSmy50"" checks",2024-12-17T21:52:57.670Z,173447237767000
"Flop:  [6♦, J♦, 9♣]",2024-12-17T21:52:52.604Z,173447237260400
"""Spence @ cbvju-2iMm"" calls 0.65",2024-12-17T21:52:51.792Z,173447237179200
"""Pabz ivey @ h6PkxSmy50"" calls 0.65",2024-12-17T21:52:50.918Z,173447237091800
"""Declan @ NsC2OJUPB3"" folds",2024-12-17T21:52:48.605Z,173447236860500
"""Hanley2 @ LXzsz8PhQN"" folds",2024-12-17T21:52:47.638Z,173447236763800
"""Davis @ MxiH63B6Pl"" calls 0.65",2024-12-17T21:52:46.547Z,173447236654700
"""Max Roman @ oiOtU2XuYt"" folds",2024-12-17T21:52:45.277Z,173447236527700
"""willdevens @ sVfd-WUsjU"" folds",2024-12-17T21:52:44.307Z,173447236430700
"""Alex @ 2vIoBF2FSE"" raises to 0.65",2024-12-17T21:52:40.601Z,173447236060100
"""Spence @ cbvju-2iMm"" posts a missing small blind of 0.10",2024-12-17T21:52:38.522Z,173447235852213
"""Spence @ cbvju-2iMm"" posts a big blind of 0.20",2024-12-17T21:52:38.522Z,173447235852212
"""Pabz ivey @ h6PkxSmy50"" posts a small blind of 0.10",2024-12-17T21:52:38.522Z,173447235852211
"Your hand is K♦, 5♥",2024-12-17T21:52:38.522Z,173447235852207
"Player stacks: #1 ""Hanley2 @ LXzsz8PhQN"" (41.00) | #2 ""Declan @ NsC2OJUPB3"" (12.50) | #3 ""Pabz ivey @ h6PkxSmy50"" (19.80) | #4 ""Spence @ cbvju-2iMm"" (67.50) | #5 ""Alex @ 2vIoBF2FSE"" (34.25) | #8 ""willdevens @ sVfd-WUsjU"" (49.05) | #9 ""Max Roman @ oiOtU2XuYt"" (19.60) | #10 ""Davis @ MxiH63B6Pl"" (44.00)",2024-12-17T21:52:38.522Z,173447235852202
"-- starting hand #225 (id: 1xgcganhrgec)  (No Limit Texas Hold'em) (dealer: ""Declan @ NsC2OJUPB3"") --",2024-12-17T21:52:38.522Z,173447235852201
"The player ""Spence @ cbvju-2iMm"" joined the game with a stack of 67.50.",2024-12-17T21:52:38.522Z,173447235852200
"-- ending hand #224 --",2024-12-17T21:52:30.471Z,173447235047102
"""willdevens @ sVfd-WUsjU"" collected 34.25 from pot with Two Pair, A's & 3's on the second run  (combination: A♥, A♦, 3♣, 3♦, Q♥)",2024-12-17T21:52:30.471Z,173447235047101
"""Alex @ 2vIoBF2FSE"" collected 34.25 from pot with Three of a Kind, Q's (combination: Q♠, Q♥, Q♣, J♠, 9♦)",2024-12-17T21:52:30.471Z,173447235047100
"River (second run): 5♣, 9♦, 3♦, Q♥ [A♦]",2024-12-17T21:52:26.456Z,173447234645600
"River: 5♣, 9♦, 3♦, Q♥ [Q♣]",2024-12-17T21:52:22.401Z,173447234240100
"The player ""Spence @ cbvju-2iMm"" sit back with the stack of 67.50.",2024-12-17T21:52:22.193Z,173447234219300
"""Alex @ 2vIoBF2FSE"" shows a Q♠, J♠.",2024-12-17T21:52:18.307Z,173447233830700
"""willdevens @ sVfd-WUsjU"" shows a 3♣, A♥.",2024-12-17T21:52:18.117Z,173447233811700
"All players in hand choose to run it twice.",2024-12-17T21:52:17.488Z,173447233748801
"""willdevens @ sVfd-WUsjU"" chooses to  run it twice.",2024-12-17T21:52:17.488Z,173447233748800
"""Alex @ 2vIoBF2FSE"" chooses to  run it twice.",2024-12-17T21:52:16.865Z,173447233686500
"Remaining players decide whether to run it twice.",2024-12-17T21:52:16.287Z,173447233628701
"""Alex @ 2vIoBF2FSE"" calls 24.10 and go all in",2024-12-17T21:52:16.287Z,173447233628700
"""willdevens @ sVfd-WUsjU"" bets 24.10",2024-12-17T21:52:15.387Z,173447233538700
"""Alex @ 2vIoBF2FSE"" checks",2024-12-17T21:52:12.605Z,173447233260500
"Turn: 5♣, 9♦, 3♦ [Q♥]",2024-12-17T21:52:10.241Z,173447233024100
"""Alex @ 2vIoBF2FSE"" calls 7.50",2024-12-17T21:52:09.418Z,173447232941800
"""willdevens @ sVfd-WUsjU"" raises to 7.50",2024-12-17T21:51:55.156Z,173447231515600
"""Alex @ 2vIoBF2FSE"" bets 2.50",2024-12-17T21:51:51.458Z,173447231145800
"Flop:  [5♣, 9♦, 3♦]",2024-12-17T21:51:35.583Z,173447229558300
"""willdevens @ sVfd-WUsjU"" calls 2.50",2024-12-17T21:51:34.758Z,173447229475800
"""Alex @ 2vIoBF2FSE"" raises to 2.50",2024-12-17T21:51:32.802Z,173447229280200
"""Pabz ivey @ h6PkxSmy50"" folds",2024-12-17T21:51:30.479Z,173447229047900
"""Declan @ NsC2OJUPB3"" folds",2024-12-17T21:51:27.503Z,173447228750300
"""Hanley2 @ LXzsz8PhQN"" folds",2024-12-17T21:51:26.612Z,173447228661200
"""Davis @ MxiH63B6Pl"" folds",2024-12-17T21:51:24.635Z,173447228463500
"""Max Roman @ oiOtU2XuYt"" folds",2024-12-17T21:51:23.678Z,173447228367800
"""willdevens @ sVfd-WUsjU"" raises to 1.50",2024-12-17T21:51:22.779Z,173447228277900
"""Alex @ 2vIoBF2FSE"" raises to 0.75",2024-12-17T21:51:20.256Z,173447228025600
"""Pabz ivey @ h6PkxSmy50"" posts a big blind of 0.20",2024-12-17T21:51:17.819Z,173447227781910
"""Declan @ NsC2OJUPB3"" posts a small blind of 0.10",2024-12-17T21:51:17.819Z,173447227781909
"Your hand is Q♠, J♠",2024-12-17T21:51:17.819Z,173447227781905
"Player stacks: #1 ""Hanley2 @ LXzsz8PhQN"" (41.00) | #2 ""Declan @ NsC2OJUPB3"" (12.60) | #3 ""Pabz ivey @ h6PkxSmy50"" (20.00) | #5 ""Alex @ 2vIoBF2FSE"" (34.10) | #8 ""willdevens @ sVfd-WUsjU"" (48.90) | #9 ""Max Roman @ oiOtU2XuYt"" (19.60) | #10 ""Davis @ MxiH63B6Pl"" (44.00)",2024-12-17T21:51:17.819Z,173447227781901
"-- starting hand #224 (id: fx0fghsikutz)  (No Limit Texas Hold'em) (dealer: ""Hanley2 @ LXzsz8PhQN"") --",2024-12-17T21:51:17.819Z,173447227781900
"Undealt cards: 9♣, 9♥, 7♦ [K♦, 3♦]",2024-12-17T21:51:14.325Z,173447227432500
"-- ending hand #223 --",2024-12-17T21:51:11.877Z,173447227187702
"""Hanley2 @ LXzsz8PhQN"" collected 3.30 from pot",2024-12-17T21:51:11.877Z,173447227187701
"Uncalled bet of 1.65 returned to ""Hanley2 @ LXzsz8PhQN""",2024-12-17T21:51:11.877Z,173447227187700
"""Davis @ MxiH63B6Pl"" folds",2024-12-17T21:51:11.026Z,173447227102600
"""Declan @ NsC2OJUPB3"" folds",2024-12-17T21:51:09.318Z,173447226931800
"""Hanley2 @ LXzsz8PhQN"" bets 1.65",2024-12-17T21:51:02.177Z,173447226217700
"Flop:  [9♣, 9♥, 7♦]",2024-12-17T21:50:55.745Z,173447225574500
"""Declan @ NsC2OJUPB3"" calls 1.10",2024-12-17T21:50:54.908Z,173447225490800
"""Hanley2 @ LXzsz8PhQN"" calls 1.10",2024-12-17T21:50:53.526Z,173447225352600
"""Davis @ MxiH63B6Pl"" raises to 1.10",2024-12-17T21:50:51.275Z,173447225127500
"""Max Roman @ oiOtU2XuYt"" folds",2024-12-17T21:50:47.506Z,173447224750600
"""willdevens @ sVfd-WUsjU"" folds",2024-12-17T21:50:46.560Z,173447224656000
"""Alex @ 2vIoBF2FSE"" folds",2024-12-17T21:50:45.655Z,173447224565500
"""Pabz ivey @ h6PkxSmy50"" folds",2024-12-17T21:50:42.127Z,173447224212700
"""Declan @ NsC2OJUPB3"" posts a big blind of 0.20",2024-12-17T21:50:37.135Z,173447223713510
"""Hanley2 @ LXzsz8PhQN"" posts a small blind of 0.10",2024-12-17T21:50:37.135Z,173447223713509
"Your hand is 3♠, Q♣",2024-12-17T21:50:37.135Z,173447223713505
"Player stacks: #1 ""Hanley2 @ LXzsz8PhQN"" (38.80) | #2 ""Declan @ NsC2OJUPB3"" (13.70) | #3 ""Pabz ivey @ h6PkxSmy50"" (20.00) | #5 ""Alex @ 2vIoBF2FSE"" (34.10) | #8 ""willdevens @ sVfd-WUsjU"" (48.90) | #9 ""Max Roman @ oiOtU2XuYt"" (19.60) | #10 ""Davis @ MxiH63B6Pl"" (45.10)",2024-12-17T21:50:37.135Z,173447223713501
"-- starting hand #223 (id: zkspu3xvsosz)  (No Limit Texas Hold'em) (dealer: ""Davis @ MxiH63B6Pl"") --",2024-12-17T21:50:37.135Z,173447223713500
"-- ending hand #222 --",2024-12-17T21:50:31.133Z,173447223113301
"""Declan @ NsC2OJUPB3"" collected 13.70 from pot with Flush, As High (combination: A♠, K♠, J♠, 7♠, 5♠)",2024-12-17T21:50:31.133Z,173447223113300
"River: 5♥, 5♠, J♠, K♠ [3♦]",2024-12-17T21:50:27.093Z,173447222709300
"""Alex @ 2vIoBF2FSE"" shows a 2♥, 2♣.",2024-12-17T21:50:23.085Z,173447222308501
"""Declan @ NsC2OJUPB3"" shows a 7♠, A♠.",2024-12-17T21:50:23.085Z,173447222308500
"Some players choose to not run it twice.",2024-12-17T21:50:22.254Z,173447222225401
"""Declan @ NsC2OJUPB3"" chooses to not run it twice.",2024-12-17T21:50:22.254Z,173447222225400
"Remaining players decide whether to run it twice.",2024-12-17T21:50:21.419Z,173447222141901
"""Declan @ NsC2OJUPB3"" calls 4.05 and go all in",2024-12-17T21:50:21.419Z,173447222141900
"""Alex @ 2vIoBF2FSE"" bets 4.05",2024-12-17T21:50:19.832Z,173447221983200
"""Declan @ NsC2OJUPB3"" checks",2024-12-17T21:50:18.059Z,173447221805900
"Turn: 5♥, 5♠, J♠ [K♠]",2024-12-17T21:50:14.508Z,173447221450800
"""Declan @ NsC2OJUPB3"" calls 1.50",2024-12-17T21:50:13.665Z,173447221366500
"""Hanley2 @ LXzsz8PhQN"" folds",2024-12-17T21:50:12.526Z,173447221252600
"""Davis @ MxiH63B6Pl"" folds",2024-12-17T21:50:10.383Z,173447221038300
"""Alex @ 2vIoBF2FSE"" bets 1.50",2024-12-17T21:50:09.308Z,173447220930800
"""Declan @ NsC2OJUPB3"" checks",2024-12-17T21:50:07.238Z,173447220723800
"""Hanley2 @ LXzsz8PhQN"" checks",2024-12-17T21:50:04.023Z,173447220402300
"""Davis @ MxiH63B6Pl"" checks",2024-12-17T21:49:58.605Z,173447219860500
"Flop:  [5♥, 5♠, J♠]",2024-12-17T21:49:57.028Z,173447219702800
"""Declan @ NsC2OJUPB3"" calls 0.65",2024-12-17T21:49:56.148Z,173447219614800
"""Hanley2 @ LXzsz8PhQN"" calls 0.65",2024-12-17T21:49:55.046Z,173447219504600
"""Davis @ MxiH63B6Pl"" calls 0.65",2024-12-17T21:49:53.933Z,173447219393300
"""Max Roman @ oiOtU2XuYt"" folds",2024-12-17T21:49:52.328Z,173447219232800
"""willdevens @ sVfd-WUsjU"" folds",2024-12-17T21:49:51.471Z,173447219147100
"""Alex @ 2vIoBF2FSE"" raises to 0.65",2024-12-17T21:49:50.555Z,173447219055500
"""Pabz ivey @ h6PkxSmy50"" folds",2024-12-17T21:49:47.851Z,173447218785100
"""Declan @ NsC2OJUPB3"" calls 0.20",2024-12-17T21:49:46.011Z,173447218601100
"""Hanley2 @ LXzsz8PhQN"" posts a big blind of 0.20",2024-12-17T21:49:39.632Z,173447217963210
"""Davis @ MxiH63B6Pl"" posts a small blind of 0.10",2024-12-17T21:49:39.632Z,173447217963209
"Your hand is 2♥, 2♣",2024-12-17T21:49:39.632Z,173447217963205
"Player stacks: #1 ""Hanley2 @ LXzsz8PhQN"" (39.45) | #2 ""Declan @ NsC2OJUPB3"" (6.20) | #3 ""Pabz ivey @ h6PkxSmy50"" (20.00) | #5 ""Alex @ 2vIoBF2FSE"" (40.30) | #8 ""willdevens @ sVfd-WUsjU"" (48.90) | #9 ""Max Roman @ oiOtU2XuYt"" (19.60) | #10 ""Davis @ MxiH63B6Pl"" (45.75)",2024-12-17T21:49:39.632Z,173447217963201
"-- starting hand #222 (id: qzybl2bqhzms)  (No Limit Texas Hold'em) (dealer: ""Max Roman @ oiOtU2XuYt"") --",2024-12-17T21:49:39.632Z,173447217963200
"""Alex @ 2vIoBF2FSE"" shows a A♠, 5♠.",2024-12-17T21:49:37.931Z,173447217793100
"Undealt cards:  [9♥, 9♦, A♦, 9♣, 6♥]",2024-12-17T21:49:33.186Z,173447217318600
"-- ending hand #221 --",2024-12-17T21:49:33.017Z,173447217301702
"""willdevens @ sVfd-WUsjU"" collected 1.80 from pot",2024-12-17T21:49:33.017Z,173447217301701
"Uncalled bet of 2.25 returned to ""willdevens @ sVfd-WUsjU""",2024-12-17T21:49:33.017Z,173447217301700
"""Alex @ 2vIoBF2FSE"" folds",2024-12-17T21:49:32.173Z,173447217217300
"""Davis @ MxiH63B6Pl"" folds",2024-12-17T21:49:24.928Z,173447216492800
"""Max Roman @ oiOtU2XuYt"" folds",2024-12-17T21:49:23.951Z,173447216395100
"""willdevens @ sVfd-WUsjU"" raises to 3.00",2024-12-17T21:49:23.069Z,173447216306900
"""Alex @ 2vIoBF2FSE"" raises to 0.75",2024-12-17T21:49:20.482Z,173447216048200
"""Pabz ivey @ h6PkxSmy50"" folds",2024-12-17T21:49:18.154Z,173447215815400
"""Declan @ NsC2OJUPB3"" folds",2024-12-17T21:49:14.990Z,173447215499000
"""Hanley2 @ LXzsz8PhQN"" folds",2024-12-17T21:49:14.088Z,173447215408800
"""Davis @ MxiH63B6Pl"" posts a big blind of 0.20",2024-12-17T21:49:12.540Z,173447215254010
"""Max Roman @ oiOtU2XuYt"" posts a small blind of 0.10",2024-12-17T21:49:12.540Z,173447215254009
"Your hand is A♠, 5♠",2024-12-17T21:49:12.540Z,173447215254005
"Player stacks: #1 ""Hanley2 @ LXzsz8PhQN"" (39.45) | #2 ""Declan @ NsC2OJUPB3"" (6.20) | #3 ""Pabz ivey @ h6PkxSmy50"" (20.00) | #5 ""Alex @ 2vIoBF2FSE"" (41.05) | #8 ""willdevens @ sVfd-WUsjU"" (47.85) | #9 ""Max Roman @ oiOtU2XuYt"" (19.70) | #10 ""Davis @ MxiH63B6Pl"" (45.95)",2024-12-17T21:49:12.540Z,173447215254001
"-- starting hand #221 (id: yxkhjmuyp37x)  (No Limit Texas Hold'em) (dealer: ""willdevens @ sVfd-WUsjU"") --",2024-12-17T21:49:12.540Z,173447215254000
"""willdevens @ sVfd-WUsjU"" shows a 2♠, 7♦.",2024-12-17T21:49:09.665Z,173447214966500
"Undealt cards:  [K♥, 8♦, 9♣, Q♥, 6♦]",2024-12-17T21:49:06.647Z,173447214664700
"-- ending hand #220 --",2024-12-17T21:49:05.932Z,173447214593202
"""Alex @ 2vIoBF2FSE"" collected 0.50 from pot",2024-12-17T21:49:05.932Z,173447214593201
"Uncalled bet of 0.55 returned to ""Alex @ 2vIoBF2FSE""",2024-12-17T21:49:05.932Z,173447214593200
"""Max Roman @ oiOtU2XuYt"" folds",2024-12-17T21:49:05.104Z,173447214510400
"""willdevens @ sVfd-WUsjU"" folds",2024-12-17T21:49:00.892Z,173447214089200
"""Alex @ 2vIoBF2FSE"" raises to 0.75",2024-12-17T21:48:59.973Z,173447213997300
"""Pabz ivey @ h6PkxSmy50"" folds",2024-12-17T21:48:58.269Z,173447213826900
"""Declan @ NsC2OJUPB3"" folds",2024-12-17T21:48:57.171Z,173447213717100
"""Hanley2 @ LXzsz8PhQN"" folds",2024-12-17T21:48:56.269Z,173447213626900
"""Davis @ MxiH63B6Pl"" folds",2024-12-17T21:48:49.982Z,173447212998200
"""Max Roman @ oiOtU2XuYt"" posts a big blind of 0.20",2024-12-17T21:48:49.030Z,173447212903011
"""willdevens @ sVfd-WUsjU"" posts a small blind of 0.10",2024-12-17T21:48:49.030Z,173447212903010
"Your hand is 3♦, 4♠",2024-12-17T21:48:49.030Z,173447212903006
"Player stacks: #1 ""Hanley2 @ LXzsz8PhQN"" (39.45) | #2 ""Declan @ NsC2OJUPB3"" (6.20) | #3 ""Pabz ivey @ h6PkxSmy50"" (20.00) | #5 ""Alex @ 2vIoBF2FSE"" (40.75) | #8 ""willdevens @ sVfd-WUsjU"" (47.95) | #9 ""Max Roman @ oiOtU2XuYt"" (19.90) | #10 ""Davis @ MxiH63B6Pl"" (45.95)",2024-12-17T21:48:49.030Z,173447212903002
"-- starting hand #220 (id: p158gwpn3zgq)  (No Limit Texas Hold'em) (dealer: ""Alex @ 2vIoBF2FSE"") --",2024-12-17T21:48:49.030Z,173447212903001
"The player ""Pabz ivey @ h6PkxSmy50"" joined the game with a stack of 20.00.",2024-12-17T21:48:49.030Z,173447212903000
"Undealt cards: Q♣, 9♦, 9♥ [7♦, 8♠]",2024-12-17T21:48:45.677Z,173447212567700
"-- ending hand #219 --",2024-12-17T21:48:43.059Z,173447212305902
"""willdevens @ sVfd-WUsjU"" collected 7.60 from pot",2024-12-17T21:48:43.059Z,173447212305901
"Uncalled bet of 5.00 returned to ""willdevens @ sVfd-WUsjU""",2024-12-17T21:48:43.059Z,173447212305900
"""Davis @ MxiH63B6Pl"" folds",2024-12-17T21:48:42.232Z,173447212223200
"""Max Roman @ oiOtU2XuYt"" folds",2024-12-17T21:48:41.292Z,173447212129200
"""willdevens @ sVfd-WUsjU"" bets 5.00",2024-12-17T21:48:37.544Z,173447211754400
"Flop:  [Q♣, 9♦, 9♥]",2024-12-17T21:48:31.396Z,173447211139600
"""Davis @ MxiH63B6Pl"" calls 2.50",2024-12-17T21:48:30.548Z,173447211054800
"""Max Roman @ oiOtU2XuYt"" calls 2.50",2024-12-17T21:48:25.191Z,173447210519100
"""willdevens @ sVfd-WUsjU"" raises to 2.50",2024-12-17T21:48:20.792Z,173447210079200
"""Alex @ 2vIoBF2FSE"" folds",2024-12-17T21:48:15.345Z,173447209534500
"""Declan @ NsC2OJUPB3"" folds",2024-12-17T21:48:05.567Z,173447208556700
"""Hanley2 @ LXzsz8PhQN"" folds",2024-12-17T21:48:04.650Z,173447208465000
"""Davis @ MxiH63B6Pl"" calls 0.70",2024-12-17T21:48:03.325Z,173447208332500
"""Max Roman @ oiOtU2XuYt"" raises to 0.70",2024-12-17T21:48:01.409Z,173447208140900
"The admin approved the player ""Pabz ivey @ h6PkxSmy50"" participation with a stack of 20.00.",2024-12-17T21:47:55.780Z,173447207578000
"""willdevens @ sVfd-WUsjU"" posts a big blind of 0.20",2024-12-17T21:47:51.371Z,173447207137109
"""Alex @ 2vIoBF2FSE"" posts a small blind of 0.10",2024-12-17T21:47:51.371Z,173447207137108
"Your hand is 2♣, A♠",2024-12-17T21:47:51.371Z,173447207137104
"Player stacks: #1 ""Hanley2 @ LXzsz8PhQN"" (39.45) | #2 ""Declan @ NsC2OJUPB3"" (6.20) | #5 ""Alex @ 2vIoBF2FSE"" (40.85) | #8 ""willdevens @ sVfd-WUsjU"" (42.85) | #9 ""Max Roman @ oiOtU2XuYt"" (22.40) | #10 ""Davis @ MxiH63B6Pl"" (48.45)",2024-12-17T21:47:51.371Z,173447207137101
"-- starting hand #219 (id: ojimvfssywsl)  (No Limit Texas Hold'em) (dealer: ""Declan @ NsC2OJUPB3"") --",2024-12-17T21:47:51.371Z,173447207137100
"-- ending hand #218 --",2024-12-17T21:47:45.435Z,173447206543502
"""Hanley2 @ LXzsz8PhQN"" collected 1.50 from pot",2024-12-17T21:47:45.435Z,173447206543501
"Uncalled bet of 0.75 returned to ""Hanley2 @ LXzsz8PhQN""",2024-12-17T21:47:45.435Z,173447206543500
"""willdevens @ sVfd-WUsjU"" folds",2024-12-17T21:47:44.623Z,173447206462300
"""Hanley2 @ LXzsz8PhQN"" bets 0.75",2024-12-17T21:47:43.677Z,173447206367700
"""willdevens @ sVfd-WUsjU"" checks",2024-12-17T21:47:36.680Z,173447205668000
"Turn: J♣, Q♣, 9♥ [J♥]",2024-12-17T21:47:35.737Z,173447205573700
"""Hanley2 @ LXzsz8PhQN"" checks",2024-12-17T21:47:34.890Z,173447205489000
"The player ""Pabz ivey @ h6PkxSmy50"" requested a seat.",2024-12-17T21:47:31.829Z,173447205182900
"""willdevens @ sVfd-WUsjU"" checks",2024-12-17T21:47:31.430Z,173447205143000
"Flop:  [J♣, Q♣, 9♥]",2024-12-17T21:47:30.322Z,173447205032200
"""willdevens @ sVfd-WUsjU"" calls 0.60",2024-12-17T21:47:29.465Z,173447204946500
"""Alex @ 2vIoBF2FSE"" folds",2024-12-17T21:47:28.025Z,173447204802500
"""Declan @ NsC2OJUPB3"" folds",2024-12-17T21:47:21.737Z,173447204173700
"""Hanley2 @ LXzsz8PhQN"" raises to 0.60",2024-12-17T21:47:20.820Z,173447204082000
"""Davis @ MxiH63B6Pl"" folds",2024-12-17T21:47:13.884Z,173447203388400
"""Max Roman @ oiOtU2XuYt"" folds",2024-12-17T21:47:12.888Z,173447203288800
"""willdevens @ sVfd-WUsjU"" posts a straddle of 0.40",2024-12-17T21:47:11.375Z,173447203137510
"""Alex @ 2vIoBF2FSE"" posts a big blind of 0.20",2024-12-17T21:47:11.375Z,173447203137509
"""Declan @ NsC2OJUPB3"" posts a small blind of 0.10",2024-12-17T21:47:11.375Z,173447203137508
"Your hand is 10♦, 7♣",2024-12-17T21:47:11.375Z,173447203137504
"Player stacks: #1 ""Hanley2 @ LXzsz8PhQN"" (38.55) | #2 ""Declan @ NsC2OJUPB3"" (6.30) | #5 ""Alex @ 2vIoBF2FSE"" (41.05) | #8 ""willdevens @ sVfd-WUsjU"" (43.45) | #9 ""Max Roman @ oiOtU2XuYt"" (22.40) | #10 ""Davis @ MxiH63B6Pl"" (48.45)",2024-12-17T21:47:11.375Z,173447203137501
"-- starting hand #218 (id: asxx0pndd3m4)  (No Limit Texas Hold'em) (dealer: ""Hanley2 @ LXzsz8PhQN"") --",2024-12-17T21:47:11.375Z,173447203137500
"-- ending hand #217 --",2024-12-17T21:47:05.438Z,173447202543802
"""Hanley2 @ LXzsz8PhQN"" collected 0.40 from pot",2024-12-17T21:47:05.438Z,173447202543801
"Uncalled bet of 0.20 returned to ""Hanley2 @ LXzsz8PhQN""",2024-12-17T21:47:05.438Z,173447202543800
"""Declan @ NsC2OJUPB3"" folds",2024-12-17T21:47:04.577Z,173447202457700
"""Hanley2 @ LXzsz8PhQN"" bets 0.20",2024-12-17T21:47:02.847Z,173447202284700
"Flop:  [10♣, A♦, 4♣]",2024-12-17T21:47:00.621Z,173447202062100
"""Declan @ NsC2OJUPB3"" checks",2024-12-17T21:46:59.762Z,173447201976200
"""Hanley2 @ LXzsz8PhQN"" calls 0.20",2024-12-17T21:46:58.538Z,173447201853800
"""Davis @ MxiH63B6Pl"" folds",2024-12-17T21:46:54.151Z,173447201415100
"""Max Roman @ oiOtU2XuYt"" folds",2024-12-17T21:46:53.227Z,173447201322700
"""willdevens @ sVfd-WUsjU"" folds",2024-12-17T21:46:52.368Z,173447201236800
"""Alex @ 2vIoBF2FSE"" folds",2024-12-17T21:46:51.503Z,173447201150300
"""Declan @ NsC2OJUPB3"" posts a big blind of 0.20",2024-12-17T21:46:47.850Z,173447200785009
"""Hanley2 @ LXzsz8PhQN"" posts a small blind of 0.10",2024-12-17T21:46:47.850Z,173447200785008
"Your hand is 6♠, 3♠",2024-12-17T21:46:47.850Z,173447200785004
"Player stacks: #1 ""Hanley2 @ LXzsz8PhQN"" (38.35) | #2 ""Declan @ NsC2OJUPB3"" (6.50) | #5 ""Alex @ 2vIoBF2FSE"" (41.05) | #8 ""willdevens @ sVfd-WUsjU"" (43.45) | #9 ""Max Roman @ oiOtU2XuYt"" (22.40) | #10 ""Davis @ MxiH63B6Pl"" (48.45)",2024-12-17T21:46:47.850Z,173447200785001
"-- starting hand #217 (id: bghsoltbaqxd)  (No Limit Texas Hold'em) (dealer: ""Davis @ MxiH63B6Pl"") --",2024-12-17T21:46:47.850Z,173447200785000
"Undealt cards:  [6♠, 8♣, 2♣, A♠, 7♠]",2024-12-17T21:46:42.786Z,173447200278600
"-- ending hand #216 --",2024-12-17T21:46:41.921Z,173447200192102
"""Max Roman @ oiOtU2XuYt"" collected 2.90 from pot",2024-12-17T21:46:41.921Z,173447200192101
"Uncalled bet of 2.17 returned to ""Max Roman @ oiOtU2XuYt""",2024-12-17T21:46:41.921Z,173447200192100
"""Declan @ NsC2OJUPB3"" folds",2024-12-17T21:46:41.084Z,173447200108400
"""Hanley2 @ LXzsz8PhQN"" folds",2024-12-17T21:46:39.180Z,173447199918000
"""Davis @ MxiH63B6Pl"" folds",2024-12-17T21:46:37.809Z,173447199780900
"""Max Roman @ oiOtU2XuYt"" raises to 3.47",2024-12-17T21:46:36.838Z,173447199683800
"""willdevens @ sVfd-WUsjU"" folds",2024-12-17T21:46:32.745Z,173447199274500
"""Alex @ 2vIoBF2FSE"" folds",2024-12-17T21:46:31.859Z,173447199185900
"""Declan @ NsC2OJUPB3"" raises to 1.30",2024-12-17T21:46:31.009Z,173447199100900
"""Hanley2 @ LXzsz8PhQN"" posts a big blind of 0.20",2024-12-17T21:46:24.537Z,173447198453709
"""Davis @ MxiH63B6Pl"" posts a small blind of 0.10",2024-12-17T21:46:24.537Z,173447198453708
"Your hand is 10♠, 7♦",2024-12-17T21:46:24.537Z,173447198453704
"Player stacks: #1 ""Hanley2 @ LXzsz8PhQN"" (38.55) | #2 ""Declan @ NsC2OJUPB3"" (7.80) | #5 ""Alex @ 2vIoBF2FSE"" (41.05) | #8 ""willdevens @ sVfd-WUsjU"" (43.45) | #9 ""Max Roman @ oiOtU2XuYt"" (20.80) | #10 ""Davis @ MxiH63B6Pl"" (48.55)",2024-12-17T21:46:24.537Z,173447198453701
"-- starting hand #216 (id: 5aehthor1obx)  (No Limit Texas Hold'em) (dealer: ""Max Roman @ oiOtU2XuYt"") --",2024-12-17T21:46:24.537Z,173447198453700
"-- ending hand #215 --",2024-12-17T21:46:18.481Z,173447197848102
"""Davis @ MxiH63B6Pl"" collected 12.40 from pot with Flush, As High (combination: A♠, K♠, J♠, 8♠, 7♠)",2024-12-17T21:46:18.481Z,173447197848101
"""Davis @ MxiH63B6Pl"" shows a 8♠, 7♠.",2024-12-17T21:46:18.481Z,173447197848100
"""Declan @ NsC2OJUPB3"" checks",2024-12-17T21:46:17.659Z,173447197765900
"""Davis @ MxiH63B6Pl"" checks",2024-12-17T21:46:16.352Z,173447197635200
"River: K♠, K♥, A♠, 8♣ [J♠]",2024-12-17T21:46:12.262Z,173447197226200
"""Davis @ MxiH63B6Pl"" calls 2.00",2024-12-17T21:46:11.387Z,173447197138700
"""Declan @ NsC2OJUPB3"" bets 2.00",2024-12-17T21:46:09.602Z,173447196960200
"""Davis @ MxiH63B6Pl"" checks",2024-12-17T21:46:04.730Z,173447196473000
"Turn: K♠, K♥, A♠ [8♣]",2024-12-17T21:46:03.335Z,173447196333500
"""Davis @ MxiH63B6Pl"" calls 1.50",2024-12-17T21:46:02.524Z,173447196252400
"""Max Roman @ oiOtU2XuYt"" folds",2024-12-17T21:46:01.124Z,173447196112400
"""Declan @ NsC2OJUPB3"" bets 1.50",2024-12-17T21:45:59.533Z,173447195953300
"""Davis @ MxiH63B6Pl"" checks",2024-12-17T21:45:54.490Z,173447195449000
"""Max Roman @ oiOtU2XuYt"" checks",2024-12-17T21:45:53.271Z,173447195327100
"Flop:  [K♠, K♥, A♠]",2024-12-17T21:45:50.472Z,173447195047200
"""Declan @ NsC2OJUPB3"" calls 1.80",2024-12-17T21:45:49.657Z,173447194965700
"""Davis @ MxiH63B6Pl"" calls 1.80",2024-12-17T21:45:47.646Z,173447194764600
"""Max Roman @ oiOtU2XuYt"" raises to 1.80",2024-12-17T21:45:45.075Z,173447194507500
"""willdevens @ sVfd-WUsjU"" folds",2024-12-17T21:45:40.894Z,173447194089400
"""Alex @ 2vIoBF2FSE"" folds",2024-12-17T21:45:39.987Z,173447193998700
"""Declan @ NsC2OJUPB3"" raises to 1.00",2024-12-17T21:45:39.125Z,173447193912500
"""Hanley2 @ LXzsz8PhQN"" folds",2024-12-17T21:45:34.561Z,173447193456100
"""Davis @ MxiH63B6Pl"" posts a big blind of 0.20",2024-12-17T21:45:30.722Z,173447193072209
"""Max Roman @ oiOtU2XuYt"" posts a small blind of 0.10",2024-12-17T21:45:30.722Z,173447193072208
"Your hand is 6♥, 4♦",2024-12-17T21:45:30.722Z,173447193072204
"Player stacks: #1 ""Hanley2 @ LXzsz8PhQN"" (38.55) | #2 ""Declan @ NsC2OJUPB3"" (13.10) | #5 ""Alex @ 2vIoBF2FSE"" (41.05) | #8 ""willdevens @ sVfd-WUsjU"" (43.45) | #9 ""Max Roman @ oiOtU2XuYt"" (22.60) | #10 ""Davis @ MxiH63B6Pl"" (41.45)",2024-12-17T21:45:30.722Z,173447193072201
"-- starting hand #215 (id: efg5py9d545h)  (No Limit Texas Hold'em) (dealer: ""willdevens @ sVfd-WUsjU"") --",2024-12-17T21:45:30.722Z,173447193072200
"-- ending hand #214 --",2024-12-17T21:45:24.798Z,173447192479802
"""willdevens @ sVfd-WUsjU"" collected 7.40 from pot",2024-12-17T21:45:24.798Z,173447192479801
"Uncalled bet of 3.50 returned to ""willdevens @ sVfd-WUsjU""",2024-12-17T21:45:24.798Z,173447192479800
"""Declan @ NsC2OJUPB3"" folds",2024-12-17T21:45:23.984Z,173447192398400
"""willdevens @ sVfd-WUsjU"" bets 3.50",2024-12-17T21:45:22.048Z,173447192204800
"Flop:  [9♣, 7♠, 5♣]",2024-12-17T21:45:18.506Z,173447191850600
"""Declan @ NsC2OJUPB3"" calls 3.50",2024-12-17T21:45:17.653Z,173447191765300
"""Hanley2 @ LXzsz8PhQN"" folds",2024-12-17T21:45:14.430Z,173447191443000
"""Max Roman @ oiOtU2XuYt"" folds",2024-12-17T21:45:13.371Z,173447191337100
"""willdevens @ sVfd-WUsjU"" raises to 3.50",2024-12-17T21:45:12.488Z,173447191248800
"""Alex @ 2vIoBF2FSE"" folds",2024-12-17T21:45:09.392Z,173447190939200
"""Declan @ NsC2OJUPB3"" raises to 1.00",2024-12-17T21:45:08.089Z,173447190808900
"""Hanley2 @ LXzsz8PhQN"" calls 0.20",2024-12-17T21:45:03.209Z,173447190320900
"""Davis @ MxiH63B6Pl"" folds",2024-12-17T21:45:01.923Z,173447190192300
"""Max Roman @ oiOtU2XuYt"" posts a big blind of 0.20",2024-12-17T21:45:00.255Z,173447190025509
"""willdevens @ sVfd-WUsjU"" posts a small blind of 0.10",2024-12-17T21:45:00.255Z,173447190025508
"Your hand is 9♦, A♠",2024-12-17T21:45:00.255Z,173447190025504
"Player stacks: #1 ""Hanley2 @ LXzsz8PhQN"" (38.75) | #2 ""Declan @ NsC2OJUPB3"" (16.60) | #5 ""Alex @ 2vIoBF2FSE"" (41.05) | #8 ""willdevens @ sVfd-WUsjU"" (39.55) | #9 ""Max Roman @ oiOtU2XuYt"" (22.80) | #10 ""Davis @ MxiH63B6Pl"" (41.45)",2024-12-17T21:45:00.255Z,173447190025501
"-- starting hand #214 (id: llt7weturkci)  (No Limit Texas Hold'em) (dealer: ""Alex @ 2vIoBF2FSE"") --",2024-12-17T21:45:00.255Z,173447190025500
"Undealt cards:  [J♣, 4♥, 8♥, 5♠, 6♦]",2024-12-17T21:44:54.613Z,173447189461300
"-- ending hand #213 --",2024-12-17T21:44:54.331Z,173447189433102
"""Davis @ MxiH63B6Pl"" collected 0.50 from pot",2024-12-17T21:44:54.331Z,173447189433101
"Uncalled bet of 0.90 returned to ""Davis @ MxiH63B6Pl""",2024-12-17T21:44:54.331Z,173447189433100
"""willdevens @ sVfd-WUsjU"" folds",2024-12-17T21:44:53.513Z,173447189351300
"""Alex @ 2vIoBF2FSE"" folds",2024-12-17T21:44:49.626Z,173447188962600
"""Declan @ NsC2OJUPB3"" folds",2024-12-17T21:44:48.640Z,173447188864000
"""Hanley2 @ LXzsz8PhQN"" folds",2024-12-17T21:44:47.709Z,173447188770900
"""Davis @ MxiH63B6Pl"" raises to 1.10",2024-12-17T21:44:39.419Z,173447187941900
"""Max Roman @ oiOtU2XuYt"" folds",2024-12-17T21:44:35.508Z,173447187550800
"""willdevens @ sVfd-WUsjU"" posts a big blind of 0.20",2024-12-17T21:44:34.293Z,173447187429309
"""Alex @ 2vIoBF2FSE"" posts a small blind of 0.10",2024-12-17T21:44:34.293Z,173447187429308
"Your hand is 10♦, 4♦",2024-12-17T21:44:34.293Z,173447187429304
"Player stacks: #1 ""Hanley2 @ LXzsz8PhQN"" (38.75) | #2 ""Declan @ NsC2OJUPB3"" (16.60) | #5 ""Alex @ 2vIoBF2FSE"" (41.15) | #8 ""willdevens @ sVfd-WUsjU"" (39.75) | #9 ""Max Roman @ oiOtU2XuYt"" (22.80) | #10 ""Davis @ MxiH63B6Pl"" (41.15)",2024-12-17T21:44:34.293Z,173447187429301
"-- starting hand #213 (id: ytwckqj7me6u)  (No Limit Texas Hold'em) (dealer: ""Declan @ NsC2OJUPB3"") --",2024-12-17T21:44:34.293Z,173447187429300
"Undealt cards: 9♦, 3♦, 7♣ [3♥, 7♦]",2024-12-17T21:44:29.904Z,173447186990400
"-- ending hand #212 --",2024-12-17T21:44:28.314Z,173447186831402
"""Max Roman @ oiOtU2XuYt"" collected 4.90 from pot",2024-12-17T21:44:28.314Z,173447186831401
"Uncalled bet of 2.45 returned to ""Max Roman @ oiOtU2XuYt""",2024-12-17T21:44:28.314Z,173447186831400
"""Davis @ MxiH63B6Pl"" folds",2024-12-17T21:44:27.496Z,173447186749600
"""Max Roman @ oiOtU2XuYt"" bets 2.45",2024-12-17T21:44:20.424Z,173447186042400
"Flop:  [9♦, 3♦, 7♣]",2024-12-17T21:44:15.459Z,173447185545900
"""willdevens @ sVfd-WUsjU"" folds",2024-12-17T21:44:14.650Z,173447185465000
"""Alex @ 2vIoBF2FSE"" folds",2024-12-17T21:44:13.723Z,173447185372300
"""Declan @ NsC2OJUPB3"" folds",2024-12-17T21:44:11.619Z,173447185161900
"""Hanley2 @ LXzsz8PhQN"" folds",2024-12-17T21:44:10.718Z,173447185071800
"""Davis @ MxiH63B6Pl"" calls 2.10",2024-12-17T21:44:09.642Z,173447184964200
"""Max Roman @ oiOtU2XuYt"" raises to 2.10",2024-12-17T21:44:00.184Z,173447184018400
"""willdevens @ sVfd-WUsjU"" posts a straddle of 0.40",2024-12-17T21:43:46.943Z,173447182694310
"""Alex @ 2vIoBF2FSE"" posts a big blind of 0.20",2024-12-17T21:43:46.943Z,173447182694309
"""Declan @ NsC2OJUPB3"" posts a small blind of 0.10",2024-12-17T21:43:46.943Z,173447182694308
"Your hand is 6♠, A♥",2024-12-17T21:43:46.943Z,173447182694304
"Player stacks: #1 ""Hanley2 @ LXzsz8PhQN"" (38.75) | #2 ""Declan @ NsC2OJUPB3"" (16.70) | #5 ""Alex @ 2vIoBF2FSE"" (41.35) | #8 ""willdevens @ sVfd-WUsjU"" (40.15) | #9 ""Max Roman @ oiOtU2XuYt"" (20.00) | #10 ""Davis @ MxiH63B6Pl"" (43.25)",2024-12-17T21:43:46.943Z,173447182694301
"-- starting hand #212 (id: t3iesa4mxbyn)  (No Limit Texas Hold'em) (dealer: ""Hanley2 @ LXzsz8PhQN"") --",2024-12-17T21:43:46.943Z,173447182694300
"-- ending hand #211 --",2024-12-17T21:43:40.934Z,173447182093402
"""Alex @ 2vIoBF2FSE"" collected 15.80 from pot with Full House, 5's over 10's (combination: 5♥, 5♠, 5♦, 10♠, 10♥)",2024-12-17T21:43:40.934Z,173447182093401
"""Alex @ 2vIoBF2FSE"" shows a 5♥, 5♠.",2024-12-17T21:43:40.934Z,173447182093400
"""willdevens @ sVfd-WUsjU"" checks",2024-12-17T21:43:40.102Z,173447182010200
"""Alex @ 2vIoBF2FSE"" checks",2024-12-17T21:43:39.230Z,173447181923000
"River: 10♠, 10♥, 5♦, Q♠ [A♣]",2024-12-17T21:43:36.597Z,173447181659700
"""Alex @ 2vIoBF2FSE"" calls 5.50",2024-12-17T21:43:35.784Z,173447181578400
"""willdevens @ sVfd-WUsjU"" bets 5.50",2024-12-17T21:43:34.925Z,173447181492500
"""Alex @ 2vIoBF2FSE"" checks",2024-12-17T21:43:32.315Z,173447181231500
"Turn: 10♠, 10♥, 5♦ [Q♠]",2024-12-17T21:43:31.398Z,173447181139800
"""Alex @ 2vIoBF2FSE"" calls 1.50",2024-12-17T21:43:30.578Z,173447181057800
"""willdevens @ sVfd-WUsjU"" bets 1.50",2024-12-17T21:43:29.706Z,173447180970600
"""Alex @ 2vIoBF2FSE"" checks",2024-12-17T21:43:26.523Z,173447180652300
"Flop:  [10♠, 10♥, 5♦]",2024-12-17T21:43:23.656Z,173447180365600
"""Declan @ NsC2OJUPB3"" folds",2024-12-17T21:43:22.832Z,173447180283200
"""Hanley2 @ LXzsz8PhQN"" folds",2024-12-17T21:43:21.871Z,173447180187100
"""Davis @ MxiH63B6Pl"" folds",2024-12-17T21:43:15.661Z,173447179566100
"""Max Roman @ oiOtU2XuYt"" folds",2024-12-17T21:43:14.662Z,173447179466200
"""willdevens @ sVfd-WUsjU"" calls 0.75",2024-12-17T21:43:13.822Z,173447179382200
"""Alex @ 2vIoBF2FSE"" raises to 0.75",2024-12-17T21:43:12.916Z,173447179291600
"""Declan @ NsC2OJUPB3"" posts a big blind of 0.20",2024-12-17T21:43:06.601Z,173447178660110
"""Hanley2 @ LXzsz8PhQN"" posts a small blind of 0.10",2024-12-17T21:43:06.601Z,173447178660109
"Your hand is 5♥, 5♠",2024-12-17T21:43:06.601Z,173447178660105
"Player stacks: #1 ""Hanley2 @ LXzsz8PhQN"" (38.85) | #2 ""Declan @ NsC2OJUPB3"" (16.90) | #5 ""Alex @ 2vIoBF2FSE"" (33.30) | #8 ""willdevens @ sVfd-WUsjU"" (47.90) | #9 ""Max Roman @ oiOtU2XuYt"" (20.00) | #10 ""Davis @ MxiH63B6Pl"" (43.25)",2024-12-17T21:43:06.601Z,173447178660102
"-- starting hand #211 (id: jd07gwnc7hyy)  (No Limit Texas Hold'em) (dealer: ""Davis @ MxiH63B6Pl"") --",2024-12-17T21:43:06.601Z,173447178660101
"The player ""Max Roman @ oiOtU2XuYt"" joined the game with a stack of 20.00.",2024-12-17T21:43:06.601Z,173447178660100
"-- ending hand #210 --",2024-12-17T21:43:00.676Z,173447178067602
"""Hanley2 @ LXzsz8PhQN"" collected 8.50 from pot",2024-12-17T21:43:00.676Z,173447178067601
"Uncalled bet of 6.37 returned to ""Hanley2 @ LXzsz8PhQN""",2024-12-17T21:43:00.676Z,173447178067600
"""Declan @ NsC2OJUPB3"" folds",2024-12-17T21:42:59.861Z,173447177986100
"""Hanley2 @ LXzsz8PhQN"" bets 6.37",2024-12-17T21:42:57.627Z,173447177762700
"Flop:  [5♦, K♥, Q♠]",2024-12-17T21:42:49.838Z,173447176983800
"""willdevens @ sVfd-WUsjU"" folds",2024-12-17T21:42:48.984Z,173447176898400
"""Declan @ NsC2OJUPB3"" calls 3.70",2024-12-17T21:42:48.089Z,173447176808900
"""Hanley2 @ LXzsz8PhQN"" raises to 3.70",2024-12-17T21:42:43.186Z,173447176318600
"""Davis @ MxiH63B6Pl"" folds",2024-12-17T21:42:37.930Z,173447175793000
"""willdevens @ sVfd-WUsjU"" calls 1.00",2024-12-17T21:42:35.407Z,173447175540700
"""Alex @ 2vIoBF2FSE"" folds",2024-12-17T21:42:31.330Z,173447175133000
"The admin approved the player ""Max Roman @ oiOtU2XuYt"" participation with a stack of 20.00.",2024-12-17T21:42:29.756Z,173447174975600
"""Declan @ NsC2OJUPB3"" raises to 1.00",2024-12-17T21:42:29.411Z,173447174941100
"""Hanley2 @ LXzsz8PhQN"" posts a big blind of 0.20",2024-12-17T21:42:23.229Z,173447174322908
"""Davis @ MxiH63B6Pl"" posts a small blind of 0.10",2024-12-17T21:42:23.229Z,173447174322907
"Your hand is 8♠, 2♠",2024-12-17T21:42:23.229Z,173447174322904
"Player stacks: #1 ""Hanley2 @ LXzsz8PhQN"" (34.05) | #2 ""Declan @ NsC2OJUPB3"" (20.60) | #5 ""Alex @ 2vIoBF2FSE"" (33.30) | #8 ""willdevens @ sVfd-WUsjU"" (48.90) | #10 ""Davis @ MxiH63B6Pl"" (43.35)",2024-12-17T21:42:23.229Z,173447174322901
"-- starting hand #210 (id: lwiwslqlcxin)  (No Limit Texas Hold'em) (dealer: ""willdevens @ sVfd-WUsjU"") --",2024-12-17T21:42:23.229Z,173447174322900
"The player ""Max Roman @ oiOtU2XuYt"" requested a seat.",2024-12-17T21:42:19.184Z,173447173918400
"""willdevens @ sVfd-WUsjU"" shows a A♣.",2024-12-17T21:42:17.964Z,173447173796400
"-- ending hand #209 --",2024-12-17T21:42:16.719Z,173447173671902
"""Alex @ 2vIoBF2FSE"" collected 20.60 from pot with Straight, A High (combination: A♠, K♥, Q♥, J♥, 10♥)",2024-12-17T21:42:16.719Z,173447173671901
"""Alex @ 2vIoBF2FSE"" shows a 4♦, 10♥.",2024-12-17T21:42:16.719Z,173447173671900
"""willdevens @ sVfd-WUsjU"" calls 5.50",2024-12-17T21:42:15.903Z,173447173590300
"""Alex @ 2vIoBF2FSE"" bets 5.50",2024-12-17T21:42:12.698Z,173447173269800
"""willdevens @ sVfd-WUsjU"" checks",2024-12-17T21:42:09.648Z,173447172964800
"River: A♠, Q♥, J♥, 7♣ [K♥]",2024-12-17T21:42:07.598Z,173447172759800
"""willdevens @ sVfd-WUsjU"" calls 3.20",2024-12-17T21:42:06.722Z,173447172672200
"""Alex @ 2vIoBF2FSE"" bets 3.20",2024-12-17T21:42:05.832Z,173447172583200
"""willdevens @ sVfd-WUsjU"" checks",2024-12-17T21:42:00.291Z,173447172029100
"Turn: A♠, Q♥, J♥ [7♣]",2024-12-17T21:41:58.744Z,173447171874400
"""willdevens @ sVfd-WUsjU"" calls 0.75",2024-12-17T21:41:57.852Z,173447171785200
"""Alex @ 2vIoBF2FSE"" bets 0.75",2024-12-17T21:41:55.840Z,173447171584000
"""willdevens @ sVfd-WUsjU"" checks",2024-12-17T21:41:53.000Z,173447171300000
"Flop:  [A♠, Q♥, J♥]",2024-12-17T21:41:51.527Z,173447171152700
"""Davis @ MxiH63B6Pl"" folds",2024-12-17T21:41:50.697Z,173447171069700
"""willdevens @ sVfd-WUsjU"" calls 0.75",2024-12-17T21:41:48.671Z,173447170867100
"""Alex @ 2vIoBF2FSE"" raises to 0.75",2024-12-17T21:41:47.668Z,173447170766800
"""Declan @ NsC2OJUPB3"" folds",2024-12-17T21:41:44.827Z,173447170482700
"""Hanley2 @ LXzsz8PhQN"" folds",2024-12-17T21:41:43.920Z,173447170392000
"""Davis @ MxiH63B6Pl"" posts a big blind of 0.20",2024-12-17T21:41:41.891Z,173447170189108
"""willdevens @ sVfd-WUsjU"" posts a small blind of 0.10",2024-12-17T21:41:41.891Z,173447170189107
"Your hand is 4♦, 10♥",2024-12-17T21:41:41.891Z,173447170189104
"Player stacks: #1 ""Hanley2 @ LXzsz8PhQN"" (34.05) | #2 ""Declan @ NsC2OJUPB3"" (20.60) | #5 ""Alex @ 2vIoBF2FSE"" (22.90) | #8 ""willdevens @ sVfd-WUsjU"" (59.10) | #10 ""Davis @ MxiH63B6Pl"" (43.55)",2024-12-17T21:41:41.891Z,173447170189101
"-- starting hand #209 (id: mjxbosx8oheu)  (No Limit Texas Hold'em) (dealer: ""Alex @ 2vIoBF2FSE"") --",2024-12-17T21:41:41.891Z,173447170189100
"Undealt cards: 4♠, 10♠, 9♠ [8♠, J♠]",2024-12-17T21:41:39.572Z,173447169957200
"-- ending hand #208 --",2024-12-17T21:41:35.956Z,173447169595602
"""willdevens @ sVfd-WUsjU"" collected 3.10 from pot",2024-12-17T21:41:35.956Z,173447169595601
"Uncalled bet of 3.00 returned to ""willdevens @ sVfd-WUsjU""",2024-12-17T21:41:35.956Z,173447169595600
"""Hanley2 @ LXzsz8PhQN"" folds",2024-12-17T21:41:35.128Z,173447169512800
"""willdevens @ sVfd-WUsjU"" bets 3.00",2024-12-17T21:41:32.405Z,173447169240500
"Flop:  [4♠, 10♠, 9♠]",2024-12-17T21:41:28.916Z,173447168891600
"""Hanley2 @ LXzsz8PhQN"" calls 1.50",2024-12-17T21:41:28.113Z,173447168811300
"""willdevens @ sVfd-WUsjU"" raises to 1.50",2024-12-17T21:41:25.289Z,173447168528900
"""Alex @ 2vIoBF2FSE"" folds",2024-12-17T21:41:21.219Z,173447168121900
"""Declan @ NsC2OJUPB3"" folds",2024-12-17T21:41:20.363Z,173447168036300
"""Hanley2 @ LXzsz8PhQN"" raises to 0.40",2024-12-17T21:41:19.056Z,173447167905600
"""Davis @ MxiH63B6Pl"" folds",2024-12-17T21:41:14.061Z,173447167406100
"""willdevens @ sVfd-WUsjU"" posts a big blind of 0.20",2024-12-17T21:41:13.042Z,173447167304208
"""Alex @ 2vIoBF2FSE"" posts a small blind of 0.10",2024-12-17T21:41:13.042Z,173447167304207
"Your hand is 10♥, 5♥",2024-12-17T21:41:13.042Z,173447167304204
"Player stacks: #1 ""Hanley2 @ LXzsz8PhQN"" (35.55) | #2 ""Declan @ NsC2OJUPB3"" (20.60) | #5 ""Alex @ 2vIoBF2FSE"" (23.00) | #8 ""willdevens @ sVfd-WUsjU"" (57.50) | #10 ""Davis @ MxiH63B6Pl"" (43.55)",2024-12-17T21:41:13.042Z,173447167304201
"-- starting hand #208 (id: r2qq9ryjide9)  (No Limit Texas Hold'em) (dead button) --",2024-12-17T21:41:13.042Z,173447167304200
"""willdevens @ sVfd-WUsjU"" shows a 3♣, 4♣.",2024-12-17T21:41:07.789Z,173447166778900
"Undealt cards: 7♠, 5♣, Q♣ [4♠, Q♦]",2024-12-17T21:41:06.600Z,173447166660000
"""Davis @ MxiH63B6Pl"" shows a 10♣, 10♦.",2024-12-17T21:41:06.288Z,173447166628800
"-- ending hand #207 --",2024-12-17T21:41:05.658Z,173447166565802
"""willdevens @ sVfd-WUsjU"" collected 7.30 from pot",2024-12-17T21:41:05.658Z,173447166565801
"Uncalled bet of 3.60 returned to ""willdevens @ sVfd-WUsjU""",2024-12-17T21:41:05.658Z,173447166565800
"""Davis @ MxiH63B6Pl"" folds",2024-12-17T21:41:04.841Z,173447166484100
"""willdevens @ sVfd-WUsjU"" raises to 5.50",2024-12-17T21:40:54.327Z,173447165432700
"""Hanley2 @ LXzsz8PhQN"" folds",2024-12-17T21:40:50.658Z,173447165065800
"""Davis @ MxiH63B6Pl"" bets 1.90",2024-12-17T21:40:48.972Z,173447164897200
"""willdevens @ sVfd-WUsjU"" checks",2024-12-17T21:40:41.554Z,173447164155400
"Flop:  [7♠, 5♣, Q♣]",2024-12-17T21:40:39.423Z,173447163942300
"""willdevens @ sVfd-WUsjU"" calls 1.10",2024-12-17T21:40:38.597Z,173447163859700
"""Alex @ 2vIoBF2FSE"" folds",2024-12-17T21:40:32.961Z,173447163296100
"""Declan @ NsC2OJUPB3"" folds",2024-12-17T21:40:32.037Z,173447163203700
"""Hanley2 @ LXzsz8PhQN"" calls 1.10",2024-12-17T21:40:31.062Z,173447163106200
"""Davis @ MxiH63B6Pl"" raises to 1.10",2024-12-17T21:40:29.168Z,173447162916800
"""willdevens @ sVfd-WUsjU"" posts a straddle of 0.40",2024-12-17T21:40:22.475Z,173447162247510
"""Alex @ 2vIoBF2FSE"" posts a big blind of 0.20",2024-12-17T21:40:22.475Z,173447162247509
"Dead Small Blind",2024-12-17T21:40:22.475Z,173447162247508
"Your hand is 8♠, 10♥",2024-12-17T21:40:22.475Z,173447162247505
"Player stacks: #1 ""Hanley2 @ LXzsz8PhQN"" (36.65) | #2 ""Declan @ NsC2OJUPB3"" (20.60) | #5 ""Alex @ 2vIoBF2FSE"" (23.20) | #8 ""willdevens @ sVfd-WUsjU"" (53.20) | #10 ""Davis @ MxiH63B6Pl"" (46.55)",2024-12-17T21:40:22.475Z,173447162247502
"-- starting hand #207 (id: r4dmhmryx7u4)  (No Limit Texas Hold'em) (dealer: ""Declan @ NsC2OJUPB3"") --",2024-12-17T21:40:22.475Z,173447162247501
"The player ""Spence @ cbvju-2iMm"" stand up with the stack of 67.50.",2024-12-17T21:40:22.475Z,173447162247500
"Undealt cards: 8♠, 5♣, Q♦ [2♣, 7♥]",2024-12-17T21:40:17.560Z,173447161756000
"-- ending hand #206 --",2024-12-17T21:40:16.566Z,173447161656602
"""willdevens @ sVfd-WUsjU"" collected 2.30 from pot",2024-12-17T21:40:16.566Z,173447161656601
"Uncalled bet of 1.15 returned to ""willdevens @ sVfd-WUsjU""",2024-12-17T21:40:16.566Z,173447161656600
"""Spence @ cbvju-2iMm"" folds",2024-12-17T21:40:15.721Z,173447161572100
"""willdevens @ sVfd-WUsjU"" bets 1.15",2024-12-17T21:40:14.443Z,173447161444300
"""Spence @ cbvju-2iMm"" checks",2024-12-17T21:40:12.607Z,173447161260700
"Flop:  [8♠, 5♣, Q♦]",2024-12-17T21:40:10.559Z,173447161055900
"""Spence @ cbvju-2iMm"" calls 1.10",2024-12-17T21:40:09.744Z,173447160974400
"""Declan @ NsC2OJUPB3"" folds",2024-12-17T21:40:08.748Z,173447160874800
"""Hanley2 @ LXzsz8PhQN"" folds",2024-12-17T21:40:07.667Z,173447160766700
"""Davis @ MxiH63B6Pl"" folds",2024-12-17T21:40:06.628Z,173447160662800
"""willdevens @ sVfd-WUsjU"" raises to 1.10",2024-12-17T21:40:05.629Z,173447160562900
"""Alex @ 2vIoBF2FSE"" folds",2024-12-17T21:40:03.049Z,173447160304900
"""Spence @ cbvju-2iMm"" posts a big blind of 0.20",2024-12-17T21:40:00.477Z,173447160047709
"""Declan @ NsC2OJUPB3"" posts a small blind of 0.10",2024-12-17T21:40:00.477Z,173447160047708
"Your hand is 3♣, A♠",2024-12-17T21:40:00.477Z,173447160047705
"Player stacks: #1 ""Hanley2 @ LXzsz8PhQN"" (36.65) | #2 ""Declan @ NsC2OJUPB3"" (20.70) | #4 ""Spence @ cbvju-2iMm"" (68.60) | #5 ""Alex @ 2vIoBF2FSE"" (23.20) | #8 ""willdevens @ sVfd-WUsjU"" (52.00) | #10 ""Davis @ MxiH63B6Pl"" (46.55)",2024-12-17T21:40:00.477Z,173447160047701
"-- starting hand #206 (id: s0rp5f3knlsu)  (No Limit Texas Hold'em) (dealer: ""Hanley2 @ LXzsz8PhQN"") --",2024-12-17T21:40:00.477Z,173447160047700
"Undealt cards: 10♠, A♦, J♥ [4♦, 10♥]",2024-12-17T21:39:55.663Z,173447159566300
"-- ending hand #205 --",2024-12-17T21:39:54.542Z,173447159454202
"""Spence @ cbvju-2iMm"" collected 1.20 from pot",2024-12-17T21:39:54.542Z,173447159454201
"Uncalled bet of 1.20 returned to ""Spence @ cbvju-2iMm""",2024-12-17T21:39:54.542Z,173447159454200
"""Declan @ NsC2OJUPB3"" folds",2024-12-17T21:39:53.726Z,173447159372600
"""Hanley2 @ LXzsz8PhQN"" folds",2024-12-17T21:39:52.798Z,173447159279800
"""Spence @ cbvju-2iMm"" raises to 1.40",2024-12-17T21:39:47.326Z,173447158732600
"""Declan @ NsC2OJUPB3"" calls 0.20",2024-12-17T21:39:43.978Z,173447158397800
"""Hanley2 @ LXzsz8PhQN"" bets 0.20",2024-12-17T21:39:41.774Z,173447158177400
"Flop:  [10♠, A♦, J♥]",2024-12-17T21:39:34.682Z,173447157468200
"""Declan @ NsC2OJUPB3"" checks",2024-12-17T21:39:33.862Z,173447157386200
"""Hanley2 @ LXzsz8PhQN"" calls 0.20",2024-12-17T21:39:31.757Z,173447157175700
"""Davis @ MxiH63B6Pl"" folds",2024-12-17T21:39:29.651Z,173447156965100
"""willdevens @ sVfd-WUsjU"" folds",2024-12-17T21:39:28.558Z,173447156855800
"""Alex @ 2vIoBF2FSE"" folds",2024-12-17T21:39:20.668Z,173447156066800
"""Spence @ cbvju-2iMm"" calls 0.20",2024-12-17T21:39:17.979Z,173447155797900
"""Declan @ NsC2OJUPB3"" posts a big blind of 0.20",2024-12-17T21:39:15.980Z,173447155598009
"""Hanley2 @ LXzsz8PhQN"" posts a small blind of 0.10",2024-12-17T21:39:15.980Z,173447155598008
"Your hand is 7♦, J♦",2024-12-17T21:39:15.980Z,173447155598005
"Player stacks: #1 ""Hanley2 @ LXzsz8PhQN"" (37.05) | #2 ""Declan @ NsC2OJUPB3"" (21.10) | #4 ""Spence @ cbvju-2iMm"" (67.80) | #5 ""Alex @ 2vIoBF2FSE"" (23.20) | #8 ""willdevens @ sVfd-WUsjU"" (52.00) | #10 ""Davis @ MxiH63B6Pl"" (46.55)",2024-12-17T21:39:15.980Z,173447155598001
"-- starting hand #205 (id: 38zocvuy6ap8)  (No Limit Texas Hold'em) (dealer: ""Davis @ MxiH63B6Pl"") --",2024-12-17T21:39:15.980Z,173447155598000
"Undealt cards: 2♣, 9♥, 10♠ [J♦, 8♥]",2024-12-17T21:39:10.614Z,173447155061400
"-- ending hand #204 --",2024-12-17T21:39:10.038Z,173447155003802
"""Alex @ 2vIoBF2FSE"" collected 4.70 from pot",2024-12-17T21:39:10.038Z,173447155003801
"Uncalled bet of 2.25 returned to ""Alex @ 2vIoBF2FSE""",2024-12-17T21:39:10.038Z,173447155003800
"""Davis @ MxiH63B6Pl"" folds",2024-12-17T21:39:09.197Z,173447154919700
"""willdevens @ sVfd-WUsjU"" folds",2024-12-17T21:39:07.817Z,173447154781700
"""Alex @ 2vIoBF2FSE"" bets 2.25",2024-12-17T21:39:04.143Z,173447154414300
"""Davis @ MxiH63B6Pl"" checks",2024-12-17T21:39:00.118Z,173447154011800
"Flop:  [2♣, 9♥, 10♠]",2024-12-17T21:38:58.824Z,173447153882400
"""Alex @ 2vIoBF2FSE"" calls 1.50",2024-12-17T21:38:57.981Z,173447153798100
"""Hanley2 @ LXzsz8PhQN"" folds",2024-12-17T21:38:56.792Z,173447153679200
"""Davis @ MxiH63B6Pl"" calls 1.50",2024-12-17T21:38:55.789Z,173447153578900
"""willdevens @ sVfd-WUsjU"" raises to 1.50",2024-12-17T21:38:52.477Z,173447153247700
"""Alex @ 2vIoBF2FSE"" raises to 0.80",2024-12-17T21:38:49.711Z,173447152971100
"""Spence @ cbvju-2iMm"" folds",2024-12-17T21:38:45.108Z,173447152510800
"""Declan @ NsC2OJUPB3"" folds",2024-12-17T21:38:43.240Z,173447152324000
"""Hanley2 @ LXzsz8PhQN"" posts a big blind of 0.20",2024-12-17T21:38:41.088Z,173447152108810
"""Davis @ MxiH63B6Pl"" posts a small blind of 0.10",2024-12-17T21:38:41.088Z,173447152108809
"Your hand is K♠, 2♠",2024-12-17T21:38:41.088Z,173447152108806
"Player stacks: #1 ""Hanley2 @ LXzsz8PhQN"" (37.25) | #2 ""Declan @ NsC2OJUPB3"" (21.10) | #4 ""Spence @ cbvju-2iMm"" (67.80) | #5 ""Alex @ 2vIoBF2FSE"" (20.00) | #8 ""willdevens @ sVfd-WUsjU"" (53.50) | #10 ""Davis @ MxiH63B6Pl"" (48.05)",2024-12-17T21:38:41.088Z,173447152108802
"-- starting hand #204 (id: kxlnad3vuhot)  (No Limit Texas Hold'em) (dealer: ""willdevens @ sVfd-WUsjU"") --",2024-12-17T21:38:41.088Z,173447152108801
"The player ""Alex @ 2vIoBF2FSE"" joined the game with a stack of 20.00.",2024-12-17T21:38:41.088Z,173447152108800
"""willdevens @ sVfd-WUsjU"" shows a 6♣, Q♠.",2024-12-17T21:38:37.448Z,173447151744800
"Undealt cards: 6♦, Q♣, A♦ [7♥, 3♣]",2024-12-17T21:38:36.669Z,173447151666900
"-- ending hand #203 --",2024-12-17T21:38:34.470Z,173447151447002
"""Davis @ MxiH63B6Pl"" collected 2.50 from pot",2024-12-17T21:38:34.470Z,173447151447001
"Uncalled bet of 1.87 returned to ""Davis @ MxiH63B6Pl""",2024-12-17T21:38:34.470Z,173447151447000
"""Spence @ cbvju-2iMm"" folds",2024-12-17T21:38:33.642Z,173447151364200
"""Davis @ MxiH63B6Pl"" bets 1.87",2024-12-17T21:38:32.701Z,173447151270100
"Flop:  [6♦, Q♣, A♦]",2024-12-17T21:38:27.995Z,173447150799500
"""Spence @ cbvju-2iMm"" calls 1.10",2024-12-17T21:38:27.141Z,173447150714100
"""Hanley2 @ LXzsz8PhQN"" folds",2024-12-17T21:38:26.152Z,173447150615200
"""Davis @ MxiH63B6Pl"" raises to 1.10",2024-12-17T21:38:18.520Z,173447149852000
"""willdevens @ sVfd-WUsjU"" folds",2024-12-17T21:38:14.281Z,173447149428100
"""Spence @ cbvju-2iMm"" calls 0.20",2024-12-17T21:38:09.490Z,173447148949000
"""Declan @ NsC2OJUPB3"" folds",2024-12-17T21:37:59.768Z,173447147976800
"""Hanley2 @ LXzsz8PhQN"" calls 0.20",2024-12-17T21:37:58.913Z,173447147891300
"""Davis @ MxiH63B6Pl"" posts a big blind of 0.20",2024-12-17T21:37:49.406Z,173447146940608
"""willdevens @ sVfd-WUsjU"" posts a small blind of 0.10",2024-12-17T21:37:49.406Z,173447146940607
"Player stacks: #1 ""Hanley2 @ LXzsz8PhQN"" (37.45) | #2 ""Declan @ NsC2OJUPB3"" (21.10) | #4 ""Spence @ cbvju-2iMm"" (68.90) | #8 ""willdevens @ sVfd-WUsjU"" (53.60) | #10 ""Davis @ MxiH63B6Pl"" (46.65)",2024-12-17T21:37:49.406Z,173447146940601
"-- starting hand #203 (id: smmk4mldujcp)  (No Limit Texas Hold'em) (dealer: ""Spence @ cbvju-2iMm"") --",2024-12-17T21:37:49.406Z,173447146940600
"Undealt cards: 4♠, 2♥, 9♣ [7♦, A♠]",2024-12-17T21:37:44.490Z,173447146449000
"-- ending hand #202 --",2024-12-17T21:37:43.482Z,173447146348202
"""willdevens @ sVfd-WUsjU"" collected 6.40 from pot",2024-12-17T21:37:43.482Z,173447146348201
"Uncalled bet of 3.50 returned to ""willdevens @ sVfd-WUsjU""",2024-12-17T21:37:43.482Z,173447146348200
"""Spence @ cbvju-2iMm"" folds",2024-12-17T21:37:42.629Z,173447146262900
"""Declan @ NsC2OJUPB3"" folds",2024-12-17T21:37:39.712Z,173447145971200
"""willdevens @ sVfd-WUsjU"" bets 3.50",2024-12-17T21:37:37.781Z,173447145778100
"""Spence @ cbvju-2iMm"" checks",2024-12-17T21:37:35.535Z,173447145553500
"Flop:  [4♠, 2♥, 9♣]",2024-12-17T21:37:32.233Z,173447145223300
"""Spence @ cbvju-2iMm"" calls 2.00",2024-12-17T21:37:31.403Z,173447145140300
"""Declan @ NsC2OJUPB3"" calls 2.00",2024-12-17T21:37:25.668Z,173447144566800
"""Hanley2 @ LXzsz8PhQN"" folds",2024-12-17T21:37:22.879Z,173447144287900
"""Davis @ MxiH63B6Pl"" folds",2024-12-17T21:37:15.508Z,173447143550800
"The admin approved the player ""Alex @ 2vIoBF2FSE"" participation with a stack of 20.00.",2024-12-17T21:37:14.371Z,173447143437100
"""willdevens @ sVfd-WUsjU"" raises to 2.00",2024-12-17T21:37:11.770Z,173447143177000
"""Spence @ cbvju-2iMm"" calls 0.20",2024-12-17T21:37:08.704Z,173447142870400
"""Declan @ NsC2OJUPB3"" calls 0.20",2024-12-17T21:37:07.783Z,173447142778300
"""Hanley2 @ LXzsz8PhQN"" calls 0.20",2024-12-17T21:37:05.370Z,173447142537000
"""Davis @ MxiH63B6Pl"" calls 0.20",2024-12-17T21:36:59.578Z,173447141957800
"""willdevens @ sVfd-WUsjU"" posts a big blind of 0.20",2024-12-17T21:36:55.484Z,173447141548408
"""Spence @ cbvju-2iMm"" posts a small blind of 0.10",2024-12-17T21:36:55.484Z,173447141548407
"Player stacks: #1 ""Hanley2 @ LXzsz8PhQN"" (37.65) | #2 ""Declan @ NsC2OJUPB3"" (23.10) | #4 ""Spence @ cbvju-2iMm"" (70.90) | #8 ""willdevens @ sVfd-WUsjU"" (49.20) | #10 ""Davis @ MxiH63B6Pl"" (46.85)",2024-12-17T21:36:55.484Z,173447141548401
"-- starting hand #202 (id: zkytfyqtxn3c)  (No Limit Texas Hold'em) (dealer: ""Declan @ NsC2OJUPB3"") --",2024-12-17T21:36:55.484Z,173447141548400
"Undealt cards: 8♠, 5♣, J♣ [9♠, 9♥]",2024-12-17T21:36:49.799Z,173447140979900
"-- ending hand #201 --",2024-12-17T21:36:49.564Z,173447140956402
"""willdevens @ sVfd-WUsjU"" collected 3.10 from pot",2024-12-17T21:36:49.564Z,173447140956401
"Uncalled bet of 1.25 returned to ""willdevens @ sVfd-WUsjU""",2024-12-17T21:36:49.564Z,173447140956400
"""Spence @ cbvju-2iMm"" folds",2024-12-17T21:36:48.733Z,173447140873300
"""willdevens @ sVfd-WUsjU"" bets 1.25",2024-12-17T21:36:43.718Z,173447140371800
"""Spence @ cbvju-2iMm"" checks",2024-12-17T21:36:39.713Z,173447139971300
"Flop:  [8♠, 5♣, J♣]",2024-12-17T21:36:19.671Z,173447137967100
"""Spence @ cbvju-2iMm"" calls 1.50",2024-12-17T21:36:18.848Z,173447137884800
"""willdevens @ sVfd-WUsjU"" raises to 1.50",2024-12-17T21:36:15.133Z,173447137513300
"""Spence @ cbvju-2iMm"" calls 0.40",2024-12-17T21:36:11.356Z,173447137135600
"""Declan @ NsC2OJUPB3"" folds",2024-12-17T21:36:10.482Z,173447137048200
"""Hanley2 @ LXzsz8PhQN"" folds",2024-12-17T21:36:09.552Z,173447136955200
"""Davis @ MxiH63B6Pl"" folds",2024-12-17T21:36:05.728Z,173447136572800
"""willdevens @ sVfd-WUsjU"" posts a straddle of 0.40",2024-12-17T21:36:04.973Z,173447136497309
"""Spence @ cbvju-2iMm"" posts a big blind of 0.20",2024-12-17T21:36:04.973Z,173447136497308
"""Declan @ NsC2OJUPB3"" posts a small blind of 0.10",2024-12-17T21:36:04.973Z,173447136497307
"Player stacks: #1 ""Hanley2 @ LXzsz8PhQN"" (37.65) | #2 ""Declan @ NsC2OJUPB3"" (23.20) | #4 ""Spence @ cbvju-2iMm"" (72.40) | #8 ""willdevens @ sVfd-WUsjU"" (47.60) | #10 ""Davis @ MxiH63B6Pl"" (46.85)",2024-12-17T21:36:04.973Z,173447136497301
"-- starting hand #201 (id: hwxerdf0oqlz)  (No Limit Texas Hold'em) (dealer: ""Hanley2 @ LXzsz8PhQN"") --",2024-12-17T21:36:04.973Z,173447136497300
"Undealt cards: 5♠, 8♣, 4♠ [9♦, 6♥]",2024-12-17T21:35:59.795Z,173447135979500
"-- ending hand #200 --",2024-12-17T21:35:59.041Z,173447135904102
"""Declan @ NsC2OJUPB3"" collected 4.70 from pot",2024-12-17T21:35:59.041Z,173447135904101
"Uncalled bet of 2.00 returned to ""Declan @ NsC2OJUPB3""",2024-12-17T21:35:59.041Z,173447135904100
"""Davis @ MxiH63B6Pl"" folds",2024-12-17T21:35:58.204Z,173447135820400
"""Spence @ cbvju-2iMm"" folds",2024-12-17T21:35:56.739Z,173447135673900
"""Declan @ NsC2OJUPB3"" bets 2.00",2024-12-17T21:35:55.639Z,173447135563900
"Flop:  [5♠, 8♣, 4♠]",2024-12-17T21:35:47.978Z,173447134797800
"""Hanley2 @ LXzsz8PhQN"" folds",2024-12-17T21:35:47.151Z,173447134715100
"""Davis @ MxiH63B6Pl"" calls 1.50",2024-12-17T21:35:46.159Z,173447134615900
"""Spence @ cbvju-2iMm"" calls 1.50",2024-12-17T21:35:44.712Z,173447134471200
"""Declan @ NsC2OJUPB3"" raises to 1.50",2024-12-17T21:35:43.248Z,173447134324800
"""Hanley2 @ LXzsz8PhQN"" calls 0.20",2024-12-17T21:35:37.998Z,173447133799800
"""Davis @ MxiH63B6Pl"" calls 0.20",2024-12-17T21:35:28.506Z,173447132850600
"The player ""Alex @ 2vIoBF2FSE"" requested a seat.",2024-12-17T21:35:27.608Z,173447132760800
"""willdevens @ sVfd-WUsjU"" folds",2024-12-17T21:35:26.200Z,173447132620000
"""Spence @ cbvju-2iMm"" calls 0.20",2024-12-17T21:35:25.349Z,173447132534900
"""Declan @ NsC2OJUPB3"" posts a big blind of 0.20",2024-12-17T21:35:09.209Z,173447130920909
"""Hanley2 @ LXzsz8PhQN"" posts a small blind of 0.10",2024-12-17T21:35:09.209Z,173447130920908
"Player stacks: #1 ""Hanley2 @ LXzsz8PhQN"" (37.85) | #2 ""Declan @ NsC2OJUPB3"" (20.00) | #4 ""Spence @ cbvju-2iMm"" (73.90) | #8 ""willdevens @ sVfd-WUsjU"" (47.60) | #10 ""Davis @ MxiH63B6Pl"" (48.35)",2024-12-17T21:35:09.209Z,173447130920902
"-- starting hand #200 (id: 0c4ztlqlrhyy)  (No Limit Texas Hold'em) (dealer: ""Davis @ MxiH63B6Pl"") --",2024-12-17T21:35:09.209Z,173447130920901
"The player ""Declan @ NsC2OJUPB3"" joined the game with a stack of 20.00.",2024-12-17T21:35:09.209Z,173447130920900
"""Davis @ MxiH63B6Pl"" shows a 6♠, 8♠.",2024-12-17T21:35:06.027Z,173447130602700
"-- ending hand #199 --",2024-12-17T21:35:05.596Z,173447130559602
"""Davis @ MxiH63B6Pl"" collected 1.70 from pot",2024-12-17T21:35:05.596Z,173447130559601
"Uncalled bet of 6.00 returned to ""Davis @ MxiH63B6Pl""",2024-12-17T21:35:05.596Z,173447130559600
"""willdevens @ sVfd-WUsjU"" folds",2024-12-17T21:35:04.742Z,173447130474200
"""Hanley2 @ LXzsz8PhQN"" folds",2024-12-17T21:35:03.885Z,173447130388500
"""Davis @ MxiH63B6Pl"" bets 6.00",2024-12-17T21:34:59.025Z,173447129902500
"River: 2♠, 5♠, 7♠, A♠ [4♠]",2024-12-17T21:34:52.177Z,173447129217700
"""willdevens @ sVfd-WUsjU"" checks",2024-12-17T21:34:51.307Z,173447129130700
"""Spence @ cbvju-2iMm"" folds",2024-12-17T21:34:50.414Z,173447129041400
"""Hanley2 @ LXzsz8PhQN"" checks",2024-12-17T21:34:49.467Z,173447128946700
"The admin approved the player ""Declan @ NsC2OJUPB3"" participation with a stack of 20.00.",2024-12-17T21:34:43.770Z,173447128377000
"""Davis @ MxiH63B6Pl"" checks",2024-12-17T21:34:40.987Z,173447128098700
"Turn: 2♠, 5♠, 7♠ [A♠]",2024-12-17T21:34:38.038Z,173447127803800
"""willdevens @ sVfd-WUsjU"" checks",2024-12-17T21:34:37.209Z,173447127720900
"""Spence @ cbvju-2iMm"" checks",2024-12-17T21:34:34.795Z,173447127479500
"""Hanley2 @ LXzsz8PhQN"" checks",2024-12-17T21:34:33.181Z,173447127318100
"The player ""Declan @ NsC2OJUPB3"" requested a seat.",2024-12-17T21:34:32.659Z,173447127265900
"""Davis @ MxiH63B6Pl"" checks",2024-12-17T21:34:30.846Z,173447127084600
"Flop:  [2♠, 5♠, 7♠]",2024-12-17T21:34:26.251Z,173447126625100
"""Davis @ MxiH63B6Pl"" calls 0.40",2024-12-17T21:34:25.432Z,173447126543200
"""willdevens @ sVfd-WUsjU"" calls 0.40",2024-12-17T21:34:24.225Z,173447126422500
"""Spence @ cbvju-2iMm"" calls 0.40",2024-12-17T21:34:23.126Z,173447126312600
"""Hanley2 @ LXzsz8PhQN"" raises to 0.40",2024-12-17T21:34:20.987Z,173447126098700
"""Davis @ MxiH63B6Pl"" calls 0.20",2024-12-17T21:34:05.847Z,173447124584700
"""willdevens @ sVfd-WUsjU"" calls 0.20",2024-12-17T21:34:04.466Z,173447124446600
"""Spence @ cbvju-2iMm"" calls 0.20",2024-12-17T21:34:02.923Z,173447124292300
"""Hanley2 @ LXzsz8PhQN"" posts a missing small blind of 0.10",2024-12-17T21:33:50.347Z,173447123034709
"""Hanley2 @ LXzsz8PhQN"" posts a big blind of 0.20",2024-12-17T21:33:50.347Z,173447123034708
"""Davis @ MxiH63B6Pl"" posts a small blind of 0.10",2024-12-17T21:33:50.347Z,173447123034707
"Player stacks: #1 ""Hanley2 @ LXzsz8PhQN"" (38.35) | #4 ""Spence @ cbvju-2iMm"" (74.30) | #8 ""willdevens @ sVfd-WUsjU"" (48.00) | #10 ""Davis @ MxiH63B6Pl"" (47.05)",2024-12-17T21:33:50.347Z,173447123034702
"-- starting hand #199 (id: a7v6a02vypmu)  (No Limit Texas Hold'em) (dealer: ""willdevens @ sVfd-WUsjU"") --",2024-12-17T21:33:50.347Z,173447123034701
"The player ""Hanley2 @ LXzsz8PhQN"" joined the game with a stack of 38.35.",2024-12-17T21:33:50.347Z,173447123034700
"-- ending hand #198 --",2024-12-17T21:33:42.323Z,173447122232302
"""Spence @ cbvju-2iMm"" collected 48.00 from pot with Full House, 9's over 8's on the second run  (combination: 9♦, 9♥, 9♠, 8♦, 8♣)",2024-12-17T21:33:42.323Z,173447122232301
"""willdevens @ sVfd-WUsjU"" collected 48.00 from pot with Three of a Kind, 7's (combination: 7♦, 7♥, 7♣, Q♠, 9♥)",2024-12-17T21:33:42.323Z,173447122232300
"River (second run): 4♠, 9♥, 7♣, 8♣ [9♠]",2024-12-17T21:33:38.307Z,173447121830700
"Turn (second run): 4♠, 9♥, 7♣ [8♣]",2024-12-17T21:33:34.253Z,173447121425300
"River: 4♠, 9♥, 7♣, Q♠ [8♥]",2024-12-17T21:33:30.245Z,173447121024500
"Turn: 4♠, 9♥, 7♣ [Q♠]",2024-12-17T21:33:26.242Z,173447120624200
"""Spence @ cbvju-2iMm"" shows a 8♦, 9♦.",2024-12-17T21:33:22.105Z,173447120210500
"""willdevens @ sVfd-WUsjU"" shows a 7♦, 7♥.",2024-12-17T21:33:21.743Z,173447120174300
"All players in hand choose to run it twice.",2024-12-17T21:33:21.280Z,173447120128001
"""willdevens @ sVfd-WUsjU"" chooses to  run it twice.",2024-12-17T21:33:21.280Z,173447120128000
"""Spence @ cbvju-2iMm"" chooses to  run it twice.",2024-12-17T21:33:20.994Z,173447120099400
"Remaining players decide whether to run it twice.",2024-12-17T21:33:19.652Z,173447119965201
"""Spence @ cbvju-2iMm"" calls 46.80",2024-12-17T21:33:19.652Z,173447119965200
"""willdevens @ sVfd-WUsjU"" raises to 46.80 and go all in",2024-12-17T21:33:07.771Z,173447118777100
"The player ""Hanley2 @ LXzsz8PhQN"" sit back with the stack of 38.35.",2024-12-17T21:33:05.926Z,173447118592600
"""Spence @ cbvju-2iMm"" raises to 3.00",2024-12-17T21:33:05.142Z,173447118514200
"""willdevens @ sVfd-WUsjU"" bets 0.20",2024-12-17T21:33:02.014Z,173447118201400
"Flop:  [4♠, 9♥, 7♣]",2024-12-17T21:33:00.960Z,173447118096000
"""Spence @ cbvju-2iMm"" calls 1.10",2024-12-17T21:33:00.148Z,173447118014800
"""Davis @ MxiH63B6Pl"" folds",2024-12-17T21:32:59.079Z,173447117907900
"""willdevens @ sVfd-WUsjU"" raises to 1.10",2024-12-17T21:32:57.170Z,173447117717000
"""Spence @ cbvju-2iMm"" calls 0.20",2024-12-17T21:32:53.897Z,173447117389700
"""Davis @ MxiH63B6Pl"" posts a big blind of 0.20",2024-12-17T21:32:50.846Z,173447117084606
"""willdevens @ sVfd-WUsjU"" posts a small blind of 0.10",2024-12-17T21:32:50.846Z,173447117084605
"Player stacks: #4 ""Spence @ cbvju-2iMm"" (74.20) | #8 ""willdevens @ sVfd-WUsjU"" (47.90) | #10 ""Davis @ MxiH63B6Pl"" (47.25)",2024-12-17T21:32:50.846Z,173447117084601
"-- starting hand #198 (id: t9zg7zgogqxy)  (No Limit Texas Hold'em) (dealer: ""Spence @ cbvju-2iMm"") --",2024-12-17T21:32:50.846Z,173447117084600
"""Davis @ MxiH63B6Pl"" shows a 9♣.",2024-12-17T21:32:48.037Z,173447116803700
"-- ending hand #197 --",2024-12-17T21:32:47.241Z,173447116724102
"""willdevens @ sVfd-WUsjU"" collected 1.95 from pot",2024-12-17T21:32:47.241Z,173447116724101
"Uncalled bet of 3.50 returned to ""willdevens @ sVfd-WUsjU""",2024-12-17T21:32:47.241Z,173447116724100
"""Spence @ cbvju-2iMm"" folds",2024-12-17T21:32:46.427Z,173447116642700
"""Davis @ MxiH63B6Pl"" folds",2024-12-17T21:32:45.201Z,173447116520100
"""willdevens @ sVfd-WUsjU"" bets 3.50",2024-12-17T21:32:42.366Z,173447116236600
"""Spence @ cbvju-2iMm"" checks",2024-12-17T21:32:39.511Z,173447115951100
"River: 8♣, 5♦, 6♣, 9♠ [K♥]",2024-12-17T21:32:36.635Z,173447115663500
"""Spence @ cbvju-2iMm"" calls 0.45",2024-12-17T21:32:35.775Z,173447115577500
"""Davis @ MxiH63B6Pl"" calls 0.45",2024-12-17T21:32:34.286Z,173447115428600
"""willdevens @ sVfd-WUsjU"" bets 0.45",2024-12-17T21:32:25.573Z,173447114557300
"""Spence @ cbvju-2iMm"" checks",2024-12-17T21:32:20.282Z,173447114028200
"Turn: 8♣, 5♦, 6♣ [9♠]",2024-12-17T21:32:18.906Z,173447113890600
"""Davis @ MxiH63B6Pl"" checks",2024-12-17T21:32:18.085Z,173447113808500
"""willdevens @ sVfd-WUsjU"" checks",2024-12-17T21:32:16.236Z,173447113623600
"""Spence @ cbvju-2iMm"" checks",2024-12-17T21:32:14.374Z,173447113437400
"Flop:  [8♣, 5♦, 6♣]",2024-12-17T21:32:10.806Z,173447113080600
"""willdevens @ sVfd-WUsjU"" checks",2024-12-17T21:32:09.980Z,173447112998000
"""Spence @ cbvju-2iMm"" calls 0.20",2024-12-17T21:32:08.923Z,173447112892300
"""Davis @ MxiH63B6Pl"" calls 0.20",2024-12-17T21:32:01.011Z,173447112101100
"""willdevens @ sVfd-WUsjU"" posts a big blind of 0.20",2024-12-17T21:31:59.327Z,173447111932707
"""Spence @ cbvju-2iMm"" posts a small blind of 0.10",2024-12-17T21:31:59.327Z,173447111932706
"Player stacks: #4 ""Spence @ cbvju-2iMm"" (74.85) | #8 ""willdevens @ sVfd-WUsjU"" (46.60) | #10 ""Davis @ MxiH63B6Pl"" (47.90)",2024-12-17T21:31:59.327Z,173447111932702
"-- starting hand #197 (id: ieqop80jvlyq)  (No Limit Texas Hold'em) (dead button) --",2024-12-17T21:31:59.327Z,173447111932701
"The player ""Kevin @ tbjpqIQSOB"" quits the game with a stack of 0.00.",2024-12-17T21:31:59.327Z,173447111932700
"-- ending hand #196 --",2024-12-17T21:31:51.314Z,173447111131402
"""Spence @ cbvju-2iMm"" collected 11.64 from pot with Two Pair, J's & 10's on the second run  (combination: J♠, J♣, 10♣, 10♠, K♣)",2024-12-17T21:31:51.314Z,173447111131401
"""Spence @ cbvju-2iMm"" collected 11.64 from pot with Pair, J's (combination: J♠, J♦, A♣, 10♣, 5♠)",2024-12-17T21:31:51.314Z,173447111131400
"River (second run): 7♠, K♣, J♣, 3♠ [10♠]",2024-12-17T21:31:47.295Z,173447110729500
"Turn (second run): 7♠, K♣, J♣ [3♠]",2024-12-17T21:31:43.236Z,173447110323600
"Flop (second run):  [7♠, K♣, J♣]",2024-12-17T21:31:39.229Z,173447109922900
"River: 5♠, 4♦, 2♥, A♣ [J♦]",2024-12-17T21:31:35.224Z,173447109522400
"Turn: 5♠, 4♦, 2♥ [A♣]",2024-12-17T21:31:31.221Z,173447109122100
"Flop:  [5♠, 4♦, 2♥]",2024-12-17T21:31:27.171Z,173447108717100
"""Spence @ cbvju-2iMm"" shows a 10♣.",2024-12-17T21:31:23.104Z,173447108310401
"""Kevin @ tbjpqIQSOB"" shows a 8♥, 4♥.",2024-12-17T21:31:23.104Z,173447108310400
"""Spence @ cbvju-2iMm"" shows a J♠.",2024-12-17T21:31:22.652Z,173447108265200
"All players in hand choose to run it twice.",2024-12-17T21:31:22.242Z,173447108224201
"""Kevin @ tbjpqIQSOB"" chooses to  run it twice.",2024-12-17T21:31:22.242Z,173447108224200
"""Spence @ cbvju-2iMm"" chooses to  run it twice.",2024-12-17T21:31:20.992Z,173447108099200
"Remaining players decide whether to run it twice.",2024-12-17T21:31:19.986Z,173447107998601
"""Davis @ MxiH63B6Pl"" folds",2024-12-17T21:31:19.986Z,173447107998600
"""willdevens @ sVfd-WUsjU"" folds",2024-12-17T21:31:19.054Z,173447107905400
"""Spence @ cbvju-2iMm"" calls 11.24",2024-12-17T21:31:18.194Z,173447107819400
"""Kevin @ tbjpqIQSOB"" raises to 11.24 and go all in",2024-12-17T21:31:02.528Z,173447106252800
"""Davis @ MxiH63B6Pl"" calls 0.40",2024-12-17T21:31:00.297Z,173447106029700
"""willdevens @ sVfd-WUsjU"" posts a straddle of 0.40",2024-12-17T21:30:49.672Z,173447104967208
"""Spence @ cbvju-2iMm"" posts a big blind of 0.20",2024-12-17T21:30:49.672Z,173447104967207
"""Kevin @ tbjpqIQSOB"" posts a small blind of 0.10",2024-12-17T21:30:49.672Z,173447104967206
"Player stacks: #3 ""Kevin @ tbjpqIQSOB"" (11.24) | #4 ""Spence @ cbvju-2iMm"" (62.81) | #8 ""willdevens @ sVfd-WUsjU"" (47.00) | #10 ""Davis @ MxiH63B6Pl"" (48.30)",2024-12-17T21:30:49.672Z,173447104967201
"-- starting hand #196 (id: gk81q7gcnffd)  (No Limit Texas Hold'em) (dealer: ""Davis @ MxiH63B6Pl"") --",2024-12-17T21:30:49.672Z,173447104967200
"-- ending hand #195 --",2024-12-17T21:30:46.732Z,173447104673202
"""Spence @ cbvju-2iMm"" collected 7.20 from pot",2024-12-17T21:30:46.732Z,173447104673201
"Uncalled bet of 3.60 returned to ""Spence @ cbvju-2iMm""",2024-12-17T21:30:46.732Z,173447104673200
"""Kevin @ tbjpqIQSOB"" folds",2024-12-17T21:30:45.856Z,173447104585600
"""Spence @ cbvju-2iMm"" bets 3.60",2024-12-17T21:30:44.584Z,173447104458400
"""Kevin @ tbjpqIQSOB"" checks",2024-12-17T21:30:41.086Z,173447104108600
"River: 7♣, K♠, Q♦, 9♠ [6♥]",2024-12-17T21:30:38.531Z,173447103853100
"""Kevin @ tbjpqIQSOB"" calls 2.40",2024-12-17T21:30:37.702Z,173447103770200
"""Davis @ MxiH63B6Pl"" folds",2024-12-17T21:30:36.491Z,173447103649100
"""Spence @ cbvju-2iMm"" bets 2.40",2024-12-17T21:30:35.536Z,173447103553600
"""Kevin @ tbjpqIQSOB"" checks",2024-12-17T21:30:33.179Z,173447103317900
"""Davis @ MxiH63B6Pl"" checks",2024-12-17T21:30:31.972Z,173447103197200
"Turn: 7♣, K♠, Q♦ [9♠]",2024-12-17T21:30:29.991Z,173447102999100
"""Spence @ cbvju-2iMm"" checks",2024-12-17T21:30:29.182Z,173447102918200
"""Kevin @ tbjpqIQSOB"" checks",2024-12-17T21:30:26.899Z,173447102689900
"""Davis @ MxiH63B6Pl"" checks",2024-12-17T21:30:25.439Z,173447102543900
"Flop:  [7♣, K♠, Q♦]",2024-12-17T21:30:24.266Z,173447102426600
"""Davis @ MxiH63B6Pl"" calls 0.80",2024-12-17T21:30:23.399Z,173447102339900
"""Spence @ cbvju-2iMm"" calls 0.80",2024-12-17T21:30:21.969Z,173447102196900
"""Kevin @ tbjpqIQSOB"" raises to 0.80",2024-12-17T21:30:20.866Z,173447102086600
"""Davis @ MxiH63B6Pl"" calls 0.20",2024-12-17T21:30:18.072Z,173447101807200
"""willdevens @ sVfd-WUsjU"" folds",2024-12-17T21:30:15.785Z,173447101578500
"""Spence @ cbvju-2iMm"" calls 0.20",2024-12-17T21:30:14.892Z,173447101489200
"""Kevin @ tbjpqIQSOB"" posts a big blind of 0.20",2024-12-17T21:30:09.151Z,173447100915107
"""Davis @ MxiH63B6Pl"" posts a small blind of 0.10",2024-12-17T21:30:09.151Z,173447100915106
"Player stacks: #3 ""Kevin @ tbjpqIQSOB"" (14.44) | #4 ""Spence @ cbvju-2iMm"" (58.81) | #8 ""willdevens @ sVfd-WUsjU"" (47.00) | #10 ""Davis @ MxiH63B6Pl"" (49.10)",2024-12-17T21:30:09.151Z,173447100915101
"-- starting hand #195 (id: svh4x6jgnjxl)  (No Limit Texas Hold'em) (dealer: ""willdevens @ sVfd-WUsjU"") --",2024-12-17T21:30:09.151Z,173447100915100
"Undealt cards: 2♥, 6♠, 7♦ [J♦, Q♠]",2024-12-17T21:30:03.796Z,173447100379600
"-- ending hand #194 --",2024-12-17T21:30:03.232Z,173447100323202
"""Spence @ cbvju-2iMm"" collected 14.80 from pot",2024-12-17T21:30:03.232Z,173447100323201
"Uncalled bet of 3.50 returned to ""Spence @ cbvju-2iMm""",2024-12-17T21:30:03.232Z,173447100323200
"""willdevens @ sVfd-WUsjU"" folds",2024-12-17T21:30:02.358Z,173447100235800
"""Spence @ cbvju-2iMm"" raises to 7.00",2024-12-17T21:29:55.283Z,173447099528300
"""willdevens @ sVfd-WUsjU"" bets 3.50",2024-12-17T21:29:53.206Z,173447099320600
"Flop:  [2♥, 6♠, 7♦]",2024-12-17T21:29:49.654Z,173447098965400
"""willdevens @ sVfd-WUsjU"" calls 3.80",2024-12-17T21:29:48.780Z,173447098878000
"""Spence @ cbvju-2iMm"" raises to 3.80",2024-12-17T21:29:46.110Z,173447098611000
"""Davis @ MxiH63B6Pl"" folds",2024-12-17T21:29:43.659Z,173447098365900
"""willdevens @ sVfd-WUsjU"" raises to 1.20",2024-12-17T21:29:42.599Z,173447098259900
"""Spence @ cbvju-2iMm"" raises to 0.57",2024-12-17T21:29:36.199Z,173447097619900
"""Kevin @ tbjpqIQSOB"" folds",2024-12-17T21:29:33.259Z,173447097325900
"""Davis @ MxiH63B6Pl"" posts a big blind of 0.20",2024-12-17T21:29:31.925Z,173447097192507
"""willdevens @ sVfd-WUsjU"" posts a small blind of 0.10",2024-12-17T21:29:31.925Z,173447097192506
"Player stacks: #3 ""Kevin @ tbjpqIQSOB"" (14.44) | #4 ""Spence @ cbvju-2iMm"" (51.31) | #8 ""willdevens @ sVfd-WUsjU"" (54.30) | #10 ""Davis @ MxiH63B6Pl"" (49.30)",2024-12-17T21:29:31.925Z,173447097192501
"-- starting hand #194 (id: 9rjf73lvn9fy)  (No Limit Texas Hold'em) (dealer: ""Spence @ cbvju-2iMm"") --",2024-12-17T21:29:31.925Z,173447097192500
"Undealt cards: 4♣, K♠, A♥ [7♥, 3♥]",2024-12-17T21:29:26.809Z,173447096680900
"-- ending hand #193 --",2024-12-17T21:29:25.976Z,173447096597602
"""willdevens @ sVfd-WUsjU"" collected 4.50 from pot",2024-12-17T21:29:25.976Z,173447096597601
"Uncalled bet of 2.50 returned to ""willdevens @ sVfd-WUsjU""",2024-12-17T21:29:25.976Z,173447096597600
"""Spence @ cbvju-2iMm"" folds",2024-12-17T21:29:25.117Z,173447096511700
"""Kevin @ tbjpqIQSOB"" folds",2024-12-17T21:29:23.983Z,173447096398300
"""willdevens @ sVfd-WUsjU"" bets 2.50",2024-12-17T21:29:22.129Z,173447096212900
"""Spence @ cbvju-2iMm"" checks",2024-12-17T21:29:19.575Z,173447095957500
"Flop:  [4♣, K♠, A♥]",2024-12-17T21:29:16.957Z,173447095695700
"""Spence @ cbvju-2iMm"" calls 1.50",2024-12-17T21:29:16.099Z,173447095609900
"""Kevin @ tbjpqIQSOB"" calls 1.50",2024-12-17T21:29:14.225Z,173447095422500
"""willdevens @ sVfd-WUsjU"" raises to 1.50",2024-12-17T21:29:12.959Z,173447095295900
"""Spence @ cbvju-2iMm"" calls 0.40",2024-12-17T21:29:10.063Z,173447095006300
"""Kevin @ tbjpqIQSOB"" raises to 0.40",2024-12-17T21:29:07.767Z,173447094776700
"""Davis @ MxiH63B6Pl"" folds",2024-12-17T21:29:06.170Z,173447094617000
"""willdevens @ sVfd-WUsjU"" posts a big blind of 0.20",2024-12-17T21:29:03.928Z,173447094392807
"""Spence @ cbvju-2iMm"" posts a small blind of 0.10",2024-12-17T21:29:03.928Z,173447094392806
"Player stacks: #3 ""Kevin @ tbjpqIQSOB"" (15.94) | #4 ""Spence @ cbvju-2iMm"" (52.81) | #8 ""willdevens @ sVfd-WUsjU"" (51.30) | #10 ""Davis @ MxiH63B6Pl"" (49.30)",2024-12-17T21:29:03.928Z,173447094392801
"-- starting hand #193 (id: zuoubyl54nh6)  (No Limit Texas Hold'em) (dealer: ""Kevin @ tbjpqIQSOB"") --",2024-12-17T21:29:03.928Z,173447094392800
"Undealt cards: Q♣, 9♠, A♥ [6♥, 9♦]",2024-12-17T21:28:58.797Z,173447093879700
"-- ending hand #192 --",2024-12-17T21:28:57.981Z,173447093798102
"""Kevin @ tbjpqIQSOB"" collected 1.80 from pot",2024-12-17T21:28:57.981Z,173447093798101
"Uncalled bet of 0.20 returned to ""Kevin @ tbjpqIQSOB""",2024-12-17T21:28:57.981Z,173447093798100
"""willdevens @ sVfd-WUsjU"" folds",2024-12-17T21:28:57.153Z,173447093715300
"""Spence @ cbvju-2iMm"" folds",2024-12-17T21:28:56.280Z,173447093628000
"""Kevin @ tbjpqIQSOB"" bets 0.20",2024-12-17T21:28:55.339Z,173447093533900
"Flop:  [Q♣, 9♠, A♥]",2024-12-17T21:28:52.382Z,173447093238200
"""willdevens @ sVfd-WUsjU"" calls 0.60",2024-12-17T21:28:51.565Z,173447093156500
"""Spence @ cbvju-2iMm"" calls 0.60",2024-12-17T21:28:50.645Z,173447093064500
"""Kevin @ tbjpqIQSOB"" raises to 0.60",2024-12-17T21:28:49.471Z,173447092947100
"""Davis @ MxiH63B6Pl"" folds",2024-12-17T21:28:47.411Z,173447092741100
"""willdevens @ sVfd-WUsjU"" posts a straddle of 0.40",2024-12-17T21:28:45.873Z,173447092587308
"""Spence @ cbvju-2iMm"" posts a big blind of 0.20",2024-12-17T21:28:45.873Z,173447092587307
"""Kevin @ tbjpqIQSOB"" posts a small blind of 0.10",2024-12-17T21:28:45.873Z,173447092587306
"Player stacks: #3 ""Kevin @ tbjpqIQSOB"" (14.74) | #4 ""Spence @ cbvju-2iMm"" (53.41) | #8 ""willdevens @ sVfd-WUsjU"" (51.90) | #10 ""Davis @ MxiH63B6Pl"" (49.30)",2024-12-17T21:28:45.873Z,173447092587301
"-- starting hand #192 (id: albxwguticmv)  (No Limit Texas Hold'em) (dealer: ""Davis @ MxiH63B6Pl"") --",2024-12-17T21:28:45.873Z,173447092587300
"Undealt cards:  [8♦, 8♥, A♥, 7♦, 5♣]",2024-12-17T21:28:40.799Z,173447092079900
"-- ending hand #191 --",2024-12-17T21:28:39.963Z,173447091996302
"""Kevin @ tbjpqIQSOB"" collected 0.20 from pot",2024-12-17T21:28:39.963Z,173447091996301
"Uncalled bet of 0.10 returned to ""Kevin @ tbjpqIQSOB""",2024-12-17T21:28:39.963Z,173447091996300
"""Davis @ MxiH63B6Pl"" folds",2024-12-17T21:28:39.092Z,173447091909200
"""willdevens @ sVfd-WUsjU"" folds",2024-12-17T21:28:38.104Z,173447091810400
"""Spence @ cbvju-2iMm"" folds",2024-12-17T21:28:34.364Z,173447091436400
"""Kevin @ tbjpqIQSOB"" posts a big blind of 0.20",2024-12-17T21:28:33.070Z,173447091307007
"""Davis @ MxiH63B6Pl"" posts a small blind of 0.10",2024-12-17T21:28:33.070Z,173447091307006
"Player stacks: #3 ""Kevin @ tbjpqIQSOB"" (14.64) | #4 ""Spence @ cbvju-2iMm"" (53.41) | #8 ""willdevens @ sVfd-WUsjU"" (51.90) | #10 ""Davis @ MxiH63B6Pl"" (49.40)",2024-12-17T21:28:33.070Z,173447091307001
"-- starting hand #191 (id: e3inoqmuy2uq)  (No Limit Texas Hold'em) (dealer: ""willdevens @ sVfd-WUsjU"") --",2024-12-17T21:28:33.070Z,173447091307000
"-- ending hand #190 --",2024-12-17T21:28:30.146Z,173447091014602
"""Kevin @ tbjpqIQSOB"" collected 2.20 from pot",2024-12-17T21:28:30.146Z,173447091014601
"Uncalled bet of 2.00 returned to ""Kevin @ tbjpqIQSOB""",2024-12-17T21:28:30.146Z,173447091014600
"""Spence @ cbvju-2iMm"" folds",2024-12-17T21:28:29.295Z,173447090929500
"""Kevin @ tbjpqIQSOB"" bets 2.00",2024-12-17T21:28:22.382Z,173447090238200
"River: 3♦, 9♣, 10♥, K♥ [J♦]",2024-12-17T21:28:14.703Z,173447089470300
"""willdevens @ sVfd-WUsjU"" folds",2024-12-17T21:28:13.868Z,173447089386800
"""Spence @ cbvju-2iMm"" calls 0.40",2024-12-17T21:28:10.298Z,173447089029800
"""Kevin @ tbjpqIQSOB"" bets 0.40",2024-12-17T21:28:07.078Z,173447088707800
"""willdevens @ sVfd-WUsjU"" checks",2024-12-17T21:28:03.635Z,173447088363500
"Turn: 3♦, 9♣, 10♥ [K♥]",2024-12-17T21:28:00.876Z,173447088087600
"""Spence @ cbvju-2iMm"" checks",2024-12-17T21:28:00.050Z,173447088005000
"""Kevin @ tbjpqIQSOB"" checks",2024-12-17T21:27:58.171Z,173447087817100
"""willdevens @ sVfd-WUsjU"" checks",2024-12-17T21:27:56.242Z,173447087624200
"Flop:  [3♦, 9♣, 10♥]",2024-12-17T21:27:54.756Z,173447087475600
"""Davis @ MxiH63B6Pl"" folds",2024-12-17T21:27:53.892Z,173447087389200
"""willdevens @ sVfd-WUsjU"" calls 0.40",2024-12-17T21:27:52.633Z,173447087263300
"""Spence @ cbvju-2iMm"" calls 0.40",2024-12-17T21:27:46.334Z,173447086633400
"""Kevin @ tbjpqIQSOB"" raises to 0.40",2024-12-17T21:27:44.644Z,173447086464400
"""Davis @ MxiH63B6Pl"" posts a big blind of 0.20",2024-12-17T21:27:42.661Z,173447086266107
"""willdevens @ sVfd-WUsjU"" posts a small blind of 0.10",2024-12-17T21:27:42.661Z,173447086266106
"Player stacks: #3 ""Kevin @ tbjpqIQSOB"" (13.24) | #4 ""Spence @ cbvju-2iMm"" (54.21) | #8 ""willdevens @ sVfd-WUsjU"" (52.30) | #10 ""Davis @ MxiH63B6Pl"" (49.60)",2024-12-17T21:27:42.661Z,173447086266101
"-- starting hand #190 (id: ayi5ysvg5gff)  (No Limit Texas Hold'em) (dealer: ""Spence @ cbvju-2iMm"") --",2024-12-17T21:27:42.661Z,173447086266100
"Undealt cards: Q♠, 5♣, 5♠ [7♦, 7♥]",2024-12-17T21:27:36.802Z,173447085680200
"-- ending hand #189 --",2024-12-17T21:27:36.712Z,173447085671202
"""willdevens @ sVfd-WUsjU"" collected 2.20 from pot",2024-12-17T21:27:36.712Z,173447085671201
"Uncalled bet of 1.10 returned to ""willdevens @ sVfd-WUsjU""",2024-12-17T21:27:36.712Z,173447085671200
"""Spence @ cbvju-2iMm"" folds",2024-12-17T21:27:35.853Z,173447085585300
"""willdevens @ sVfd-WUsjU"" bets 1.10",2024-12-17T21:27:33.455Z,173447085345500
"""Spence @ cbvju-2iMm"" checks",2024-12-17T21:27:30.998Z,173447085099800
"Flop:  [Q♠, 5♣, 5♠]",2024-12-17T21:27:25.439Z,173447084543900
"""Spence @ cbvju-2iMm"" calls 1.10",2024-12-17T21:27:24.583Z,173447084458300
"""willdevens @ sVfd-WUsjU"" raises to 1.10",2024-12-17T21:27:23.398Z,173447084339800
"""Spence @ cbvju-2iMm"" calls 0.20",2024-12-17T21:27:21.464Z,173447084146400
"""Kevin @ tbjpqIQSOB"" folds",2024-12-17T21:27:15.928Z,173447083592800
"""Davis @ MxiH63B6Pl"" folds",2024-12-17T21:27:12.272Z,173447083227200
"""willdevens @ sVfd-WUsjU"" posts a big blind of 0.20",2024-12-17T21:27:11.302Z,173447083130208
"""Spence @ cbvju-2iMm"" posts a small blind of 0.10",2024-12-17T21:27:11.302Z,173447083130207
"Player stacks: #3 ""Kevin @ tbjpqIQSOB"" (13.24) | #4 ""Spence @ cbvju-2iMm"" (55.31) | #8 ""willdevens @ sVfd-WUsjU"" (51.20) | #10 ""Davis @ MxiH63B6Pl"" (49.60)",2024-12-17T21:27:11.302Z,173447083130202
"-- starting hand #189 (id: bywvfg3emnql)  (No Limit Texas Hold'em) (dealer: ""Kevin @ tbjpqIQSOB"") --",2024-12-17T21:27:11.302Z,173447083130201
"The player ""Max Roman @ oiOtU2XuYt"" quits the game with a stack of 0.00.",2024-12-17T21:27:11.302Z,173447083130200
"""willdevens @ sVfd-WUsjU"" shows a 7♥.",2024-12-17T21:27:08.234Z,173447082823400
"-- ending hand #188 --",2024-12-17T21:27:04.776Z,173447082477603
"""Max Roman @ oiOtU2XuYt"" shows a 2♦, A♦.",2024-12-17T21:27:04.776Z,173447082477602
"""Spence @ cbvju-2iMm"" collected 47.18 from pot with Full House, 7's over Q's (combination: 7♠, 7♦, 7♣, Q♣, Q♦)",2024-12-17T21:27:04.776Z,173447082477601
"""Spence @ cbvju-2iMm"" shows a 7♠, Q♣.",2024-12-17T21:27:04.776Z,173447082477600
"""Max Roman @ oiOtU2XuYt"" calls 18.94 and go all in",2024-12-17T21:27:03.941Z,173447082394100
"""Spence @ cbvju-2iMm"" raises to 18.94",2024-12-17T21:27:02.335Z,173447082233500
"""Max Roman @ oiOtU2XuYt"" bets 10.00",2024-12-17T21:26:59.874Z,173447081987400
"""Spence @ cbvju-2iMm"" checks",2024-12-17T21:26:48.869Z,173447080886900
"River: Q♦, 7♦, K♦, 7♣ [6♦]",2024-12-17T21:26:46.393Z,173447080639300
"""Spence @ cbvju-2iMm"" calls 2.79",2024-12-17T21:26:45.517Z,173447080551700
"""Max Roman @ oiOtU2XuYt"" bets 2.79",2024-12-17T21:26:42.640Z,173447080264000
"""Spence @ cbvju-2iMm"" checks",2024-12-17T21:26:37.925Z,173447079792500
"Turn: Q♦, 7♦, K♦ [7♣]",2024-12-17T21:26:32.725Z,173447079272500
"""Max Roman @ oiOtU2XuYt"" calls 1.24",2024-12-17T21:26:31.853Z,173447079185300
"""Spence @ cbvju-2iMm"" bets 1.24",2024-12-17T21:26:24.586Z,173447078458600
"Flop:  [Q♦, 7♦, K♦]",2024-12-17T21:26:19.504Z,173447077950400
"""Spence @ cbvju-2iMm"" calls 0.57",2024-12-17T21:26:18.648Z,173447077864800
"""Kevin @ tbjpqIQSOB"" folds",2024-12-17T21:26:17.562Z,173447077756200
"""Davis @ MxiH63B6Pl"" folds",2024-12-17T21:26:15.419Z,173447077541900
"""willdevens @ sVfd-WUsjU"" folds",2024-12-17T21:26:14.534Z,173447077453400
"""Max Roman @ oiOtU2XuYt"" raises to 0.57",2024-12-17T21:26:13.678Z,173447077367800
"""Spence @ cbvju-2iMm"" posts a big blind of 0.20",2024-12-17T21:26:09.288Z,173447076928808
"""Kevin @ tbjpqIQSOB"" posts a small blind of 0.10",2024-12-17T21:26:09.288Z,173447076928807
"Player stacks: #3 ""Kevin @ tbjpqIQSOB"" (13.34) | #4 ""Spence @ cbvju-2iMm"" (31.67) | #5 ""Max Roman @ oiOtU2XuYt"" (23.54) | #8 ""willdevens @ sVfd-WUsjU"" (51.20) | #10 ""Davis @ MxiH63B6Pl"" (49.60)",2024-12-17T21:26:09.288Z,173447076928801
"-- starting hand #188 (id: asyhjueqztqi)  (No Limit Texas Hold'em) (dealer: ""Davis @ MxiH63B6Pl"") --",2024-12-17T21:26:09.288Z,173447076928800
"Undealt cards: 3♠, J♠, 9♣ [Q♦, 8♥]",2024-12-17T21:26:03.787Z,173447076378700
"-- ending hand #187 --",2024-12-17T21:26:03.300Z,173447076330002
"""Spence @ cbvju-2iMm"" collected 2.50 from pot",2024-12-17T21:26:03.300Z,173447076330001
"Uncalled bet of 29.17 returned to ""Spence @ cbvju-2iMm""",2024-12-17T21:26:03.300Z,173447076330000
"""willdevens @ sVfd-WUsjU"" folds",2024-12-17T21:26:02.452Z,173447076245200
"""Spence @ cbvju-2iMm"" bets 29.17 and go all in",2024-12-17T21:25:58.630Z,173447075863000
"Flop:  [3♠, J♠, 9♣]",2024-12-17T21:25:54.837Z,173447075483700
"""Spence @ cbvju-2iMm"" calls 1.10",2024-12-17T21:25:53.983Z,173447075398300
"""Kevin @ tbjpqIQSOB"" folds",2024-12-17T21:25:51.967Z,173447075196700
"""Davis @ MxiH63B6Pl"" folds",2024-12-17T21:25:51.042Z,173447075104200
"""willdevens @ sVfd-WUsjU"" raises to 1.10",2024-12-17T21:25:50.134Z,173447075013400
"""Max Roman @ oiOtU2XuYt"" folds",2024-12-17T21:25:47.942Z,173447074794200
"""Spence @ cbvju-2iMm"" calls 0.20",2024-12-17T21:25:46.996Z,173447074699600
"""Kevin @ tbjpqIQSOB"" posts a big blind of 0.20",2024-12-17T21:25:45.429Z,173447074542908
"""Davis @ MxiH63B6Pl"" posts a small blind of 0.10",2024-12-17T21:25:45.429Z,173447074542907
"Player stacks: #3 ""Kevin @ tbjpqIQSOB"" (13.54) | #4 ""Spence @ cbvju-2iMm"" (30.27) | #5 ""Max Roman @ oiOtU2XuYt"" (23.54) | #8 ""willdevens @ sVfd-WUsjU"" (52.30) | #10 ""Davis @ MxiH63B6Pl"" (49.70)",2024-12-17T21:25:45.429Z,173447074542901
"-- starting hand #187 (id: 0pwfuxgifr5t)  (No Limit Texas Hold'em) (dealer: ""willdevens @ sVfd-WUsjU"") --",2024-12-17T21:25:45.429Z,173447074542900
"""Max Roman @ oiOtU2XuYt"" shows a 3♥, 3♣.",2024-12-17T21:25:39.969Z,173447073996900
"Undealt cards:  [A♦, 6♥, 6♣, K♠, A♥]",2024-12-17T21:25:39.781Z,173447073978100
"-- ending hand #186 --",2024-12-17T21:25:38.816Z,173447073881602
"""Spence @ cbvju-2iMm"" collected 1.10 from pot",2024-12-17T21:25:38.816Z,173447073881601
"Uncalled bet of 29.17 returned to ""Spence @ cbvju-2iMm""",2024-12-17T21:25:38.816Z,173447073881600
"""Kevin @ tbjpqIQSOB"" folds",2024-12-17T21:25:37.994Z,173447073799400
"""Davis @ MxiH63B6Pl"" folds",2024-12-17T21:25:35.485Z,173447073548500
"""willdevens @ sVfd-WUsjU"" folds",2024-12-17T21:25:34.535Z,173447073453500
"""Max Roman @ oiOtU2XuYt"" folds",2024-12-17T21:25:33.663Z,173447073366300
"""Spence @ cbvju-2iMm"" raises to 29.57 and go all in",2024-12-17T21:25:31.632Z,173447073163200
"""Kevin @ tbjpqIQSOB"" raises to 0.40",2024-12-17T21:25:29.210Z,173447072921000
"""Davis @ MxiH63B6Pl"" posts a big blind of 0.20",2024-12-17T21:25:26.685Z,173447072668508
"""willdevens @ sVfd-WUsjU"" posts a small blind of 0.10",2024-12-17T21:25:26.685Z,173447072668507
"Player stacks: #3 ""Kevin @ tbjpqIQSOB"" (13.94) | #4 ""Spence @ cbvju-2iMm"" (29.57) | #5 ""Max Roman @ oiOtU2XuYt"" (23.54) | #8 ""willdevens @ sVfd-WUsjU"" (52.40) | #10 ""Davis @ MxiH63B6Pl"" (49.90)",2024-12-17T21:25:26.685Z,173447072668501
"-- starting hand #186 (id: zihijpdpazn0)  (No Limit Texas Hold'em) (dealer: ""Max Roman @ oiOtU2XuYt"") --",2024-12-17T21:25:26.685Z,173447072668500
"Undealt cards: 7♦, 4♠, K♣ [3♠, A♦]",2024-12-17T21:25:21.791Z,173447072179100
"-- ending hand #185 --",2024-12-17T21:25:20.770Z,173447072077002
"""Kevin @ tbjpqIQSOB"" collected 0.60 from pot",2024-12-17T21:25:20.770Z,173447072077001
"Uncalled bet of 0.20 returned to ""Kevin @ tbjpqIQSOB""",2024-12-17T21:25:20.770Z,173447072077000
"""willdevens @ sVfd-WUsjU"" folds",2024-12-17T21:25:19.926Z,173447071992600
"""Max Roman @ oiOtU2XuYt"" folds",2024-12-17T21:25:19.053Z,173447071905300
"""Kevin @ tbjpqIQSOB"" bets 0.20",2024-12-17T21:25:16.752Z,173447071675200
"""willdevens @ sVfd-WUsjU"" checks",2024-12-17T21:25:14.388Z,173447071438800
"""Max Roman @ oiOtU2XuYt"" checks",2024-12-17T21:25:12.577Z,173447071257700
"Flop:  [7♦, 4♠, K♣]",2024-12-17T21:25:09.925Z,173447070992500
"""willdevens @ sVfd-WUsjU"" checks",2024-12-17T21:25:09.116Z,173447070911600
"""Max Roman @ oiOtU2XuYt"" calls 0.20",2024-12-17T21:25:07.514Z,173447070751400
"""Spence @ cbvju-2iMm"" folds",2024-12-17T21:25:06.126Z,173447070612600
"""Kevin @ tbjpqIQSOB"" calls 0.20",2024-12-17T21:25:04.817Z,173447070481700
"""Davis @ MxiH63B6Pl"" folds",2024-12-17T21:25:03.865Z,173447070386500
"""willdevens @ sVfd-WUsjU"" posts a big blind of 0.20",2024-12-17T21:25:02.761Z,173447070276108
"""Max Roman @ oiOtU2XuYt"" posts a small blind of 0.10",2024-12-17T21:25:02.761Z,173447070276107
"Player stacks: #3 ""Kevin @ tbjpqIQSOB"" (13.54) | #4 ""Spence @ cbvju-2iMm"" (29.57) | #5 ""Max Roman @ oiOtU2XuYt"" (23.74) | #8 ""willdevens @ sVfd-WUsjU"" (52.60) | #10 ""Davis @ MxiH63B6Pl"" (49.90)",2024-12-17T21:25:02.761Z,173447070276101
"-- starting hand #185 (id: bngcs4beeb8i)  (No Limit Texas Hold'em) (dealer: ""Spence @ cbvju-2iMm"") --",2024-12-17T21:25:02.761Z,173447070276100
"""Max Roman @ oiOtU2XuYt"" shows a 5♠, 5♥.",2024-12-17T21:24:57.234Z,173447069723400
"Undealt cards:  [A♠, 8♥, 3♣, 6♠, A♥]",2024-12-17T21:24:56.791Z,173447069679100
"-- ending hand #184 --",2024-12-17T21:24:56.137Z,173447069613702
"""Spence @ cbvju-2iMm"" collected 2.20 from pot",2024-12-17T21:24:56.137Z,173447069613701
"Uncalled bet of 27.37 returned to ""Spence @ cbvju-2iMm""",2024-12-17T21:24:56.137Z,173447069613700
"""Kevin @ tbjpqIQSOB"" folds",2024-12-17T21:24:55.314Z,173447069531400
"""willdevens @ sVfd-WUsjU"" folds",2024-12-17T21:24:53.336Z,173447069333600
"""Max Roman @ oiOtU2XuYt"" folds",2024-12-17T21:24:52.469Z,173447069246900
"""Spence @ cbvju-2iMm"" raises to 28.17 and go all in",2024-12-17T21:24:50.952Z,173447069095200
"""Kevin @ tbjpqIQSOB"" raises to 0.80",2024-12-17T21:24:48.234Z,173447068823400
"""Davis @ MxiH63B6Pl"" folds",2024-12-17T21:24:44.670Z,173447068467000
"""willdevens @ sVfd-WUsjU"" posts a straddle of 0.40",2024-12-17T21:24:43.768Z,173447068376809
"""Max Roman @ oiOtU2XuYt"" posts a big blind of 0.20",2024-12-17T21:24:43.768Z,173447068376808
"""Spence @ cbvju-2iMm"" posts a small blind of 0.10",2024-12-17T21:24:43.768Z,173447068376807
"Player stacks: #3 ""Kevin @ tbjpqIQSOB"" (14.34) | #4 ""Spence @ cbvju-2iMm"" (28.17) | #5 ""Max Roman @ oiOtU2XuYt"" (23.94) | #8 ""willdevens @ sVfd-WUsjU"" (53.00) | #10 ""Davis @ MxiH63B6Pl"" (49.90)",2024-12-17T21:24:43.768Z,173447068376801
"-- starting hand #184 (id: eiugeomq7z6n)  (No Limit Texas Hold'em) (dealer: ""Kevin @ tbjpqIQSOB"") --",2024-12-17T21:24:43.768Z,173447068376800
"Undealt cards: 10♦, Q♦, 6♥ [A♠, Q♣]",2024-12-17T21:24:38.783Z,173447067878300
"-- ending hand #183 --",2024-12-17T21:24:37.817Z,173447067781701
"""Kevin @ tbjpqIQSOB"" collected 1.20 from pot",2024-12-17T21:24:37.817Z,173447067781700
"""Spence @ cbvju-2iMm"" folds",2024-12-17T21:24:36.964Z,173447067696400
"""Kevin @ tbjpqIQSOB"" checks",2024-12-17T21:24:34.966Z,173447067496600
"Flop:  [10♦, Q♦, 6♥]",2024-12-17T21:24:33.414Z,173447067341400
"""Spence @ cbvju-2iMm"" calls 0.60",2024-12-17T21:24:32.561Z,173447067256100
"""Kevin @ tbjpqIQSOB"" raises to 0.60",2024-12-17T21:24:31.378Z,173447067137800
"""Davis @ MxiH63B6Pl"" folds",2024-12-17T21:24:27.896Z,173447066789600
"""willdevens @ sVfd-WUsjU"" folds",2024-12-17T21:24:27.010Z,173447066701000
"""Max Roman @ oiOtU2XuYt"" folds",2024-12-17T21:24:09.318Z,173447064931800
"""Spence @ cbvju-2iMm"" posts a big blind of 0.20",2024-12-17T21:24:07.505Z,173447064750508
"""Kevin @ tbjpqIQSOB"" posts a small blind of 0.10",2024-12-17T21:24:07.505Z,173447064750507
"Player stacks: #3 ""Kevin @ tbjpqIQSOB"" (13.74) | #4 ""Spence @ cbvju-2iMm"" (28.77) | #5 ""Max Roman @ oiOtU2XuYt"" (23.94) | #8 ""willdevens @ sVfd-WUsjU"" (53.00) | #10 ""Davis @ MxiH63B6Pl"" (49.90)",2024-12-17T21:24:07.505Z,173447064750501
"-- starting hand #183 (id: ztge8lnb7m4o)  (No Limit Texas Hold'em) (dealer: ""Davis @ MxiH63B6Pl"") --",2024-12-17T21:24:07.505Z,173447064750500
"-- ending hand #182 --",2024-12-17T21:24:01.490Z,173447064149002
"""Kevin @ tbjpqIQSOB"" collected 4.50 from pot with Two Pair, 9's & 7's (combination: 9♣, 9♦, 7♣, 7♦, A♠)",2024-12-17T21:24:01.490Z,173447064149001
"""Kevin @ tbjpqIQSOB"" shows a 9♣, 7♣.",2024-12-17T21:24:01.490Z,173447064149000
"""Spence @ cbvju-2iMm"" checks",2024-12-17T21:24:00.604Z,173447064060400
"""Kevin @ tbjpqIQSOB"" checks",2024-12-17T21:23:59.045Z,173447063904500
"River: 7♦, 9♦, 8♣, A♠ [6♠]",2024-12-17T21:23:56.784Z,173447063678400
"""Spence @ cbvju-2iMm"" checks",2024-12-17T21:23:55.979Z,173447063597900
"""Kevin @ tbjpqIQSOB"" checks",2024-12-17T21:23:54.508Z,173447063450800
"Turn: 7♦, 9♦, 8♣ [A♠]",2024-12-17T21:23:52.336Z,173447063233600
"""Kevin @ tbjpqIQSOB"" calls 1.50",2024-12-17T21:23:51.481Z,173447063148100
"""Spence @ cbvju-2iMm"" bets 1.50",2024-12-17T21:23:47.841Z,173447062784100
"""Kevin @ tbjpqIQSOB"" checks",2024-12-17T21:23:45.191Z,173447062519100
"Flop:  [7♦, 9♦, 8♣]",2024-12-17T21:23:41.498Z,173447062149800
"""Kevin @ tbjpqIQSOB"" calls 0.70",2024-12-17T21:23:40.667Z,173447062066700
"""Davis @ MxiH63B6Pl"" folds",2024-12-17T21:23:38.844Z,173447061884400
"""willdevens @ sVfd-WUsjU"" folds",2024-12-17T21:23:36.518Z,173447061651800
"""Max Roman @ oiOtU2XuYt"" folds",2024-12-17T21:23:35.637Z,173447061563700
"""Spence @ cbvju-2iMm"" raises to 0.70",2024-12-17T21:23:33.450Z,173447061345000
"""Kevin @ tbjpqIQSOB"" posts a big blind of 0.20",2024-12-17T21:23:29.193Z,173447060919308
"""Davis @ MxiH63B6Pl"" posts a small blind of 0.10",2024-12-17T21:23:29.193Z,173447060919307
"Player stacks: #3 ""Kevin @ tbjpqIQSOB"" (11.44) | #4 ""Spence @ cbvju-2iMm"" (30.97) | #5 ""Max Roman @ oiOtU2XuYt"" (23.94) | #8 ""willdevens @ sVfd-WUsjU"" (53.00) | #10 ""Davis @ MxiH63B6Pl"" (50.00)",2024-12-17T21:23:29.193Z,173447060919301
"-- starting hand #182 (id: gwzrk4sxn6cv)  (No Limit Texas Hold'em) (dealer: ""willdevens @ sVfd-WUsjU"") --",2024-12-17T21:23:29.193Z,173447060919300
"The player ""Alex @ 2vIoBF2FSE"" canceled the seat request.",2024-12-17T21:23:27.301Z,173447060730100
"""Kevin @ tbjpqIQSOB"" shows a A♦.",2024-12-17T21:23:26.134Z,173447060613400
"""Spence @ cbvju-2iMm"" shows a 2♦.",2024-12-17T21:23:25.871Z,173447060587100
"-- ending hand #181 --",2024-12-17T21:23:24.851Z,173447060485102
"""Max Roman @ oiOtU2XuYt"" collected 7.60 from pot",2024-12-17T21:23:24.851Z,173447060485101
"Uncalled bet of 2.00 returned to ""Max Roman @ oiOtU2XuYt""",2024-12-17T21:23:24.851Z,173447060485100
"""Kevin @ tbjpqIQSOB"" folds",2024-12-17T21:23:24.038Z,173447060403800
"""Max Roman @ oiOtU2XuYt"" bets 2.00",2024-12-17T21:23:20.120Z,173447060012000
"""Kevin @ tbjpqIQSOB"" checks",2024-12-17T21:23:13.882Z,173447059388200
"River: K♠, 2♣, 2♥, 2♠ [8♠]",2024-12-17T21:23:11.233Z,173447059123300
"""Kevin @ tbjpqIQSOB"" calls 1.90",2024-12-17T21:23:10.382Z,173447059038200
"""Max Roman @ oiOtU2XuYt"" bets 1.90",2024-12-17T21:23:08.385Z,173447058838500
"""Kevin @ tbjpqIQSOB"" checks",2024-12-17T21:23:04.928Z,173447058492800
"Turn: K♠, 2♣, 2♥ [2♠]",2024-12-17T21:23:01.939Z,173447058193900
"""Max Roman @ oiOtU2XuYt"" checks",2024-12-17T21:23:01.129Z,173447058112900
"""Kevin @ tbjpqIQSOB"" checks",2024-12-17T21:22:58.968Z,173447057896800
"Flop:  [K♠, 2♣, 2♥]",2024-12-17T21:22:56.199Z,173447057619900
"""Kevin @ tbjpqIQSOB"" calls 1.75",2024-12-17T21:22:55.387Z,173447057538700
"""Davis @ MxiH63B6Pl"" folds",2024-12-17T21:22:54.097Z,173447057409700
"""willdevens @ sVfd-WUsjU"" folds",2024-12-17T21:22:52.872Z,173447057287200
"""Max Roman @ oiOtU2XuYt"" raises to 1.75",2024-12-17T21:22:51.997Z,173447057199700
"""Spence @ cbvju-2iMm"" folds",2024-12-17T21:22:47.353Z,173447056735300
"""Kevin @ tbjpqIQSOB"" raises to 0.80",2024-12-17T21:22:46.271Z,173447056627100
"""Davis @ MxiH63B6Pl"" posts a big blind of 0.20",2024-12-17T21:22:42.421Z,173447056242108
"""willdevens @ sVfd-WUsjU"" posts a small blind of 0.10",2024-12-17T21:22:42.421Z,173447056242107
"Player stacks: #3 ""Kevin @ tbjpqIQSOB"" (15.09) | #4 ""Spence @ cbvju-2iMm"" (30.97) | #5 ""Max Roman @ oiOtU2XuYt"" (19.99) | #8 ""willdevens @ sVfd-WUsjU"" (53.10) | #10 ""Davis @ MxiH63B6Pl"" (50.20)",2024-12-17T21:22:42.421Z,173447056242101
"-- starting hand #181 (id: il9u0pqlwi0o)  (No Limit Texas Hold'em) (dealer: ""Max Roman @ oiOtU2XuYt"") --",2024-12-17T21:22:42.421Z,173447056242100
"""willdevens @ sVfd-WUsjU"" shows a 10♦.",2024-12-17T21:22:39.918Z,173447055991800
"Undealt cards:  [9♥, 8♠, 4♥, Q♣, J♦]",2024-12-17T21:22:36.781Z,173447055678100
"-- ending hand #180 --",2024-12-17T21:22:35.810Z,173447055581002
"""willdevens @ sVfd-WUsjU"" collected 0.20 from pot",2024-12-17T21:22:35.810Z,173447055581001
"Uncalled bet of 0.10 returned to ""willdevens @ sVfd-WUsjU""",2024-12-17T21:22:35.810Z,173447055581000
"""Max Roman @ oiOtU2XuYt"" folds",2024-12-17T21:22:34.958Z,173447055495800
"""Spence @ cbvju-2iMm"" folds",2024-12-17T21:22:31.524Z,173447055152400
"""Kevin @ tbjpqIQSOB"" folds",2024-12-17T21:22:30.548Z,173447055054800
"""Davis @ MxiH63B6Pl"" folds",2024-12-17T21:22:29.457Z,173447054945700
"""willdevens @ sVfd-WUsjU"" posts a big blind of 0.20",2024-12-17T21:22:25.806Z,173447054580609
"""Max Roman @ oiOtU2XuYt"" posts a small blind of 0.10",2024-12-17T21:22:25.806Z,173447054580608
"Player stacks: #3 ""Kevin @ tbjpqIQSOB"" (15.09) | #4 ""Spence @ cbvju-2iMm"" (30.97) | #5 ""Max Roman @ oiOtU2XuYt"" (20.09) | #8 ""willdevens @ sVfd-WUsjU"" (53.00) | #10 ""Davis @ MxiH63B6Pl"" (50.20)",2024-12-17T21:22:25.806Z,173447054580602
"-- starting hand #180 (id: n4ttzi0dachm)  (No Limit Texas Hold'em) (dealer: ""Spence @ cbvju-2iMm"") --",2024-12-17T21:22:25.806Z,173447054580601
"The player ""Carver @ iHIG57mx6P"" quits the game with a stack of 0.00.",2024-12-17T21:22:25.806Z,173447054580600
"-- ending hand #179 --",2024-12-17T21:22:17.767Z,173447053776702
"""Spence @ cbvju-2iMm"" collected 8.63 from pot with Pair, 10's on the second run  (combination: 10♣, 10♠, A♣, J♣, 9♠)",2024-12-17T21:22:17.767Z,173447053776701
"""Spence @ cbvju-2iMm"" collected 8.63 from pot with Full House, 10's over 9's (combination: 10♣, 10♠, 10♥, 9♥, 9♦)",2024-12-17T21:22:17.767Z,173447053776700
"River (second run): J♣, 2♣, A♣, 7♦ [9♠]",2024-12-17T21:22:13.759Z,173447053375900
"Turn (second run): J♣, 2♣, A♣ [7♦]",2024-12-17T21:22:09.739Z,173447052973900
"Flop (second run):  [J♣, 2♣, A♣]",2024-12-17T21:22:05.714Z,173447052571400
"River: Q♥, 9♥, 9♦, 4♠ [10♥]",2024-12-17T21:22:01.666Z,173447052166600
"Turn: Q♥, 9♥, 9♦ [4♠]",2024-12-17T21:21:57.646Z,173447051764600
"Flop:  [Q♥, 9♥, 9♦]",2024-12-17T21:21:53.533Z,173447051353300
"""Spence @ cbvju-2iMm"" shows a 10♣, 10♠.",2024-12-17T21:21:49.522Z,173447050952201
"""Carver @ iHIG57mx6P"" shows a 3♥, 3♦.",2024-12-17T21:21:49.522Z,173447050952200
"All players in hand choose to run it twice.",2024-12-17T21:21:48.672Z,173447050867201
"""Carver @ iHIG57mx6P"" chooses to  run it twice.",2024-12-17T21:21:48.672Z,173447050867200
"""Spence @ cbvju-2iMm"" chooses to  run it twice.",2024-12-17T21:21:48.300Z,173447050830000
"Remaining players decide whether to run it twice.",2024-12-17T21:21:47.029Z,173447050702901
"""Spence @ cbvju-2iMm"" calls 8.13",2024-12-17T21:21:47.029Z,173447050702900
"""Kevin @ tbjpqIQSOB"" folds",2024-12-17T21:21:45.365Z,173447050536500
"""Carver @ iHIG57mx6P"" raises to 8.13 and go all in",2024-12-17T21:21:44.013Z,173447050401300
"""willdevens @ sVfd-WUsjU"" folds",2024-12-17T21:21:38.014Z,173447049801400
"""Max Roman @ oiOtU2XuYt"" folds",2024-12-17T21:21:36.298Z,173447049629800
"""Spence @ cbvju-2iMm"" raises to 7.65",2024-12-17T21:21:33.805Z,173447049380500
"""Kevin @ tbjpqIQSOB"" calls 0.40",2024-12-17T21:21:27.546Z,173447048754600
"""Carver @ iHIG57mx6P"" calls 0.40",2024-12-17T21:21:25.317Z,173447048531700
"""Davis @ MxiH63B6Pl"" folds",2024-12-17T21:21:23.378Z,173447048337800
"""willdevens @ sVfd-WUsjU"" posts a straddle of 0.40",2024-12-17T21:21:21.984Z,173447048198410
"""Max Roman @ oiOtU2XuYt"" posts a big blind of 0.20",2024-12-17T21:21:21.984Z,173447048198409
"""Spence @ cbvju-2iMm"" posts a small blind of 0.10",2024-12-17T21:21:21.984Z,173447048198408
"Player stacks: #2 ""Carver @ iHIG57mx6P"" (8.13) | #3 ""Kevin @ tbjpqIQSOB"" (15.49) | #4 ""Spence @ cbvju-2iMm"" (21.84) | #5 ""Max Roman @ oiOtU2XuYt"" (20.29) | #8 ""willdevens @ sVfd-WUsjU"" (53.40) | #10 ""Davis @ MxiH63B6Pl"" (50.20)",2024-12-17T21:21:21.984Z,173447048198401
"-- starting hand #179 (id: ytloeovck6zy)  (No Limit Texas Hold'em) (dealer: ""Kevin @ tbjpqIQSOB"") --",2024-12-17T21:21:21.984Z,173447048198400
"Undealt cards: 3♦, A♦, J♦, 2♣ [K♥]",2024-12-17T21:21:16.782Z,173447047678200
"-- ending hand #178 --",2024-12-17T21:21:16.077Z,173447047607702
"""willdevens @ sVfd-WUsjU"" collected 4.80 from pot",2024-12-17T21:21:16.077Z,173447047607701
"Uncalled bet of 4.80 returned to ""willdevens @ sVfd-WUsjU""",2024-12-17T21:21:16.077Z,173447047607700
"""Kevin @ tbjpqIQSOB"" folds",2024-12-17T21:21:15.237Z,173447047523700
"""willdevens @ sVfd-WUsjU"" bets 4.80",2024-12-17T21:21:12.313Z,173447047231300
"""Kevin @ tbjpqIQSOB"" checks",2024-12-17T21:21:08.917Z,173447046891700
"Turn: 3♦, A♦, J♦ [2♣]",2024-12-17T21:21:05.544Z,173447046554400
"""Kevin @ tbjpqIQSOB"" calls 1.20",2024-12-17T21:21:04.731Z,173447046473100
"""willdevens @ sVfd-WUsjU"" bets 1.20",2024-12-17T21:21:03.488Z,173447046348800
"""Spence @ cbvju-2iMm"" folds",2024-12-17T21:21:00.556Z,173447046055600
"""Kevin @ tbjpqIQSOB"" checks",2024-12-17T21:20:55.268Z,173447045526800
"Flop:  [3♦, A♦, J♦]",2024-12-17T21:20:53.279Z,173447045327900
"""willdevens @ sVfd-WUsjU"" calls 0.80",2024-12-17T21:20:52.445Z,173447045244500
"""Spence @ cbvju-2iMm"" calls 0.80",2024-12-17T21:20:51.311Z,173447045131100
"""Kevin @ tbjpqIQSOB"" raises to 0.80",2024-12-17T21:20:50.133Z,173447045013300
"""Carver @ iHIG57mx6P"" folds",2024-12-17T21:20:45.933Z,173447044593300
"""Davis @ MxiH63B6Pl"" folds",2024-12-17T21:20:29.919Z,173447042991900
"""willdevens @ sVfd-WUsjU"" calls 0.20",2024-12-17T21:20:29.060Z,173447042906000
"""Max Roman @ oiOtU2XuYt"" folds",2024-12-17T21:20:20.132Z,173447042013200
"""Spence @ cbvju-2iMm"" posts a big blind of 0.20",2024-12-17T21:20:18.483Z,173447041848309
"""Kevin @ tbjpqIQSOB"" posts a small blind of 0.10",2024-12-17T21:20:18.483Z,173447041848308
"Player stacks: #2 ""Carver @ iHIG57mx6P"" (8.13) | #3 ""Kevin @ tbjpqIQSOB"" (17.49) | #4 ""Spence @ cbvju-2iMm"" (22.64) | #5 ""Max Roman @ oiOtU2XuYt"" (20.29) | #8 ""willdevens @ sVfd-WUsjU"" (50.60) | #10 ""Davis @ MxiH63B6Pl"" (50.20)",2024-12-17T21:20:18.483Z,173447041848301
"-- starting hand #178 (id: jsj4qcpxffft)  (No Limit Texas Hold'em) (dealer: ""Carver @ iHIG57mx6P"") --",2024-12-17T21:20:18.483Z,173447041848300
"-- ending hand #177 --",2024-12-17T21:20:10.465Z,173447041046502
"""willdevens @ sVfd-WUsjU"" collected 8.13 from pot with Pair, A's on the second run  (combination: A♥, A♦, K♠, 10♥, 9♣)",2024-12-17T21:20:10.465Z,173447041046501
"""Carver @ iHIG57mx6P"" collected 8.13 from pot with Three of a Kind, Q's (combination: Q♥, Q♣, Q♠, A♦, K♠)",2024-12-17T21:20:10.465Z,173447041046500
"River (second run): A♦, K♠, 2♥, 5♣ [10♥]",2024-12-17T21:20:06.448Z,173447040644800
"Turn (second run): A♦, K♠, 2♥ [5♣]",2024-12-17T21:20:02.427Z,173447040242700
"River: A♦, K♠, 2♥, 7♥ [Q♠]",2024-12-17T21:19:58.412Z,173447039841200
"Turn: A♦, K♠, 2♥ [7♥]",2024-12-17T21:19:54.399Z,173447039439900
"""willdevens @ sVfd-WUsjU"" shows a 9♣, A♥.",2024-12-17T21:19:50.391Z,173447039039101
"""Carver @ iHIG57mx6P"" shows a Q♥, Q♣.",2024-12-17T21:19:50.391Z,173447039039100
"All players in hand choose to run it twice.",2024-12-17T21:19:49.554Z,173447038955401
"""Carver @ iHIG57mx6P"" chooses to  run it twice.",2024-12-17T21:19:49.554Z,173447038955400
"""willdevens @ sVfd-WUsjU"" chooses to  run it twice.",2024-12-17T21:19:45.938Z,173447038593800
"Remaining players decide whether to run it twice.",2024-12-17T21:19:44.393Z,173447038439301
"""willdevens @ sVfd-WUsjU"" calls 4.83",2024-12-17T21:19:44.393Z,173447038439300
"""Carver @ iHIG57mx6P"" bets 4.83 and go all in",2024-12-17T21:19:43.360Z,173447038336000
"Flop:  [A♦, K♠, 2♥]",2024-12-17T21:19:34.494Z,173447037449400
"""willdevens @ sVfd-WUsjU"" calls 3.20",2024-12-17T21:19:33.677Z,173447037367700
"""Kevin @ tbjpqIQSOB"" folds",2024-12-17T21:19:30.718Z,173447037071800
"""Carver @ iHIG57mx6P"" raises to 3.20",2024-12-17T21:19:29.595Z,173447036959500
"""Davis @ MxiH63B6Pl"" folds",2024-12-17T21:19:22.821Z,173447036282100
"""willdevens @ sVfd-WUsjU"" raises to 1.10",2024-12-17T21:19:21.888Z,173447036188800
"""Max Roman @ oiOtU2XuYt"" folds",2024-12-17T21:19:15.380Z,173447035538000
"""Spence @ cbvju-2iMm"" folds",2024-12-17T21:19:14.433Z,173447035443300
"""Kevin @ tbjpqIQSOB"" posts a big blind of 0.20",2024-12-17T21:19:13.343Z,173447035334309
"""Carver @ iHIG57mx6P"" posts a small blind of 0.10",2024-12-17T21:19:13.343Z,173447035334308
"Player stacks: #2 ""Carver @ iHIG57mx6P"" (8.03) | #3 ""Kevin @ tbjpqIQSOB"" (17.69) | #4 ""Spence @ cbvju-2iMm"" (22.64) | #5 ""Max Roman @ oiOtU2XuYt"" (20.29) | #8 ""willdevens @ sVfd-WUsjU"" (50.50) | #10 ""Davis @ MxiH63B6Pl"" (50.20)",2024-12-17T21:19:13.343Z,173447035334301
"-- starting hand #177 (id: hqg8b883cqvj)  (No Limit Texas Hold'em) (dealer: ""Davis @ MxiH63B6Pl"") --",2024-12-17T21:19:13.343Z,173447035334300
"Undealt cards: 2♥, 6♥, 3♠, 5♥ [A♠]",2024-12-17T21:19:07.784Z,173447034778400
"-- ending hand #176 --",2024-12-17T21:19:07.395Z,173447034739502
"""Kevin @ tbjpqIQSOB"" collected 13.02 from pot",2024-12-17T21:19:07.395Z,173447034739501
"Uncalled bet of 4.67 returned to ""Kevin @ tbjpqIQSOB""",2024-12-17T21:19:07.395Z,173447034739500
"""Spence @ cbvju-2iMm"" folds",2024-12-17T21:19:06.556Z,173447034655600
"""Kevin @ tbjpqIQSOB"" raises to 9.01 and go all in",2024-12-17T21:19:02.486Z,173447034248600
"""Spence @ cbvju-2iMm"" bets 4.34",2024-12-17T21:18:57.095Z,173447033709500
"""Kevin @ tbjpqIQSOB"" checks",2024-12-17T21:18:54.623Z,173447033462300
"Turn: 2♥, 6♥, 3♠ [5♥]",2024-12-17T21:18:50.880Z,173447033088000
"""Kevin @ tbjpqIQSOB"" calls 1.30",2024-12-17T21:18:50.066Z,173447033006600
"""Spence @ cbvju-2iMm"" bets 1.30",2024-12-17T21:18:48.710Z,173447032871000
"The player ""Alex @ 2vIoBF2FSE"" requested a seat.",2024-12-17T21:18:47.156Z,173447032715600
"""Kevin @ tbjpqIQSOB"" checks",2024-12-17T21:18:45.829Z,173447032582900
"Flop:  [2♥, 6♥, 3♠]",2024-12-17T21:18:37.953Z,173447031795300
"""Kevin @ tbjpqIQSOB"" calls 0.72",2024-12-17T21:18:37.115Z,173447031711500
"""Carver @ iHIG57mx6P"" folds",2024-12-17T21:18:34.718Z,173447031471800
"""Davis @ MxiH63B6Pl"" folds",2024-12-17T21:18:31.418Z,173447031141800
"""willdevens @ sVfd-WUsjU"" folds",2024-12-17T21:18:28.286Z,173447030828600
"""Max Roman @ oiOtU2XuYt"" folds",2024-12-17T21:18:27.417Z,173447030741700
"""Spence @ cbvju-2iMm"" raises to 0.72",2024-12-17T21:18:26.562Z,173447030656200
"""Kevin @ tbjpqIQSOB"" calls 0.20",2024-12-17T21:18:22.169Z,173447030216900
"""Carver @ iHIG57mx6P"" posts a big blind of 0.20",2024-12-17T21:18:20.416Z,173447030041609
"""Davis @ MxiH63B6Pl"" posts a small blind of 0.10",2024-12-17T21:18:20.416Z,173447030041608
"Player stacks: #2 ""Carver @ iHIG57mx6P"" (8.23) | #3 ""Kevin @ tbjpqIQSOB"" (11.03) | #4 ""Spence @ cbvju-2iMm"" (29.00) | #5 ""Max Roman @ oiOtU2XuYt"" (20.29) | #8 ""willdevens @ sVfd-WUsjU"" (50.50) | #10 ""Davis @ MxiH63B6Pl"" (50.30)",2024-12-17T21:18:20.416Z,173447030041601
"-- starting hand #176 (id: ircihep0vspb)  (No Limit Texas Hold'em) (dealer: ""willdevens @ sVfd-WUsjU"") --",2024-12-17T21:18:20.416Z,173447030041600
"-- ending hand #175 --",2024-12-17T21:18:14.396Z,173447029439602
"""Max Roman @ oiOtU2XuYt"" collected 6.20 from pot with Two Pair, A's & 10's (combination: A♥, A♠, 10♦, 10♣, 9♣)",2024-12-17T21:18:14.396Z,173447029439601
"""Max Roman @ oiOtU2XuYt"" shows a A♥, 9♣.",2024-12-17T21:18:14.396Z,173447029439600
"""Kevin @ tbjpqIQSOB"" calls 1.00",2024-12-17T21:18:13.582Z,173447029358200
"""Max Roman @ oiOtU2XuYt"" bets 1.00",2024-12-17T21:18:12.103Z,173447029210300
"The player ""Alex @ 2vIoBF2FSE"" canceled the seat request.",2024-12-17T21:18:09.334Z,173447028933400
"The player ""Alex @ 2vIoBF2FSE"" requested a seat.",2024-12-17T21:18:07.863Z,173447028786300
"""Kevin @ tbjpqIQSOB"" checks",2024-12-17T21:17:57.367Z,173447027736700
"River: 3♠, A♠, 8♣, 10♦ [10♣]",2024-12-17T21:17:54.469Z,173447027446900
"""Max Roman @ oiOtU2XuYt"" checks",2024-12-17T21:17:53.633Z,173447027363300
"""Kevin @ tbjpqIQSOB"" checks",2024-12-17T21:17:50.947Z,173447027094700
"Turn: 3♠, A♠, 8♣ [10♦]",2024-12-17T21:17:48.724Z,173447026872400
"""Spence @ cbvju-2iMm"" folds",2024-12-17T21:17:47.874Z,173447026787400
"""Kevin @ tbjpqIQSOB"" calls 1.05",2024-12-17T21:17:45.433Z,173447026543300
"""Max Roman @ oiOtU2XuYt"" bets 1.05",2024-12-17T21:17:43.637Z,173447026363700
"""Spence @ cbvju-2iMm"" checks",2024-12-17T21:17:36.902Z,173447025690200
"""Kevin @ tbjpqIQSOB"" checks",2024-12-17T21:17:34.278Z,173447025427800
"Flop:  [3♠, A♠, 8♣]",2024-12-17T21:17:32.371Z,173447025237100
"""Davis @ MxiH63B6Pl"" folds",2024-12-17T21:17:31.538Z,173447025153800
"""willdevens @ sVfd-WUsjU"" folds",2024-12-17T21:17:30.589Z,173447025058900
"""Max Roman @ oiOtU2XuYt"" calls 0.60",2024-12-17T21:17:29.662Z,173447024966200
"""Spence @ cbvju-2iMm"" calls 0.60",2024-12-17T21:17:26.967Z,173447024696700
"""Kevin @ tbjpqIQSOB"" raises to 0.60",2024-12-17T21:17:24.444Z,173447024444400
"""Carver @ iHIG57mx6P"" folds",2024-12-17T21:17:21.886Z,173447024188600
"""Davis @ MxiH63B6Pl"" posts a big blind of 0.20",2024-12-17T21:17:19.879Z,173447023987909
"""willdevens @ sVfd-WUsjU"" posts a small blind of 0.10",2024-12-17T21:17:19.879Z,173447023987908
"Player stacks: #2 ""Carver @ iHIG57mx6P"" (8.23) | #3 ""Kevin @ tbjpqIQSOB"" (13.68) | #4 ""Spence @ cbvju-2iMm"" (29.60) | #5 ""Max Roman @ oiOtU2XuYt"" (16.74) | #8 ""willdevens @ sVfd-WUsjU"" (50.60) | #10 ""Davis @ MxiH63B6Pl"" (50.50)",2024-12-17T21:17:19.879Z,173447023987901
"-- starting hand #175 (id: ybv1et4mz12y)  (No Limit Texas Hold'em) (dealer: ""Max Roman @ oiOtU2XuYt"") --",2024-12-17T21:17:19.879Z,173447023987900
"""Carver @ iHIG57mx6P"" shows a 5♣, 9♠.",2024-12-17T21:17:16.065Z,173447023606500
"""Kevin @ tbjpqIQSOB"" shows a 8♥, 8♣.",2024-12-17T21:17:15.054Z,173447023505400
"-- ending hand #174 --",2024-12-17T21:17:12.563Z,173447023256302
"""willdevens @ sVfd-WUsjU"" collected 2.10 from pot",2024-12-17T21:17:12.563Z,173447023256301
"Uncalled bet of 2.10 returned to ""willdevens @ sVfd-WUsjU""",2024-12-17T21:17:12.563Z,173447023256300
"""Kevin @ tbjpqIQSOB"" folds",2024-12-17T21:17:11.751Z,173447023175100
"""willdevens @ sVfd-WUsjU"" bets 2.10",2024-12-17T21:17:10.183Z,173447023018300
"Turn: K♠, 10♠, 7♠ [J♠]",2024-12-17T21:17:05.757Z,173447022575700
"""Kevin @ tbjpqIQSOB"" checks",2024-12-17T21:17:04.860Z,173447022486000
"""willdevens @ sVfd-WUsjU"" checks",2024-12-17T21:17:03.575Z,173447022357500
"Flop:  [K♠, 10♠, 7♠]",2024-12-17T21:17:01.954Z,173447022195400
"""willdevens @ sVfd-WUsjU"" calls 1.00",2024-12-17T21:17:01.033Z,173447022103300
"""Max Roman @ oiOtU2XuYt"" folds",2024-12-17T21:16:59.802Z,173447021980200
"""Spence @ cbvju-2iMm"" folds",2024-12-17T21:16:58.807Z,173447021880700
"""Kevin @ tbjpqIQSOB"" raises to 1.00",2024-12-17T21:16:57.718Z,173447021771800
"""Carver @ iHIG57mx6P"" folds",2024-12-17T21:16:54.502Z,173447021450200
"""Davis @ MxiH63B6Pl"" folds",2024-12-17T21:16:53.566Z,173447021356600
"""willdevens @ sVfd-WUsjU"" posts a big blind of 0.20",2024-12-17T21:16:52.497Z,173447021249709
"""Max Roman @ oiOtU2XuYt"" posts a small blind of 0.10",2024-12-17T21:16:52.497Z,173447021249708
"Player stacks: #2 ""Carver @ iHIG57mx6P"" (8.23) | #3 ""Kevin @ tbjpqIQSOB"" (14.68) | #4 ""Spence @ cbvju-2iMm"" (29.60) | #5 ""Max Roman @ oiOtU2XuYt"" (16.84) | #8 ""willdevens @ sVfd-WUsjU"" (49.50) | #10 ""Davis @ MxiH63B6Pl"" (50.50)",2024-12-17T21:16:52.497Z,173447021249701
"-- starting hand #174 (id: or4jag2kiteg)  (No Limit Texas Hold'em) (dealer: ""Spence @ cbvju-2iMm"") --",2024-12-17T21:16:52.497Z,173447021249700
"-- ending hand #173 --",2024-12-17T21:16:46.575Z,173447020657502
"""willdevens @ sVfd-WUsjU"" collected 2.60 from pot",2024-12-17T21:16:46.575Z,173447020657501
"Uncalled bet of 1.00 returned to ""willdevens @ sVfd-WUsjU""",2024-12-17T21:16:46.575Z,173447020657500
"""Spence @ cbvju-2iMm"" folds",2024-12-17T21:16:45.751Z,173447020575100
"""willdevens @ sVfd-WUsjU"" bets 1.00",2024-12-17T21:16:44.331Z,173447020433100
"""Spence @ cbvju-2iMm"" checks",2024-12-17T21:16:40.922Z,173447020092200
"Flop:  [6♠, 8♥, Q♦]",2024-12-17T21:16:35.771Z,173447019577100
"""Spence @ cbvju-2iMm"" calls 1.20",2024-12-17T21:16:34.949Z,173447019494900
"""willdevens @ sVfd-WUsjU"" raises to 1.20",2024-12-17T21:16:31.904Z,173447019190400
"""Max Roman @ oiOtU2XuYt"" folds",2024-12-17T21:16:28.961Z,173447018896100
"""Spence @ cbvju-2iMm"" calls 0.40",2024-12-17T21:16:28.093Z,173447018809300
"""Kevin @ tbjpqIQSOB"" folds",2024-12-17T21:16:24.268Z,173447018426800
"""Carver @ iHIG57mx6P"" folds",2024-12-17T21:16:23.409Z,173447018340900
"""Davis @ MxiH63B6Pl"" folds",2024-12-17T21:16:19.385Z,173447017938500
"""willdevens @ sVfd-WUsjU"" posts a straddle of 0.40",2024-12-17T21:16:11.215Z,173447017121510
"""Max Roman @ oiOtU2XuYt"" posts a big blind of 0.20",2024-12-17T21:16:11.215Z,173447017121509
"""Spence @ cbvju-2iMm"" posts a small blind of 0.10",2024-12-17T21:16:11.215Z,173447017121508
"Player stacks: #2 ""Carver @ iHIG57mx6P"" (8.23) | #3 ""Kevin @ tbjpqIQSOB"" (14.68) | #4 ""Spence @ cbvju-2iMm"" (30.80) | #5 ""Max Roman @ oiOtU2XuYt"" (17.04) | #8 ""willdevens @ sVfd-WUsjU"" (48.10) | #10 ""Davis @ MxiH63B6Pl"" (50.50)",2024-12-17T21:16:11.215Z,173447017121501
"-- starting hand #173 (id: bz9kvnqiptml)  (No Limit Texas Hold'em) (dealer: ""Kevin @ tbjpqIQSOB"") --",2024-12-17T21:16:11.215Z,173447017121500
"""Carver @ iHIG57mx6P"" shows a J♠, Q♦.",2024-12-17T21:16:04.399Z,173447016439900
"""Davis @ MxiH63B6Pl"" shows a A♠, Q♣.",2024-12-17T21:16:04.248Z,173447016424800
"-- ending hand #172 --",2024-12-17T21:16:03.858Z,173447016385802
"""Kevin @ tbjpqIQSOB"" collected 8.04 from pot",2024-12-17T21:16:03.858Z,173447016385801
"Uncalled bet of 6.64 returned to ""Kevin @ tbjpqIQSOB""",2024-12-17T21:16:03.858Z,173447016385800
"""Davis @ MxiH63B6Pl"" folds",2024-12-17T21:16:03.019Z,173447016301900
"""Max Roman @ oiOtU2XuYt"" folds",2024-12-17T21:15:47.602Z,173447014760200
"""Spence @ cbvju-2iMm"" folds",2024-12-17T21:15:46.478Z,173447014647800
"""Kevin @ tbjpqIQSOB"" bets 6.64 and go all in",2024-12-17T21:15:45.032Z,173447014503200
"Flop:  [8♣, J♦, 6♠]",2024-12-17T21:15:41.160Z,173447014116000
"""Max Roman @ oiOtU2XuYt"" calls 2.01",2024-12-17T21:15:40.348Z,173447014034800
"""Spence @ cbvju-2iMm"" calls 2.01",2024-12-17T21:15:37.594Z,173447013759400
"""Kevin @ tbjpqIQSOB"" calls 2.01",2024-12-17T21:15:36.529Z,173447013652900
"""Carver @ iHIG57mx6P"" folds",2024-12-17T21:15:35.641Z,173447013564100
"""Davis @ MxiH63B6Pl"" raises to 2.01",2024-12-17T21:15:33.955Z,173447013395500
"""willdevens @ sVfd-WUsjU"" folds",2024-12-17T21:15:25.989Z,173447012598900
"""Max Roman @ oiOtU2XuYt"" raises to 0.57",2024-12-17T21:15:25.075Z,173447012507500
"""Spence @ cbvju-2iMm"" posts a big blind of 0.20",2024-12-17T21:15:20.456Z,173447012045609
"""Kevin @ tbjpqIQSOB"" posts a small blind of 0.10",2024-12-17T21:15:20.456Z,173447012045608
"Player stacks: #2 ""Carver @ iHIG57mx6P"" (8.23) | #3 ""Kevin @ tbjpqIQSOB"" (8.65) | #4 ""Spence @ cbvju-2iMm"" (32.81) | #5 ""Max Roman @ oiOtU2XuYt"" (19.05) | #8 ""willdevens @ sVfd-WUsjU"" (48.10) | #10 ""Davis @ MxiH63B6Pl"" (52.51)",2024-12-17T21:15:20.456Z,173447012045601
"-- starting hand #172 (id: 2q2k3tl3twgu)  (No Limit Texas Hold'em) (dealer: ""Carver @ iHIG57mx6P"") --",2024-12-17T21:15:20.456Z,173447012045600
"-- ending hand #171 --",2024-12-17T21:15:12.423Z,173447011242302
"""Spence @ cbvju-2iMm"" collected 8.23 from pot with Three of a Kind, 3's on the second run  (combination: 3♣, 3♦, 3♥, A♥, 9♥)",2024-12-17T21:15:12.423Z,173447011242301
"""Carver @ iHIG57mx6P"" collected 8.23 from pot with Flush, Ac High (combination: A♣, K♣, J♣, 9♣, 7♣)",2024-12-17T21:15:12.423Z,173447011242300
"River (second run): 3♥, 5♠, 4♠, A♥ [9♥]",2024-12-17T21:15:08.408Z,173447010840800
"Turn (second run): 3♥, 5♠, 4♠ [A♥]",2024-12-17T21:15:04.392Z,173447010439200
"Flop (second run):  [3♥, 5♠, 4♠]",2024-12-17T21:15:00.386Z,173447010038600
"River: Q♥, J♣, 9♣, K♣ [7♣]",2024-12-17T21:14:56.361Z,173447009636100
"Turn: Q♥, J♣, 9♣ [K♣]",2024-12-17T21:14:52.322Z,173447009232200
"Flop:  [Q♥, J♣, 9♣]",2024-12-17T21:14:48.308Z,173447008830800
"""Spence @ cbvju-2iMm"" shows a 3♣, 3♦.",2024-12-17T21:14:44.242Z,173447008424201
"""Carver @ iHIG57mx6P"" shows a 5♥, A♣.",2024-12-17T21:14:44.242Z,173447008424200
"All players in hand choose to run it twice.",2024-12-17T21:14:43.398Z,173447008339801
"""Carver @ iHIG57mx6P"" chooses to  run it twice.",2024-12-17T21:14:43.398Z,173447008339800
"""Spence @ cbvju-2iMm"" chooses to  run it twice.",2024-12-17T21:14:37.384Z,173447007738400
"Remaining players decide whether to run it twice.",2024-12-17T21:14:36.171Z,173447007617101
"""Spence @ cbvju-2iMm"" raises to 7.93",2024-12-17T21:14:36.171Z,173447007617100
"""Carver @ iHIG57mx6P"" raises to 7.93 and go all in",2024-12-17T21:14:31.775Z,173447007177500
"""Davis @ MxiH63B6Pl"" folds",2024-12-17T21:14:26.487Z,173447006648700
"""Max Roman @ oiOtU2XuYt"" folds",2024-12-17T21:14:25.544Z,173447006554400
"""Spence @ cbvju-2iMm"" raises to 2.20",2024-12-17T21:14:23.578Z,173447006357800
"""Kevin @ tbjpqIQSOB"" folds",2024-12-17T21:14:20.843Z,173447006084300
"""Carver @ iHIG57mx6P"" raises to 1.20",2024-12-17T21:14:19.345Z,173447005934500
"""Davis @ MxiH63B6Pl"" calls 0.20",2024-12-17T21:14:12.494Z,173447005249400
"""willdevens @ sVfd-WUsjU"" folds",2024-12-17T21:14:11.200Z,173447005120000
"""Max Roman @ oiOtU2XuYt"" calls 0.20",2024-12-17T21:14:10.320Z,173447005032000
"""Spence @ cbvju-2iMm"" calls 0.20",2024-12-17T21:14:03.800Z,173447004380000
"""Kevin @ tbjpqIQSOB"" posts a big blind of 0.20",2024-12-17T21:14:02.339Z,173447004233909
"""Carver @ iHIG57mx6P"" posts a small blind of 0.10",2024-12-17T21:14:02.339Z,173447004233908
"Player stacks: #2 ""Carver @ iHIG57mx6P"" (7.93) | #3 ""Kevin @ tbjpqIQSOB"" (8.85) | #4 ""Spence @ cbvju-2iMm"" (32.51) | #5 ""Max Roman @ oiOtU2XuYt"" (19.25) | #8 ""willdevens @ sVfd-WUsjU"" (48.10) | #10 ""Davis @ MxiH63B6Pl"" (52.71)",2024-12-17T21:14:02.339Z,173447004233901
"-- starting hand #171 (id: h6dnbvxg0moz)  (No Limit Texas Hold'em) (dealer: ""Davis @ MxiH63B6Pl"") --",2024-12-17T21:14:02.339Z,173447004233900
"-- ending hand #170 --",2024-12-17T21:13:56.286Z,173447003628603
"""Davis @ MxiH63B6Pl"" shows a A♦, 2♠.",2024-12-17T21:13:56.286Z,173447003628602
"""Carver @ iHIG57mx6P"" collected 1.00 from pot with Two Pair, Q's & 3's (combination: Q♦, Q♣, 3♠, 3♦, 10♥)",2024-12-17T21:13:56.286Z,173447003628601
"""Carver @ iHIG57mx6P"" shows a 3♠, 10♥.",2024-12-17T21:13:56.286Z,173447003628600
"""Carver @ iHIG57mx6P"" checks",2024-12-17T21:13:55.433Z,173447003543300
"""Davis @ MxiH63B6Pl"" checks",2024-12-17T21:13:54.438Z,173447003443800
"River: 3♦, 4♦, Q♦, Q♣ [7♠]",2024-12-17T21:13:53.002Z,173447003300200
"""Davis @ MxiH63B6Pl"" calls 0.20",2024-12-17T21:13:52.128Z,173447003212800
"""Carver @ iHIG57mx6P"" bets 0.20",2024-12-17T21:13:50.396Z,173447003039600
"""Davis @ MxiH63B6Pl"" checks",2024-12-17T21:13:48.861Z,173447002886100
"Turn: 3♦, 4♦, Q♦ [Q♣]",2024-12-17T21:13:47.790Z,173447002779000
"""Spence @ cbvju-2iMm"" folds",2024-12-17T21:13:46.899Z,173447002689900
"""Carver @ iHIG57mx6P"" checks",2024-12-17T21:13:45.652Z,173447002565200
"""Davis @ MxiH63B6Pl"" checks",2024-12-17T21:13:44.290Z,173447002429000
"Flop:  [3♦, 4♦, Q♦]",2024-12-17T21:13:36.559Z,173447001655900
"""Carver @ iHIG57mx6P"" checks",2024-12-17T21:13:35.742Z,173447001574200
"""Davis @ MxiH63B6Pl"" calls 0.20",2024-12-17T21:13:33.423Z,173447001342300
"""willdevens @ sVfd-WUsjU"" folds",2024-12-17T21:13:31.681Z,173447001168100
"""Max Roman @ oiOtU2XuYt"" folds",2024-12-17T21:13:30.776Z,173447001077600
"""Spence @ cbvju-2iMm"" calls 0.20",2024-12-17T21:13:29.913Z,173447000991300
"""Kevin @ tbjpqIQSOB"" folds",2024-12-17T21:13:27.367Z,173447000736700
"""Carver @ iHIG57mx6P"" posts a big blind of 0.20",2024-12-17T21:13:24.468Z,173447000446809
"""Davis @ MxiH63B6Pl"" posts a small blind of 0.10",2024-12-17T21:13:24.468Z,173447000446808
"Player stacks: #2 ""Carver @ iHIG57mx6P"" (7.33) | #3 ""Kevin @ tbjpqIQSOB"" (8.85) | #4 ""Spence @ cbvju-2iMm"" (32.71) | #5 ""Max Roman @ oiOtU2XuYt"" (19.25) | #8 ""willdevens @ sVfd-WUsjU"" (48.10) | #10 ""Davis @ MxiH63B6Pl"" (53.11)",2024-12-17T21:13:24.468Z,173447000446801
"-- starting hand #170 (id: fxppe4wbjf1u)  (No Limit Texas Hold'em) (dealer: ""willdevens @ sVfd-WUsjU"") --",2024-12-17T21:13:24.468Z,173447000446800
"-- ending hand #169 --",2024-12-17T21:13:18.531Z,173446999853102
"""Spence @ cbvju-2iMm"" collected 2.84 from pot",2024-12-17T21:13:18.531Z,173446999853101
"Uncalled bet of 2.13 returned to ""Spence @ cbvju-2iMm""",2024-12-17T21:13:18.531Z,173446999853100
"""Davis @ MxiH63B6Pl"" folds",2024-12-17T21:13:17.681Z,173446999768100
"""Spence @ cbvju-2iMm"" bets 2.13",2024-12-17T21:13:16.269Z,173446999626900
"""Davis @ MxiH63B6Pl"" checks",2024-12-17T21:13:12.091Z,173446999209100
"Flop:  [5♣, J♣, 2♠]",2024-12-17T21:13:09.989Z,173446998998900
"""Davis @ MxiH63B6Pl"" calls 1.37",2024-12-17T21:13:09.143Z,173446998914300
"""willdevens @ sVfd-WUsjU"" folds",2024-12-17T21:13:04.292Z,173446998429200
"""Max Roman @ oiOtU2XuYt"" folds",2024-12-17T21:12:59.798Z,173446997979800
"""Spence @ cbvju-2iMm"" raises to 1.37",2024-12-17T21:12:58.866Z,173446997886600
"""Kevin @ tbjpqIQSOB"" folds",2024-12-17T21:12:53.309Z,173446997330900
"""Carver @ iHIG57mx6P"" folds",2024-12-17T21:12:52.349Z,173446997234900
"""Davis @ MxiH63B6Pl"" posts a big blind of 0.20",2024-12-17T21:12:43.998Z,173446996399809
"""willdevens @ sVfd-WUsjU"" posts a small blind of 0.10",2024-12-17T21:12:43.998Z,173446996399808
"Player stacks: #2 ""Carver @ iHIG57mx6P"" (7.33) | #3 ""Kevin @ tbjpqIQSOB"" (8.85) | #4 ""Spence @ cbvju-2iMm"" (31.24) | #5 ""Max Roman @ oiOtU2XuYt"" (19.25) | #8 ""willdevens @ sVfd-WUsjU"" (48.20) | #10 ""Davis @ MxiH63B6Pl"" (54.48)",2024-12-17T21:12:43.998Z,173446996399801
"-- starting hand #169 (id: fjjgnnemikau)  (No Limit Texas Hold'em) (dealer: ""Max Roman @ oiOtU2XuYt"") --",2024-12-17T21:12:43.998Z,173446996399800
"-- ending hand #168 --",2024-12-17T21:12:37.993Z,173446995799302
"""Max Roman @ oiOtU2XuYt"" collected 4.60 from pot with Pair, 8's (combination: 8♣, 8♠, Q♣, J♠, 9♦)",2024-12-17T21:12:37.993Z,173446995799301
"""Max Roman @ oiOtU2XuYt"" shows a 8♣, 8♠.",2024-12-17T21:12:37.993Z,173446995799300
"""Kevin @ tbjpqIQSOB"" checks",2024-12-17T21:12:37.156Z,173446995715600
"""Max Roman @ oiOtU2XuYt"" checks",2024-12-17T21:12:33.032Z,173446995303200
"River: Q♣, 5♥, 9♦, J♠ [4♥]",2024-12-17T21:12:29.697Z,173446994969700
"""Kevin @ tbjpqIQSOB"" checks",2024-12-17T21:12:28.884Z,173446994888400
"""Max Roman @ oiOtU2XuYt"" checks",2024-12-17T21:12:26.165Z,173446994616500
"Turn: Q♣, 5♥, 9♦ [J♠]",2024-12-17T21:12:22.156Z,173446994215600
"""Davis @ MxiH63B6Pl"" folds",2024-12-17T21:12:21.334Z,173446994133400
"""Max Roman @ oiOtU2XuYt"" calls 0.60",2024-12-17T21:12:10.989Z,173446993098900
"""Spence @ cbvju-2iMm"" folds",2024-12-17T21:12:08.755Z,173446992875500
"""Kevin @ tbjpqIQSOB"" bets 0.60",2024-12-17T21:12:07.672Z,173446992767200
"""Davis @ MxiH63B6Pl"" checks",2024-12-17T21:12:04.102Z,173446992410200
"""Max Roman @ oiOtU2XuYt"" checks",2024-12-17T21:12:02.176Z,173446992217600
"Flop:  [Q♣, 5♥, 9♦]",2024-12-17T21:12:00.245Z,173446992024500
"""Davis @ MxiH63B6Pl"" calls 0.80",2024-12-17T21:11:59.383Z,173446991938300
"""willdevens @ sVfd-WUsjU"" folds",2024-12-17T21:11:58.064Z,173446991806400
"""Max Roman @ oiOtU2XuYt"" calls 0.80",2024-12-17T21:11:54.985Z,173446991498500
"""Spence @ cbvju-2iMm"" calls 0.80",2024-12-17T21:11:53.072Z,173446991307200
"""Kevin @ tbjpqIQSOB"" raises to 0.80",2024-12-17T21:11:49.673Z,173446990967300
"""Carver @ iHIG57mx6P"" folds",2024-12-17T21:11:46.935Z,173446990693500
"""Davis @ MxiH63B6Pl"" calls 0.20",2024-12-17T21:11:46.054Z,173446990605400
"""willdevens @ sVfd-WUsjU"" posts a big blind of 0.20",2024-12-17T21:11:42.343Z,173446990234309
"""Max Roman @ oiOtU2XuYt"" posts a small blind of 0.10",2024-12-17T21:11:42.343Z,173446990234308
"Player stacks: #2 ""Carver @ iHIG57mx6P"" (7.33) | #3 ""Kevin @ tbjpqIQSOB"" (10.25) | #4 ""Spence @ cbvju-2iMm"" (32.04) | #5 ""Max Roman @ oiOtU2XuYt"" (16.05) | #8 ""willdevens @ sVfd-WUsjU"" (48.40) | #10 ""Davis @ MxiH63B6Pl"" (55.28)",2024-12-17T21:11:42.343Z,173446990234301
"-- starting hand #168 (id: ywjumjgjvnq6)  (No Limit Texas Hold'em) (dealer: ""Spence @ cbvju-2iMm"") --",2024-12-17T21:11:42.343Z,173446990234300
"-- ending hand #167 --",2024-12-17T21:11:36.404Z,173446989640402
"""willdevens @ sVfd-WUsjU"" collected 5.40 from pot",2024-12-17T21:11:36.404Z,173446989640401
"Uncalled bet of 2.15 returned to ""willdevens @ sVfd-WUsjU""",2024-12-17T21:11:36.404Z,173446989640400
"""Max Roman @ oiOtU2XuYt"" folds",2024-12-17T21:11:35.566Z,173446989556600
"""willdevens @ sVfd-WUsjU"" raises to 3.50",2024-12-17T21:11:17.878Z,173446987787800
"""Max Roman @ oiOtU2XuYt"" bets 1.35",2024-12-17T21:11:13.483Z,173446987348300
"Flop:  [6♥, A♦, 3♥]",2024-12-17T21:11:09.079Z,173446986907900
"""willdevens @ sVfd-WUsjU"" calls 1.30",2024-12-17T21:11:08.204Z,173446986820400
"""Max Roman @ oiOtU2XuYt"" raises to 1.30",2024-12-17T21:11:06.336Z,173446986633600
"""Spence @ cbvju-2iMm"" folds",2024-12-17T21:11:02.157Z,173446986215700
"""Kevin @ tbjpqIQSOB"" folds",2024-12-17T21:11:01.185Z,173446986118500
"""Carver @ iHIG57mx6P"" folds",2024-12-17T21:11:00.217Z,173446986021700
"""Davis @ MxiH63B6Pl"" folds",2024-12-17T21:10:59.335Z,173446985933500
"""willdevens @ sVfd-WUsjU"" posts a straddle of 0.40",2024-12-17T21:10:55.876Z,173446985587610
"""Max Roman @ oiOtU2XuYt"" posts a big blind of 0.20",2024-12-17T21:10:55.876Z,173446985587609
"""Spence @ cbvju-2iMm"" posts a small blind of 0.10",2024-12-17T21:10:55.876Z,173446985587608
"Player stacks: #2 ""Carver @ iHIG57mx6P"" (7.33) | #3 ""Kevin @ tbjpqIQSOB"" (10.25) | #4 ""Spence @ cbvju-2iMm"" (32.14) | #5 ""Max Roman @ oiOtU2XuYt"" (18.70) | #8 ""willdevens @ sVfd-WUsjU"" (45.65) | #10 ""Davis @ MxiH63B6Pl"" (55.28)",2024-12-17T21:10:55.876Z,173446985587601
"-- starting hand #167 (id: k4wjuiaxmh34)  (No Limit Texas Hold'em) (dealer: ""Kevin @ tbjpqIQSOB"") --",2024-12-17T21:10:55.876Z,173446985587600
"-- ending hand #166 --",2024-12-17T21:10:49.870Z,173446984987003
"""Spence @ cbvju-2iMm"" shows a A♠, 3♥.",2024-12-17T21:10:49.870Z,173446984987002
"""Davis @ MxiH63B6Pl"" collected 55.28 from pot with Straight, A High (combination: A♦, K♦, Q♣, J♠, 10♥)",2024-12-17T21:10:49.870Z,173446984987001
"""Davis @ MxiH63B6Pl"" shows a K♦, J♠.",2024-12-17T21:10:49.870Z,173446984987000
"""Spence @ cbvju-2iMm"" calls 26.49",2024-12-17T21:10:49.057Z,173446984905700
"""Davis @ MxiH63B6Pl"" raises to 26.49 and go all in",2024-12-17T21:10:47.866Z,173446984786600
"""Spence @ cbvju-2iMm"" raises to 14.15",2024-12-17T21:10:42.661Z,173446984266100
"""Davis @ MxiH63B6Pl"" raises to 6.50",2024-12-17T21:10:39.127Z,173446983912700
"""Spence @ cbvju-2iMm"" bets 1.72",2024-12-17T21:10:32.100Z,173446983210000
"River: A♦, 5♦, 3♣, Q♣ [10♥]",2024-12-17T21:10:29.422Z,173446982942200
"""Davis @ MxiH63B6Pl"" checks",2024-12-17T21:10:28.589Z,173446982858900
"""Spence @ cbvju-2iMm"" checks",2024-12-17T21:10:26.264Z,173446982626400
"Turn: A♦, 5♦, 3♣ [Q♣]",2024-12-17T21:10:24.362Z,173446982436200
"""Davis @ MxiH63B6Pl"" checks",2024-12-17T21:10:23.507Z,173446982350700
"""Spence @ cbvju-2iMm"" checks",2024-12-17T21:10:21.978Z,173446982197800
"Flop:  [A♦, 5♦, 3♣]",2024-12-17T21:10:17.356Z,173446981735600
"""Spence @ cbvju-2iMm"" calls 1.10",2024-12-17T21:10:16.506Z,173446981650600
"""Kevin @ tbjpqIQSOB"" folds",2024-12-17T21:10:15.287Z,173446981528700
"""Carver @ iHIG57mx6P"" folds",2024-12-17T21:10:11.075Z,173446981107500
"""Davis @ MxiH63B6Pl"" raises to 1.10",2024-12-17T21:10:09.586Z,173446980958600
"""willdevens @ sVfd-WUsjU"" folds",2024-12-17T21:10:05.925Z,173446980592500
"""Max Roman @ oiOtU2XuYt"" folds",2024-12-17T21:10:05.072Z,173446980507200
"""Spence @ cbvju-2iMm"" posts a big blind of 0.20",2024-12-17T21:10:03.585Z,173446980358509
"""Kevin @ tbjpqIQSOB"" posts a small blind of 0.10",2024-12-17T21:10:03.585Z,173446980358508
"Player stacks: #2 ""Carver @ iHIG57mx6P"" (7.33) | #3 ""Kevin @ tbjpqIQSOB"" (10.35) | #4 ""Spence @ cbvju-2iMm"" (59.73) | #5 ""Max Roman @ oiOtU2XuYt"" (18.70) | #8 ""willdevens @ sVfd-WUsjU"" (45.65) | #10 ""Davis @ MxiH63B6Pl"" (27.59)",2024-12-17T21:10:03.585Z,173446980358501
"-- starting hand #166 (id: qemilwr89ag5)  (No Limit Texas Hold'em) (dealer: ""Carver @ iHIG57mx6P"") --",2024-12-17T21:10:03.585Z,173446980358500
"-- ending hand #165 --",2024-12-17T21:09:57.563Z,173446979756303
"""Kevin @ tbjpqIQSOB"" shows a 5♥, K♣.",2024-12-17T21:09:57.563Z,173446979756302
"""willdevens @ sVfd-WUsjU"" collected 18.60 from pot with A High (combination: A♥, Q♣, J♣, 9♥, 8♠)",2024-12-17T21:09:57.563Z,173446979756301
"""willdevens @ sVfd-WUsjU"" shows a A♥, J♣.",2024-12-17T21:09:57.563Z,173446979756300
"""willdevens @ sVfd-WUsjU"" checks",2024-12-17T21:09:56.749Z,173446979674900
"""Kevin @ tbjpqIQSOB"" checks",2024-12-17T21:09:52.486Z,173446979248600
"River: 3♦, Q♣, 8♠, 9♥ [4♣]",2024-12-17T21:09:49.160Z,173446978916000
"""willdevens @ sVfd-WUsjU"" calls 4.00",2024-12-17T21:09:48.347Z,173446978834700
"""Kevin @ tbjpqIQSOB"" bets 4.00",2024-12-17T21:09:44.802Z,173446978480200
"Turn: 3♦, Q♣, 8♠ [9♥]",2024-12-17T21:09:36.920Z,173446977692000
"""willdevens @ sVfd-WUsjU"" calls 2.65",2024-12-17T21:09:36.076Z,173446977607600
"""Max Roman @ oiOtU2XuYt"" folds",2024-12-17T21:09:34.250Z,173446977425000
"""Spence @ cbvju-2iMm"" folds",2024-12-17T21:09:33.347Z,173446977334700
"""Kevin @ tbjpqIQSOB"" bets 2.65",2024-12-17T21:09:31.025Z,173446977102500
"Flop:  [3♦, Q♣, 8♠]",2024-12-17T21:09:24.340Z,173446976434000
"""Max Roman @ oiOtU2XuYt"" calls 1.30",2024-12-17T21:09:23.520Z,173446976352000
"""Spence @ cbvju-2iMm"" calls 1.30",2024-12-17T21:09:22.035Z,173446976203500
"""Kevin @ tbjpqIQSOB"" calls 1.30",2024-12-17T21:09:20.222Z,173446976022200
"""Carver @ iHIG57mx6P"" folds",2024-12-17T21:09:19.180Z,173446975918000
"""Davis @ MxiH63B6Pl"" folds",2024-12-17T21:09:17.643Z,173446975764300
"""willdevens @ sVfd-WUsjU"" raises to 1.30",2024-12-17T21:09:16.636Z,173446975663600
"""Max Roman @ oiOtU2XuYt"" raises to 0.72",2024-12-17T21:09:10.693Z,173446975069300
"""Spence @ cbvju-2iMm"" calls 0.20",2024-12-17T21:09:06.937Z,173446974693700
"""Kevin @ tbjpqIQSOB"" posts a big blind of 0.20",2024-12-17T21:08:59.655Z,173446973965509
"""Carver @ iHIG57mx6P"" posts a small blind of 0.10",2024-12-17T21:08:59.655Z,173446973965508
"Player stacks: #2 ""Carver @ iHIG57mx6P"" (7.43) | #3 ""Kevin @ tbjpqIQSOB"" (18.30) | #4 ""Spence @ cbvju-2iMm"" (61.03) | #5 ""Max Roman @ oiOtU2XuYt"" (20.00) | #8 ""willdevens @ sVfd-WUsjU"" (35.00) | #10 ""Davis @ MxiH63B6Pl"" (27.59)",2024-12-17T21:08:59.655Z,173446973965501
"-- starting hand #165 (id: fa0ulppwpy6j)  (No Limit Texas Hold'em) (dealer: ""Davis @ MxiH63B6Pl"") --",2024-12-17T21:08:59.655Z,173446973965500
"-- ending hand #164 --",2024-12-17T21:08:53.640Z,173446973364002
"""Davis @ MxiH63B6Pl"" collected 3.60 from pot with Three of a Kind, A's (combination: A♣, A♠, A♥, J♥, 9♠)",2024-12-17T21:08:53.640Z,173446973364001
"""Davis @ MxiH63B6Pl"" shows a A♣, A♠.",2024-12-17T21:08:53.640Z,173446973364000
"""Carver @ iHIG57mx6P"" checks",2024-12-17T21:08:52.769Z,173446973276900
"""Davis @ MxiH63B6Pl"" checks",2024-12-17T21:08:51.625Z,173446973162500
"River: 2♦, 9♠, A♥, J♥ [6♠]",2024-12-17T21:08:45.628Z,173446972562800
"""Carver @ iHIG57mx6P"" checks",2024-12-17T21:08:44.779Z,173446972477900
"""Davis @ MxiH63B6Pl"" checks",2024-12-17T21:08:40.919Z,173446972091900
"Turn: 2♦, 9♠, A♥ [J♥]",2024-12-17T21:08:37.909Z,173446971790900
"""Davis @ MxiH63B6Pl"" calls 0.80",2024-12-17T21:08:37.089Z,173446971708900
"""Carver @ iHIG57mx6P"" bets 0.80",2024-12-17T21:08:33.185Z,173446971318500
"""Davis @ MxiH63B6Pl"" checks",2024-12-17T21:08:27.158Z,173446970715800
"Flop:  [2♦, 9♠, A♥]",2024-12-17T21:08:24.374Z,173446970437400
"""Davis @ MxiH63B6Pl"" calls 1.00",2024-12-17T21:08:23.516Z,173446970351600
"""Carver @ iHIG57mx6P"" raises to 1.00",2024-12-17T21:08:18.533Z,173446969853300
"""Davis @ MxiH63B6Pl"" calls 0.20",2024-12-17T21:08:14.456Z,173446969445600
"""willdevens @ sVfd-WUsjU"" folds",2024-12-17T21:08:10.856Z,173446969085600
"""Max Roman @ oiOtU2XuYt"" folds",2024-12-17T21:08:09.901Z,173446968990100
"""Spence @ cbvju-2iMm"" folds",2024-12-17T21:08:08.876Z,173446968887600
"""Kevin @ tbjpqIQSOB"" folds",2024-12-17T21:08:07.855Z,173446968785500
"""Carver @ iHIG57mx6P"" posts a big blind of 0.20",2024-12-17T21:08:00.814Z,173446968081411
"""Davis @ MxiH63B6Pl"" posts a small blind of 0.10",2024-12-17T21:08:00.814Z,173446968081410
"Player stacks: #2 ""Carver @ iHIG57mx6P"" (9.23) | #3 ""Kevin @ tbjpqIQSOB"" (18.30) | #4 ""Spence @ cbvju-2iMm"" (61.03) | #5 ""Max Roman @ oiOtU2XuYt"" (20.00) | #8 ""willdevens @ sVfd-WUsjU"" (35.00) | #10 ""Davis @ MxiH63B6Pl"" (25.79)",2024-12-17T21:08:00.814Z,173446968081403
"-- starting hand #164 (id: 8risncuqn8rp)  (No Limit Texas Hold'em) (dealer: ""willdevens @ sVfd-WUsjU"") --",2024-12-17T21:08:00.814Z,173446968081402
"The player ""Max Roman @ oiOtU2XuYt"" joined the game with a stack of 20.00.",2024-12-17T21:08:00.814Z,173446968081401
"The player ""Hanley2 @ LXzsz8PhQN"" stand up with the stack of 38.35.",2024-12-17T21:08:00.814Z,173446968081400
"-- ending hand #163 --",2024-12-17T21:07:54.794Z,173446967479402
"""Carver @ iHIG57mx6P"" collected 3.70 from pot with Two Pair, K's & Q's (combination: K♥, K♦, Q♥, Q♣, 10♣)",2024-12-17T21:07:54.794Z,173446967479401
"""Carver @ iHIG57mx6P"" shows a Q♥, 10♣.",2024-12-17T21:07:54.794Z,173446967479400
"""Kevin @ tbjpqIQSOB"" checks",2024-12-17T21:07:53.975Z,173446967397500
"""Carver @ iHIG57mx6P"" checks",2024-12-17T21:07:52.736Z,173446967273600
"River: Q♣, K♥, 9♥, K♦ [10♠]",2024-12-17T21:07:48.637Z,173446966863700
"""Kevin @ tbjpqIQSOB"" calls 0.80",2024-12-17T21:07:47.830Z,173446966783000
"""Carver @ iHIG57mx6P"" bets 0.80",2024-12-17T21:07:45.850Z,173446966585000
"Turn: Q♣, K♥, 9♥ [K♦]",2024-12-17T21:07:40.168Z,173446966016800
"""Kevin @ tbjpqIQSOB"" checks",2024-12-17T21:07:39.326Z,173446965932600
"""Carver @ iHIG57mx6P"" checks",2024-12-17T21:07:36.977Z,173446965697700
"Flop:  [Q♣, K♥, 9♥]",2024-12-17T21:07:31.979Z,173446965197900
"""Davis @ MxiH63B6Pl"" folds",2024-12-17T21:07:31.106Z,173446965110600
"""willdevens @ sVfd-WUsjU"" folds",2024-12-17T21:07:28.912Z,173446964891200
"""Spence @ cbvju-2iMm"" folds",2024-12-17T21:07:27.968Z,173446964796800
"""Kevin @ tbjpqIQSOB"" calls 0.90",2024-12-17T21:07:26.999Z,173446964699900
"""Carver @ iHIG57mx6P"" raises to 0.90",2024-12-17T21:07:24.559Z,173446964455900
"""Hanley2 @ LXzsz8PhQN"" folds",2024-12-17T21:07:19.573Z,173446963957300
"The admin approved the player ""Max Roman @ oiOtU2XuYt"" participation with a stack of 20.00.",2024-12-17T21:06:56.027Z,173446961602700
"""Davis @ MxiH63B6Pl"" posts a big blind of 0.20",2024-12-17T21:06:49.543Z,173446960954310
"""willdevens @ sVfd-WUsjU"" posts a small blind of 0.10",2024-12-17T21:06:49.543Z,173446960954309
"Player stacks: #1 ""Hanley2 @ LXzsz8PhQN"" (38.35) | #2 ""Carver @ iHIG57mx6P"" (7.23) | #3 ""Kevin @ tbjpqIQSOB"" (20.00) | #4 ""Spence @ cbvju-2iMm"" (61.03) | #8 ""willdevens @ sVfd-WUsjU"" (35.10) | #10 ""Davis @ MxiH63B6Pl"" (25.99)",2024-12-17T21:06:49.543Z,173446960954302
"-- starting hand #163 (id: 203er2pnrj0d)  (No Limit Texas Hold'em) (dealer: ""Spence @ cbvju-2iMm"") --",2024-12-17T21:06:49.543Z,173446960954301
"The player ""Kevin @ tbjpqIQSOB"" joined the game with a stack of 20.00.",2024-12-17T21:06:49.543Z,173446960954300
"""Carver @ iHIG57mx6P"" shows a 10♠.",2024-12-17T21:06:45.596Z,173446960559600
"-- ending hand #162 --",2024-12-17T21:06:42.967Z,173446960296702
"""Davis @ MxiH63B6Pl"" collected 3.20 from pot with Pair, K's (combination: K♦, K♥, J♣, 10♥, 9♣)",2024-12-17T21:06:42.967Z,173446960296701
"""Davis @ MxiH63B6Pl"" shows a K♦, J♣.",2024-12-17T21:06:42.967Z,173446960296700
"""Carver @ iHIG57mx6P"" calls 0.80",2024-12-17T21:06:42.161Z,173446960216100
"""Davis @ MxiH63B6Pl"" bets 0.80",2024-12-17T21:06:40.742Z,173446960074200
"River: 4♦, 5♣, K♥, 10♥ [9♣]",2024-12-17T21:06:35.717Z,173446959571700
"""willdevens @ sVfd-WUsjU"" folds",2024-12-17T21:06:34.841Z,173446959484100
"""Spence @ cbvju-2iMm"" folds",2024-12-17T21:06:33.943Z,173446959394300
"""Carver @ iHIG57mx6P"" calls 0.40",2024-12-17T21:06:32.970Z,173446959297000
"The player ""Max Roman @ oiOtU2XuYt"" requested a seat.",2024-12-17T21:06:31.960Z,173446959196000
"""Davis @ MxiH63B6Pl"" bets 0.40",2024-12-17T21:06:27.399Z,173446958739900
"""willdevens @ sVfd-WUsjU"" checks",2024-12-17T21:06:23.802Z,173446958380200
"""Spence @ cbvju-2iMm"" checks",2024-12-17T21:06:21.990Z,173446958199000
"Turn: 4♦, 5♣, K♥ [10♥]",2024-12-17T21:06:20.171Z,173446958017100
"""Carver @ iHIG57mx6P"" checks",2024-12-17T21:06:19.339Z,173446957933900
"""Davis @ MxiH63B6Pl"" checks",2024-12-17T21:06:15.961Z,173446957596100
"""willdevens @ sVfd-WUsjU"" checks",2024-12-17T21:06:13.697Z,173446957369700
"""Spence @ cbvju-2iMm"" checks",2024-12-17T21:06:12.850Z,173446957285000
"Flop:  [4♦, 5♣, K♥]",2024-12-17T21:06:08.098Z,173446956809800
"""willdevens @ sVfd-WUsjU"" checks",2024-12-17T21:06:07.286Z,173446956728600
"""Spence @ cbvju-2iMm"" calls 0.20",2024-12-17T21:06:05.982Z,173446956598200
"""Carver @ iHIG57mx6P"" calls 0.20",2024-12-17T21:06:01.084Z,173446956108400
"""Hanley2 @ LXzsz8PhQN"" folds",2024-12-17T21:05:58.425Z,173446955842500
"""Davis @ MxiH63B6Pl"" calls 0.20",2024-12-17T21:05:55.631Z,173446955563100
"The admin approved the player ""Kevin @ tbjpqIQSOB"" participation with a stack of 20.00.",2024-12-17T21:05:54.920Z,173446955492000
"""willdevens @ sVfd-WUsjU"" posts a big blind of 0.20",2024-12-17T21:05:51.247Z,173446955124708
"""Spence @ cbvju-2iMm"" posts a small blind of 0.10",2024-12-17T21:05:51.247Z,173446955124707
"Player stacks: #1 ""Hanley2 @ LXzsz8PhQN"" (38.35) | #2 ""Carver @ iHIG57mx6P"" (8.63) | #4 ""Spence @ cbvju-2iMm"" (61.23) | #8 ""willdevens @ sVfd-WUsjU"" (35.30) | #10 ""Davis @ MxiH63B6Pl"" (24.19)",2024-12-17T21:05:51.247Z,173446955124701
"-- starting hand #162 (id: vcemfheclbuq)  (No Limit Texas Hold'em) (dealer: ""Carver @ iHIG57mx6P"") --",2024-12-17T21:05:51.247Z,173446955124700
"The player ""Kevin @ tbjpqIQSOB"" requested a seat.",2024-12-17T21:05:48.403Z,173446954840300
"""willdevens @ sVfd-WUsjU"" shows a Q♠.",2024-12-17T21:05:45.392Z,173446954539200
"-- ending hand #161 --",2024-12-17T21:05:44.644Z,173446954464402
"""Spence @ cbvju-2iMm"" collected 1.20 from pot",2024-12-17T21:05:44.644Z,173446954464401
"Uncalled bet of 1.20 returned to ""Spence @ cbvju-2iMm""",2024-12-17T21:05:44.644Z,173446954464400
"""Carver @ iHIG57mx6P"" folds",2024-12-17T21:05:43.806Z,173446954380600
"""willdevens @ sVfd-WUsjU"" folds",2024-12-17T21:05:42.931Z,173446954293100
"""Spence @ cbvju-2iMm"" bets 1.20",2024-12-17T21:05:34.259Z,173446953425900
"""Carver @ iHIG57mx6P"" checks",2024-12-17T21:05:31.617Z,173446953161700
"Flop:  [10♠, K♦, Q♦]",2024-12-17T21:05:30.011Z,173446953001100
"""willdevens @ sVfd-WUsjU"" checks",2024-12-17T21:05:29.177Z,173446952917700
"""Spence @ cbvju-2iMm"" calls 0.40",2024-12-17T21:05:27.697Z,173446952769700
"""Carver @ iHIG57mx6P"" calls 0.40",2024-12-17T21:05:26.468Z,173446952646800
"""Hanley2 @ LXzsz8PhQN"" folds",2024-12-17T21:05:11.919Z,173446951191900
"""Davis @ MxiH63B6Pl"" folds",2024-12-17T21:05:05.101Z,173446950510100
"""willdevens @ sVfd-WUsjU"" posts a straddle of 0.40",2024-12-17T21:05:03.859Z,173446950385909
"""Spence @ cbvju-2iMm"" posts a big blind of 0.20",2024-12-17T21:05:03.859Z,173446950385908
"""Carver @ iHIG57mx6P"" posts a small blind of 0.10",2024-12-17T21:05:03.859Z,173446950385907
"Player stacks: #1 ""Hanley2 @ LXzsz8PhQN"" (38.35) | #2 ""Carver @ iHIG57mx6P"" (9.03) | #4 ""Spence @ cbvju-2iMm"" (60.43) | #8 ""willdevens @ sVfd-WUsjU"" (35.70) | #10 ""Davis @ MxiH63B6Pl"" (24.19)",2024-12-17T21:05:03.859Z,173446950385901
"-- starting hand #161 (id: xsmq89f1ga3w)  (No Limit Texas Hold'em) (dealer: ""Hanley2 @ LXzsz8PhQN"") --",2024-12-17T21:05:03.859Z,173446950385900
"-- ending hand #160 --",2024-12-17T21:04:57.832Z,173446949783203
"""Carver @ iHIG57mx6P"" shows a J♦, K♠.",2024-12-17T21:04:57.832Z,173446949783202
"""willdevens @ sVfd-WUsjU"" collected 2.40 from pot with Pair, 7's (combination: 7♥, 7♣, A♣, 9♣, 4♦)",2024-12-17T21:04:57.832Z,173446949783201
"""willdevens @ sVfd-WUsjU"" shows a 3♦, A♣.",2024-12-17T21:04:57.832Z,173446949783200
"""willdevens @ sVfd-WUsjU"" checks",2024-12-17T21:04:57.017Z,173446949701700
"""Carver @ iHIG57mx6P"" checks",2024-12-17T21:04:55.457Z,173446949545700
"River: 2♥, 7♥, 7♣, 4♦ [9♣]",2024-12-17T21:04:53.705Z,173446949370500
"""willdevens @ sVfd-WUsjU"" checks",2024-12-17T21:04:52.893Z,173446949289300
"""Carver @ iHIG57mx6P"" checks",2024-12-17T21:04:51.056Z,173446949105600
"Turn: 2♥, 7♥, 7♣ [4♦]",2024-12-17T21:04:49.816Z,173446948981600
"""Carver @ iHIG57mx6P"" calls 0.55",2024-12-17T21:04:48.961Z,173446948896100
"""willdevens @ sVfd-WUsjU"" bets 0.55",2024-12-17T21:04:44.391Z,173446948439100
"""Carver @ iHIG57mx6P"" checks",2024-12-17T21:04:40.883Z,173446948088300
"Flop:  [2♥, 7♥, 7♣]",2024-12-17T21:04:39.397Z,173446947939700
"""Carver @ iHIG57mx6P"" calls 0.60",2024-12-17T21:04:38.540Z,173446947854000
"""Hanley2 @ LXzsz8PhQN"" folds",2024-12-17T21:04:35.095Z,173446947509500
"""Davis @ MxiH63B6Pl"" folds",2024-12-17T21:04:17.846Z,173446945784600
"""willdevens @ sVfd-WUsjU"" raises to 0.60",2024-12-17T21:04:12.507Z,173446945250700
"""Spence @ cbvju-2iMm"" folds",2024-12-17T21:04:09.424Z,173446944942400
"""Carver @ iHIG57mx6P"" posts a big blind of 0.20",2024-12-17T21:04:07.076Z,173446944707608
"""Hanley2 @ LXzsz8PhQN"" posts a small blind of 0.10",2024-12-17T21:04:07.076Z,173446944707607
"Player stacks: #1 ""Hanley2 @ LXzsz8PhQN"" (38.45) | #2 ""Carver @ iHIG57mx6P"" (10.18) | #4 ""Spence @ cbvju-2iMm"" (60.43) | #8 ""willdevens @ sVfd-WUsjU"" (34.45) | #10 ""Davis @ MxiH63B6Pl"" (24.19)",2024-12-17T21:04:07.076Z,173446944707601
"-- starting hand #160 (id: 4gpseotdalvu)  (No Limit Texas Hold'em) (dealer: ""Davis @ MxiH63B6Pl"") --",2024-12-17T21:04:07.076Z,173446944707600
"-- ending hand #159 --",2024-12-17T21:04:01.165Z,173446944116502
"""Davis @ MxiH63B6Pl"" collected 12.00 from pot",2024-12-17T21:04:01.165Z,173446944116501
"Uncalled bet of 6.00 returned to ""Davis @ MxiH63B6Pl""",2024-12-17T21:04:01.165Z,173446944116500
"""Spence @ cbvju-2iMm"" folds",2024-12-17T21:04:00.336Z,173446944033600
"""Davis @ MxiH63B6Pl"" raises to 9.60",2024-12-17T21:03:57.817Z,173446943781700
"""Spence @ cbvju-2iMm"" bets 3.60",2024-12-17T21:03:49.630Z,173446942963000
"""Davis @ MxiH63B6Pl"" checks",2024-12-17T21:03:46.246Z,173446942624600
"Turn: 5♣, 3♠, 10♣ [10♦]",2024-12-17T21:03:44.012Z,173446942401200
"""Davis @ MxiH63B6Pl"" calls 1.60",2024-12-17T21:03:43.183Z,173446942318300
"""Spence @ cbvju-2iMm"" bets 1.60",2024-12-17T21:03:40.580Z,173446942058000
"""Davis @ MxiH63B6Pl"" checks",2024-12-17T21:03:37.126Z,173446941712600
"Flop:  [5♣, 3♠, 10♣]",2024-12-17T21:03:35.335Z,173446941533500
"""Hanley2 @ LXzsz8PhQN"" folds",2024-12-17T21:03:34.440Z,173446941444000
"""Davis @ MxiH63B6Pl"" calls 0.65",2024-12-17T21:03:32.530Z,173446941253000
"""willdevens @ sVfd-WUsjU"" folds",2024-12-17T21:03:27.034Z,173446940703400
"""Spence @ cbvju-2iMm"" raises to 0.65",2024-12-17T21:03:21.143Z,173446940114300
"""Carver @ iHIG57mx6P"" folds",2024-12-17T21:03:15.794Z,173446939579400
"""Spence @ cbvju-2iMm"" posts a missed big blind of 0.20",2024-12-17T21:03:14.285Z,173446939428511
"""Spence @ cbvju-2iMm"" posts a missing small blind of 0.10",2024-12-17T21:03:14.285Z,173446939428510
"""Hanley2 @ LXzsz8PhQN"" posts a big blind of 0.20",2024-12-17T21:03:14.285Z,173446939428509
"""Davis @ MxiH63B6Pl"" posts a small blind of 0.10",2024-12-17T21:03:14.285Z,173446939428508
"Player stacks: #1 ""Hanley2 @ LXzsz8PhQN"" (38.65) | #2 ""Carver @ iHIG57mx6P"" (10.18) | #4 ""Spence @ cbvju-2iMm"" (66.38) | #8 ""willdevens @ sVfd-WUsjU"" (34.45) | #10 ""Davis @ MxiH63B6Pl"" (18.04)",2024-12-17T21:03:14.285Z,173446939428502
"-- starting hand #159 (id: juu95ljn8hwc)  (No Limit Texas Hold'em) (dealer: ""willdevens @ sVfd-WUsjU"") --",2024-12-17T21:03:14.285Z,173446939428501
"The player ""Spence @ cbvju-2iMm"" joined the game with a stack of 66.38.",2024-12-17T21:03:14.285Z,173446939428500
"-- ending hand #158 --",2024-12-17T21:03:11.312Z,173446939131202
"""Davis @ MxiH63B6Pl"" collected 10.10 from pot",2024-12-17T21:03:11.312Z,173446939131201
"Uncalled bet of 7.94 returned to ""Davis @ MxiH63B6Pl""",2024-12-17T21:03:11.312Z,173446939131200
"""Carver @ iHIG57mx6P"" folds",2024-12-17T21:03:10.499Z,173446939049900
"""Davis @ MxiH63B6Pl"" raises to 11.44 and go all in",2024-12-17T21:03:08.736Z,173446938873600
"""Carver @ iHIG57mx6P"" raises to 3.50",2024-12-17T21:02:57.766Z,173446937776600
"""Davis @ MxiH63B6Pl"" bets 1.20",2024-12-17T21:02:50.845Z,173446937084500
"River: 7♠, 4♦, 3♠, J♥ [6♥]",2024-12-17T21:02:42.545Z,173446936254500
"""Carver @ iHIG57mx6P"" calls 0.93",2024-12-17T21:02:41.697Z,173446936169700
"""Davis @ MxiH63B6Pl"" bets 0.93",2024-12-17T21:02:38.666Z,173446935866600
"Turn: 7♠, 4♦, 3♠ [J♥]",2024-12-17T21:02:31.407Z,173446935140700
"""Carver @ iHIG57mx6P"" calls 0.37",2024-12-17T21:02:30.559Z,173446935055900
"""Davis @ MxiH63B6Pl"" bets 0.37",2024-12-17T21:02:28.248Z,173446934824800
"Flop:  [7♠, 4♦, 3♠]",2024-12-17T21:02:24.694Z,173446934469400
"""Davis @ MxiH63B6Pl"" checks",2024-12-17T21:02:23.872Z,173446934387200
"""willdevens @ sVfd-WUsjU"" folds",2024-12-17T21:02:22.484Z,173446934248400
"""Carver @ iHIG57mx6P"" calls 0.20",2024-12-17T21:02:21.368Z,173446934136800
"""Hanley2 @ LXzsz8PhQN"" folds",2024-12-17T21:02:06.700Z,173446932670000
"""Davis @ MxiH63B6Pl"" posts a big blind of 0.20",2024-12-17T21:01:48.453Z,173446930845307
"""willdevens @ sVfd-WUsjU"" posts a small blind of 0.10",2024-12-17T21:01:48.453Z,173446930845306
"Player stacks: #1 ""Hanley2 @ LXzsz8PhQN"" (38.65) | #2 ""Carver @ iHIG57mx6P"" (15.18) | #8 ""willdevens @ sVfd-WUsjU"" (34.55) | #10 ""Davis @ MxiH63B6Pl"" (12.94)",2024-12-17T21:01:48.453Z,173446930845301
"-- starting hand #158 (id: yq640diokgsn)  (No Limit Texas Hold'em) (dealer: ""Carver @ iHIG57mx6P"") --",2024-12-17T21:01:48.453Z,173446930845300
"""willdevens @ sVfd-WUsjU"" shows a Q♣.",2024-12-17T21:01:45.043Z,173446930504300
"-- ending hand #157 --",2024-12-17T21:01:41.893Z,173446930189303
"""Carver @ iHIG57mx6P"" shows a K♦, A♥.",2024-12-17T21:01:41.893Z,173446930189302
"""Hanley2 @ LXzsz8PhQN"" collected 21.20 from pot with Straight, A High (combination: A♦, K♣, Q♥, J♣, 10♣)",2024-12-17T21:01:41.893Z,173446930189301
"""Hanley2 @ LXzsz8PhQN"" shows a A♦, Q♥.",2024-12-17T21:01:41.893Z,173446930189300
"""Hanley2 @ LXzsz8PhQN"" calls 4.00",2024-12-17T21:01:41.065Z,173446930106500
"""Carver @ iHIG57mx6P"" bets 4.00",2024-12-17T21:01:39.140Z,173446929914000
"The player ""Spence @ cbvju-2iMm"" sit back with the stack of 66.38.",2024-12-17T21:01:37.123Z,173446929712300
"River: 8♥, K♣, 10♣, J♣ [7♥]",2024-12-17T21:01:33.371Z,173446929337100
"""Hanley2 @ LXzsz8PhQN"" checks",2024-12-17T21:01:32.524Z,173446929252400
"""Carver @ iHIG57mx6P"" checks",2024-12-17T21:01:29.951Z,173446928995100
"Turn: 8♥, K♣, 10♣ [J♣]",2024-12-17T21:01:24.499Z,173446928449900
"""Hanley2 @ LXzsz8PhQN"" calls 3.00",2024-12-17T21:01:23.688Z,173446928368800
"""Carver @ iHIG57mx6P"" bets 3.00",2024-12-17T21:01:20.634Z,173446928063400
"Flop:  [8♥, K♣, 10♣]",2024-12-17T21:01:12.934Z,173446927293400
"""Hanley2 @ LXzsz8PhQN"" calls 3.50",2024-12-17T21:01:12.121Z,173446927212100
"""willdevens @ sVfd-WUsjU"" folds",2024-12-17T21:01:09.966Z,173446926996600
"""Carver @ iHIG57mx6P"" raises to 3.50",2024-12-17T21:01:09.047Z,173446926904700
"""Hanley2 @ LXzsz8PhQN"" raises to 1.00",2024-12-17T21:01:00.902Z,173446926090200
"""Davis @ MxiH63B6Pl"" folds",2024-12-17T21:00:53.779Z,173446925377900
"""willdevens @ sVfd-WUsjU"" posts a big blind of 0.20",2024-12-17T21:00:51.273Z,173446925127307
"""Carver @ iHIG57mx6P"" posts a small blind of 0.10",2024-12-17T21:00:51.273Z,173446925127306
"Player stacks: #1 ""Hanley2 @ LXzsz8PhQN"" (27.95) | #2 ""Carver @ iHIG57mx6P"" (25.68) | #8 ""willdevens @ sVfd-WUsjU"" (34.75) | #10 ""Davis @ MxiH63B6Pl"" (12.94)",2024-12-17T21:00:51.273Z,173446925127301
"-- starting hand #157 (id: p5jjblhumzux)  (No Limit Texas Hold'em) (dealer: ""Hanley2 @ LXzsz8PhQN"") --",2024-12-17T21:00:51.273Z,173446925127300
"-- ending hand #156 --",2024-12-17T21:00:45.262Z,173446924526202
"""willdevens @ sVfd-WUsjU"" collected 18.10 from pot with Two Pair, 10's & 6's (combination: 10♣, 10♠, 6♣, 6♠, A♣)",2024-12-17T21:00:45.262Z,173446924526201
"""willdevens @ sVfd-WUsjU"" shows a 10♣, A♣.",2024-12-17T21:00:45.262Z,173446924526200
"""Davis @ MxiH63B6Pl"" calls 2.50",2024-12-17T21:00:44.397Z,173446924439700
"""willdevens @ sVfd-WUsjU"" bets 2.50",2024-12-17T21:00:36.149Z,173446923614900
"River: 6♣, 10♠, 9♥, 6♠ [Q♣]",2024-12-17T21:00:27.733Z,173446922773300
"""Davis @ MxiH63B6Pl"" calls 3.50",2024-12-17T21:00:26.894Z,173446922689400
"""willdevens @ sVfd-WUsjU"" bets 3.50",2024-12-17T21:00:06.445Z,173446920644500
"Turn: 6♣, 10♠, 9♥ [6♠]",2024-12-17T21:00:03.079Z,173446920307900
"""Carver @ iHIG57mx6P"" folds",2024-12-17T21:00:02.241Z,173446920224100
"""Davis @ MxiH63B6Pl"" calls 1.20",2024-12-17T21:00:00.598Z,173446920059800
"""willdevens @ sVfd-WUsjU"" bets 1.20",2024-12-17T20:59:58.577Z,173446919857700
"""Carver @ iHIG57mx6P"" checks",2024-12-17T20:59:55.758Z,173446919575800
"Flop:  [6♣, 10♠, 9♥]",2024-12-17T20:59:54.161Z,173446919416100
"""Carver @ iHIG57mx6P"" calls 1.20",2024-12-17T20:59:53.348Z,173446919334800
"""Davis @ MxiH63B6Pl"" calls 1.20",2024-12-17T20:59:47.408Z,173446918740800
"""willdevens @ sVfd-WUsjU"" raises to 1.20",2024-12-17T20:59:44.486Z,173446918448600
"""Carver @ iHIG57mx6P"" calls 0.40",2024-12-17T20:59:41.504Z,173446918150400
"""Hanley2 @ LXzsz8PhQN"" folds",2024-12-17T20:59:37.856Z,173446917785600
"""Davis @ MxiH63B6Pl"" calls 0.40",2024-12-17T20:59:29.603Z,173446916960300
"""willdevens @ sVfd-WUsjU"" posts a straddle of 0.40",2024-12-17T20:59:25.932Z,173446916593208
"""Carver @ iHIG57mx6P"" posts a big blind of 0.20",2024-12-17T20:59:25.932Z,173446916593207
"""Hanley2 @ LXzsz8PhQN"" posts a small blind of 0.10",2024-12-17T20:59:25.932Z,173446916593206
"Player stacks: #1 ""Hanley2 @ LXzsz8PhQN"" (28.05) | #2 ""Carver @ iHIG57mx6P"" (26.88) | #8 ""willdevens @ sVfd-WUsjU"" (25.05) | #10 ""Davis @ MxiH63B6Pl"" (21.34)",2024-12-17T20:59:25.932Z,173446916593201
"-- starting hand #156 (id: irzu9vvfnmzt)  (No Limit Texas Hold'em) (dealer: ""Davis @ MxiH63B6Pl"") --",2024-12-17T20:59:25.932Z,173446916593200
"-- ending hand #155 --",2024-12-17T20:59:19.979Z,173446915997902
"""willdevens @ sVfd-WUsjU"" collected 4.30 from pot",2024-12-17T20:59:19.979Z,173446915997901
"Uncalled bet of 2.75 returned to ""willdevens @ sVfd-WUsjU""",2024-12-17T20:59:19.979Z,173446915997900
"""Carver @ iHIG57mx6P"" folds",2024-12-17T20:59:19.150Z,173446915915000
"""willdevens @ sVfd-WUsjU"" bets 2.75",2024-12-17T20:59:11.629Z,173446915162900
"""Carver @ iHIG57mx6P"" checks",2024-12-17T20:59:05.781Z,173446914578100
"Flop:  [7♦, 3♦, 6♥]",2024-12-17T20:59:04.042Z,173446914404200
"""Carver @ iHIG57mx6P"" calls 2.00",2024-12-17T20:59:03.201Z,173446914320100
"""Hanley2 @ LXzsz8PhQN"" folds",2024-12-17T20:58:51.446Z,173446913144600
"""Davis @ MxiH63B6Pl"" folds",2024-12-17T20:58:40.905Z,173446912090500
"""willdevens @ sVfd-WUsjU"" raises to 2.00",2024-12-17T20:58:40.023Z,173446912002300
"""Carver @ iHIG57mx6P"" raises to 0.80",2024-12-17T20:58:35.164Z,173446911516400
"""Hanley2 @ LXzsz8PhQN"" posts a big blind of 0.20",2024-12-17T20:58:32.530Z,173446911253007
"""Davis @ MxiH63B6Pl"" posts a small blind of 0.10",2024-12-17T20:58:32.530Z,173446911253006
"Player stacks: #1 ""Hanley2 @ LXzsz8PhQN"" (28.25) | #2 ""Carver @ iHIG57mx6P"" (28.88) | #8 ""willdevens @ sVfd-WUsjU"" (22.75) | #10 ""Davis @ MxiH63B6Pl"" (21.44)",2024-12-17T20:58:32.530Z,173446911253001
"-- starting hand #155 (id: wejybec5xwof)  (No Limit Texas Hold'em) (dealer: ""willdevens @ sVfd-WUsjU"") --",2024-12-17T20:58:32.530Z,173446911253000
"-- ending hand #154 --",2024-12-17T20:58:26.514Z,173446910651403
"""Hanley2 @ LXzsz8PhQN"" shows a 6♠, 10♠.",2024-12-17T20:58:26.514Z,173446910651402
"""Carver @ iHIG57mx6P"" collected 1.10 from pot with Two Pair, 9's & 7's (combination: 9♣, 9♥, 7♣, 7♠, J♣)",2024-12-17T20:58:26.514Z,173446910651401
"""Carver @ iHIG57mx6P"" shows a 10♥, 9♣.",2024-12-17T20:58:26.514Z,173446910651400
"""Carver @ iHIG57mx6P"" checks",2024-12-17T20:58:25.682Z,173446910568200
"""Hanley2 @ LXzsz8PhQN"" checks",2024-12-17T20:58:22.184Z,173446910218400
"River: 7♣, 9♥, J♣, 7♠ [4♥]",2024-12-17T20:58:16.678Z,173446909667800
"""Carver @ iHIG57mx6P"" checks",2024-12-17T20:58:15.848Z,173446909584800
"""Hanley2 @ LXzsz8PhQN"" checks",2024-12-17T20:58:10.777Z,173446909077700
"Turn: 7♣, 9♥, J♣ [7♠]",2024-12-17T20:58:06.519Z,173446908651900
"""Davis @ MxiH63B6Pl"" folds",2024-12-17T20:58:05.691Z,173446908569100
"""Carver @ iHIG57mx6P"" calls 0.20",2024-12-17T20:58:04.057Z,173446908405700
"""Hanley2 @ LXzsz8PhQN"" bets 0.20",2024-12-17T20:57:58.793Z,173446907879300
"""Davis @ MxiH63B6Pl"" checks",2024-12-17T20:57:53.041Z,173446907304100
"Flop:  [7♣, 9♥, J♣]",2024-12-17T20:57:51.191Z,173446907119100
"""Davis @ MxiH63B6Pl"" checks",2024-12-17T20:57:50.384Z,173446907038400
"""willdevens @ sVfd-WUsjU"" folds",2024-12-17T20:57:49.094Z,173446906909400
"""Carver @ iHIG57mx6P"" calls 0.20",2024-12-17T20:57:43.699Z,173446906369900
"""Hanley2 @ LXzsz8PhQN"" calls 0.20",2024-12-17T20:57:41.844Z,173446906184400
"""Davis @ MxiH63B6Pl"" posts a big blind of 0.20",2024-12-17T20:57:39.780Z,173446905978007
"""willdevens @ sVfd-WUsjU"" posts a small blind of 0.10",2024-12-17T20:57:39.780Z,173446905978006
"Player stacks: #1 ""Hanley2 @ LXzsz8PhQN"" (28.65) | #2 ""Carver @ iHIG57mx6P"" (28.18) | #8 ""willdevens @ sVfd-WUsjU"" (22.85) | #10 ""Davis @ MxiH63B6Pl"" (21.64)",2024-12-17T20:57:39.780Z,173446905978001
"-- starting hand #154 (id: o3wza1wlr6do)  (No Limit Texas Hold'em) (dealer: ""Carver @ iHIG57mx6P"") --",2024-12-17T20:57:39.780Z,173446905978000
"-- ending hand #153 --",2024-12-17T20:57:33.837Z,173446905383702
"""Hanley2 @ LXzsz8PhQN"" collected 0.50 from pot",2024-12-17T20:57:33.837Z,173446905383701
"Uncalled bet of 0.70 returned to ""Hanley2 @ LXzsz8PhQN""",2024-12-17T20:57:33.837Z,173446905383700
"""willdevens @ sVfd-WUsjU"" folds",2024-12-17T20:57:33.010Z,173446905301000
"""Carver @ iHIG57mx6P"" folds",2024-12-17T20:57:32.138Z,173446905213800
"""Hanley2 @ LXzsz8PhQN"" raises to 0.90",2024-12-17T20:57:29.480Z,173446904948000
"""Davis @ MxiH63B6Pl"" folds",2024-12-17T20:57:21.308Z,173446904130800
"""willdevens @ sVfd-WUsjU"" posts a big blind of 0.20",2024-12-17T20:57:20.246Z,173446904024608
"""Carver @ iHIG57mx6P"" posts a small blind of 0.10",2024-12-17T20:57:20.246Z,173446904024607
"Player stacks: #1 ""Hanley2 @ LXzsz8PhQN"" (28.35) | #2 ""Carver @ iHIG57mx6P"" (28.28) | #8 ""willdevens @ sVfd-WUsjU"" (23.05) | #10 ""Davis @ MxiH63B6Pl"" (21.64)",2024-12-17T20:57:20.246Z,173446904024602
"-- starting hand #153 (id: tud9danbj5ee)  (No Limit Texas Hold'em) (dealer: ""Hanley2 @ LXzsz8PhQN"") --",2024-12-17T20:57:20.246Z,173446904024601
"The player ""Spence @ cbvju-2iMm"" stand up with the stack of 66.38.",2024-12-17T20:57:20.246Z,173446904024600
"""Hanley2 @ LXzsz8PhQN"" shows a 4♦.",2024-12-17T20:57:17.836Z,173446903783600
"""Spence @ cbvju-2iMm"" shows a Q♦.",2024-12-17T20:57:17.518Z,173446903751800
"""Carver @ iHIG57mx6P"" shows a J♦.",2024-12-17T20:57:15.017Z,173446903501700
"-- ending hand #152 --",2024-12-17T20:57:12.198Z,173446903219802
"""Hanley2 @ LXzsz8PhQN"" collected 0.80 from pot",2024-12-17T20:57:12.198Z,173446903219801
"Uncalled bet of 0.40 returned to ""Hanley2 @ LXzsz8PhQN""",2024-12-17T20:57:12.198Z,173446903219800
"""Carver @ iHIG57mx6P"" folds",2024-12-17T20:57:11.375Z,173446903137500
"""Hanley2 @ LXzsz8PhQN"" bets 0.40",2024-12-17T20:57:09.873Z,173446902987300
"Flop:  [3♦, K♠, K♦]",2024-12-17T20:57:01.032Z,173446902103200
"""Carver @ iHIG57mx6P"" calls 0.40",2024-12-17T20:57:00.204Z,173446902020400
"""Hanley2 @ LXzsz8PhQN"" raises to 0.40",2024-12-17T20:56:57.981Z,173446901798100
"""Davis @ MxiH63B6Pl"" folds",2024-12-17T20:56:51.402Z,173446901140200
"""willdevens @ sVfd-WUsjU"" folds",2024-12-17T20:56:47.365Z,173446900736500
"""Spence @ cbvju-2iMm"" folds",2024-12-17T20:56:46.167Z,173446900616700
"""Carver @ iHIG57mx6P"" posts a big blind of 0.20",2024-12-17T20:56:44.056Z,173446900405608
"""Hanley2 @ LXzsz8PhQN"" posts a small blind of 0.10",2024-12-17T20:56:44.056Z,173446900405607
"Player stacks: #1 ""Hanley2 @ LXzsz8PhQN"" (27.95) | #2 ""Carver @ iHIG57mx6P"" (28.68) | #4 ""Spence @ cbvju-2iMm"" (66.38) | #8 ""willdevens @ sVfd-WUsjU"" (23.05) | #10 ""Davis @ MxiH63B6Pl"" (21.64)",2024-12-17T20:56:44.056Z,173446900405601
"-- starting hand #152 (id: tltg0beuiuor)  (No Limit Texas Hold'em) (dealer: ""Davis @ MxiH63B6Pl"") --",2024-12-17T20:56:44.056Z,173446900405600
"-- ending hand #151 --",2024-12-17T20:56:38.117Z,173446899811702
"""Davis @ MxiH63B6Pl"" collected 0.60 from pot",2024-12-17T20:56:38.117Z,173446899811701
"Uncalled bet of 0.90 returned to ""Davis @ MxiH63B6Pl""",2024-12-17T20:56:38.117Z,173446899811700
"""Spence @ cbvju-2iMm"" folds",2024-12-17T20:56:37.274Z,173446899727400
"""Hanley2 @ LXzsz8PhQN"" folds",2024-12-17T20:56:35.983Z,173446899598300
"""Davis @ MxiH63B6Pl"" raises to 1.10",2024-12-17T20:56:31.212Z,173446899121200
"""willdevens @ sVfd-WUsjU"" folds",2024-12-17T20:56:26.627Z,173446898662700
"""Spence @ cbvju-2iMm"" calls 0.20",2024-12-17T20:56:25.779Z,173446898577900
"""Carver @ iHIG57mx6P"" folds",2024-12-17T20:56:23.560Z,173446898356000
"""Hanley2 @ LXzsz8PhQN"" posts a big blind of 0.20",2024-12-17T20:56:20.212Z,173446898021208
"""Davis @ MxiH63B6Pl"" posts a small blind of 0.10",2024-12-17T20:56:20.212Z,173446898021207
"Player stacks: #1 ""Hanley2 @ LXzsz8PhQN"" (28.15) | #2 ""Carver @ iHIG57mx6P"" (28.68) | #4 ""Spence @ cbvju-2iMm"" (66.58) | #8 ""willdevens @ sVfd-WUsjU"" (23.05) | #10 ""Davis @ MxiH63B6Pl"" (21.24)",2024-12-17T20:56:20.212Z,173446898021201
"-- starting hand #151 (id: toqtaed4cs0o)  (No Limit Texas Hold'em) (dealer: ""willdevens @ sVfd-WUsjU"") --",2024-12-17T20:56:20.212Z,173446898021200
"""Davis @ MxiH63B6Pl"" shows a 9♣, Q♦.",2024-12-17T20:56:17.927Z,173446897792700
"""Carver @ iHIG57mx6P"" shows a 6♦.",2024-12-17T20:56:16.539Z,173446897653900
"-- ending hand #150 --",2024-12-17T20:56:15.886Z,173446897588602
"""Davis @ MxiH63B6Pl"" collected 1.24 from pot",2024-12-17T20:56:15.886Z,173446897588601
"Uncalled bet of 1.24 returned to ""Davis @ MxiH63B6Pl""",2024-12-17T20:56:15.886Z,173446897588600
"""Carver @ iHIG57mx6P"" folds",2024-12-17T20:56:14.998Z,173446897499800
"""Davis @ MxiH63B6Pl"" bets 1.24",2024-12-17T20:56:10.949Z,173446897094900
"River: K♥, J♣, 10♥, 6♠ [7♥]",2024-12-17T20:56:06.261Z,173446896626100
"""Carver @ iHIG57mx6P"" calls 0.37",2024-12-17T20:56:05.426Z,173446896542600
"""Davis @ MxiH63B6Pl"" bets 0.37",2024-12-17T20:56:01.898Z,173446896189800
"Turn: K♥, J♣, 10♥ [6♠]",2024-12-17T20:55:57.654Z,173446895765400
"""Carver @ iHIG57mx6P"" checks",2024-12-17T20:55:56.842Z,173446895684200
"""Davis @ MxiH63B6Pl"" checks",2024-12-17T20:55:53.059Z,173446895305900
"Flop:  [K♥, J♣, 10♥]",2024-12-17T20:55:50.743Z,173446895074300
"""Davis @ MxiH63B6Pl"" checks",2024-12-17T20:55:49.878Z,173446894987800
"""willdevens @ sVfd-WUsjU"" folds",2024-12-17T20:55:48.655Z,173446894865500
"""Spence @ cbvju-2iMm"" folds",2024-12-17T20:55:44.331Z,173446894433100
"""Carver @ iHIG57mx6P"" calls 0.20",2024-12-17T20:55:43.450Z,173446894345000
"""Hanley2 @ LXzsz8PhQN"" folds",2024-12-17T20:55:41.455Z,173446894145500
"""Davis @ MxiH63B6Pl"" posts a big blind of 0.20",2024-12-17T20:55:38.115Z,173446893811508
"""willdevens @ sVfd-WUsjU"" posts a small blind of 0.10",2024-12-17T20:55:38.115Z,173446893811507
"Player stacks: #1 ""Hanley2 @ LXzsz8PhQN"" (28.15) | #2 ""Carver @ iHIG57mx6P"" (29.25) | #4 ""Spence @ cbvju-2iMm"" (66.58) | #8 ""willdevens @ sVfd-WUsjU"" (23.15) | #10 ""Davis @ MxiH63B6Pl"" (20.57)",2024-12-17T20:55:38.115Z,173446893811501
"-- starting hand #150 (id: eptfunel5kt3)  (No Limit Texas Hold'em) (dealer: ""Spence @ cbvju-2iMm"") --",2024-12-17T20:55:38.115Z,173446893811500
"-- ending hand #149 --",2024-12-17T20:55:32.171Z,173446893217102
"""Hanley2 @ LXzsz8PhQN"" collected 0.60 from pot",2024-12-17T20:55:32.171Z,173446893217101
"Uncalled bet of 0.45 returned to ""Hanley2 @ LXzsz8PhQN""",2024-12-17T20:55:32.171Z,173446893217100
"""willdevens @ sVfd-WUsjU"" folds",2024-12-17T20:55:31.350Z,173446893135000
"""Spence @ cbvju-2iMm"" folds",2024-12-17T20:55:30.447Z,173446893044700
"""Hanley2 @ LXzsz8PhQN"" bets 0.45",2024-12-17T20:55:20.510Z,173446892051000
"""willdevens @ sVfd-WUsjU"" checks",2024-12-17T20:55:14.252Z,173446891425200
"""Spence @ cbvju-2iMm"" checks",2024-12-17T20:55:12.148Z,173446891214800
"Flop:  [K♣, 7♣, J♠]",2024-12-17T20:55:06.259Z,173446890625900
"""willdevens @ sVfd-WUsjU"" checks",2024-12-17T20:55:05.405Z,173446890540500
"""Spence @ cbvju-2iMm"" calls 0.20",2024-12-17T20:55:04.364Z,173446890436400
"""Carver @ iHIG57mx6P"" folds",2024-12-17T20:55:03.436Z,173446890343600
"""Hanley2 @ LXzsz8PhQN"" calls 0.20",2024-12-17T20:55:02.527Z,173446890252700
"""Davis @ MxiH63B6Pl"" folds",2024-12-17T20:55:01.287Z,173446890128700
"""willdevens @ sVfd-WUsjU"" posts a big blind of 0.20",2024-12-17T20:54:57.980Z,173446889798008
"""Spence @ cbvju-2iMm"" posts a small blind of 0.10",2024-12-17T20:54:57.980Z,173446889798007
"Player stacks: #1 ""Hanley2 @ LXzsz8PhQN"" (27.75) | #2 ""Carver @ iHIG57mx6P"" (29.25) | #4 ""Spence @ cbvju-2iMm"" (66.78) | #8 ""willdevens @ sVfd-WUsjU"" (23.35) | #10 ""Davis @ MxiH63B6Pl"" (20.57)",2024-12-17T20:54:57.980Z,173446889798001
"-- starting hand #149 (id: wc5vherojppz)  (No Limit Texas Hold'em) (dealer: ""Carver @ iHIG57mx6P"") --",2024-12-17T20:54:57.980Z,173446889798000
"""Carver @ iHIG57mx6P"" shows a 9♦, 6♣.",2024-12-17T20:54:55.565Z,173446889556500
"-- ending hand #148 --",2024-12-17T20:54:51.361Z,173446889136102
"""willdevens @ sVfd-WUsjU"" collected 4.30 from pot",2024-12-17T20:54:51.361Z,173446889136101
"Uncalled bet of 4.00 returned to ""willdevens @ sVfd-WUsjU""",2024-12-17T20:54:51.361Z,173446889136100
"""Hanley2 @ LXzsz8PhQN"" folds",2024-12-17T20:54:50.533Z,173446889053300
"""willdevens @ sVfd-WUsjU"" bets 4.00",2024-12-17T20:54:48.535Z,173446888853500
"Flop:  [3♥, 7♣, 5♥]",2024-12-17T20:54:44.556Z,173446888455600
"""Hanley2 @ LXzsz8PhQN"" calls 2.00",2024-12-17T20:54:43.724Z,173446888372400
"""willdevens @ sVfd-WUsjU"" raises to 2.00",2024-12-17T20:54:38.126Z,173446887812600
"""Spence @ cbvju-2iMm"" folds",2024-12-17T20:54:34.047Z,173446887404700
"""Carver @ iHIG57mx6P"" folds",2024-12-17T20:54:33.125Z,173446887312500
"""Hanley2 @ LXzsz8PhQN"" raises to 0.80",2024-12-17T20:54:32.235Z,173446887223500
"""Davis @ MxiH63B6Pl"" folds",2024-12-17T20:54:25.384Z,173446886538400
"""willdevens @ sVfd-WUsjU"" posts a straddle of 0.40",2024-12-17T20:54:24.212Z,173446886421209
"""Spence @ cbvju-2iMm"" posts a big blind of 0.20",2024-12-17T20:54:24.212Z,173446886421208
"""Carver @ iHIG57mx6P"" posts a small blind of 0.10",2024-12-17T20:54:24.212Z,173446886421207
"Player stacks: #1 ""Hanley2 @ LXzsz8PhQN"" (29.75) | #2 ""Carver @ iHIG57mx6P"" (29.35) | #4 ""Spence @ cbvju-2iMm"" (66.98) | #8 ""willdevens @ sVfd-WUsjU"" (21.05) | #10 ""Davis @ MxiH63B6Pl"" (20.57)",2024-12-17T20:54:24.212Z,173446886421201
"-- starting hand #148 (id: 9sqhdnirafl6)  (No Limit Texas Hold'em) (dealer: ""Hanley2 @ LXzsz8PhQN"") --",2024-12-17T20:54:24.212Z,173446886421200
"-- ending hand #147 --",2024-12-17T20:54:18.287Z,173446885828702
"""willdevens @ sVfd-WUsjU"" collected 2.40 from pot",2024-12-17T20:54:18.287Z,173446885828701
"Uncalled bet of 1.00 returned to ""willdevens @ sVfd-WUsjU""",2024-12-17T20:54:18.287Z,173446885828700
"""Spence @ cbvju-2iMm"" folds",2024-12-17T20:54:17.455Z,173446885745500
"""Carver @ iHIG57mx6P"" folds",2024-12-17T20:53:56.550Z,173446883655000
"""Hanley2 @ LXzsz8PhQN"" folds",2024-12-17T20:53:55.272Z,173446883527200
"""willdevens @ sVfd-WUsjU"" bets 1.00",2024-12-17T20:53:53.196Z,173446883319600
"""Spence @ cbvju-2iMm"" checks",2024-12-17T20:53:50.992Z,173446883099200
"""Carver @ iHIG57mx6P"" checks",2024-12-17T20:53:50.104Z,173446883010400
"""Hanley2 @ LXzsz8PhQN"" checks",2024-12-17T20:53:48.503Z,173446882850300
"Flop:  [6♥, J♥, J♠]",2024-12-17T20:53:41.549Z,173446882154900
"""Spence @ cbvju-2iMm"" calls 0.60",2024-12-17T20:53:40.683Z,173446882068300
"""Carver @ iHIG57mx6P"" calls 0.60",2024-12-17T20:53:38.228Z,173446881822800
"""Hanley2 @ LXzsz8PhQN"" calls 0.60",2024-12-17T20:53:34.325Z,173446881432500
"""Davis @ MxiH63B6Pl"" folds",2024-12-17T20:53:32.162Z,173446881216200
"""willdevens @ sVfd-WUsjU"" raises to 0.60",2024-12-17T20:53:31.218Z,173446881121800
"""Spence @ cbvju-2iMm"" calls 0.20",2024-12-17T20:53:27.816Z,173446880781600
"""Carver @ iHIG57mx6P"" posts a big blind of 0.20",2024-12-17T20:53:26.259Z,173446880625908
"""Hanley2 @ LXzsz8PhQN"" posts a small blind of 0.10",2024-12-17T20:53:26.259Z,173446880625907
"Player stacks: #1 ""Hanley2 @ LXzsz8PhQN"" (30.35) | #2 ""Carver @ iHIG57mx6P"" (29.95) | #4 ""Spence @ cbvju-2iMm"" (67.58) | #8 ""willdevens @ sVfd-WUsjU"" (19.25) | #10 ""Davis @ MxiH63B6Pl"" (20.57)",2024-12-17T20:53:26.259Z,173446880625901
"-- starting hand #147 (id: 31bhbsgz0wad)  (No Limit Texas Hold'em) (dealer: ""Davis @ MxiH63B6Pl"") --",2024-12-17T20:53:26.259Z,173446880625900
"-- ending hand #146 --",2024-12-17T20:53:20.294Z,173446880029402
"""willdevens @ sVfd-WUsjU"" collected 10.40 from pot",2024-12-17T20:53:20.294Z,173446880029401
"Uncalled bet of 8.85 returned to ""willdevens @ sVfd-WUsjU""",2024-12-17T20:53:20.294Z,173446880029400
"""Hanley2 @ LXzsz8PhQN"" folds",2024-12-17T20:53:19.476Z,173446879947600
"""willdevens @ sVfd-WUsjU"" raises to 10.25 and go all in",2024-12-17T20:53:04.294Z,173446878429400
"""Spence @ cbvju-2iMm"" folds",2024-12-17T20:53:01.004Z,173446878100400
"""Hanley2 @ LXzsz8PhQN"" bets 1.40",2024-12-17T20:52:59.674Z,173446877967400
"Flop:  [J♦, Q♠, 8♥]",2024-12-17T20:52:51.075Z,173446877107500
"""willdevens @ sVfd-WUsjU"" calls 2.50",2024-12-17T20:52:50.269Z,173446877026900
"""Spence @ cbvju-2iMm"" calls 2.50",2024-12-17T20:52:48.960Z,173446876896000
"""Hanley2 @ LXzsz8PhQN"" raises to 2.50",2024-12-17T20:52:46.270Z,173446876627000
"""Davis @ MxiH63B6Pl"" folds",2024-12-17T20:52:35.941Z,173446875594100
"""willdevens @ sVfd-WUsjU"" raises to 1.10",2024-12-17T20:52:35.030Z,173446875503000
"""Spence @ cbvju-2iMm"" raises to 0.57",2024-12-17T20:52:31.652Z,173446875165200
"""Carver @ iHIG57mx6P"" folds",2024-12-17T20:52:23.351Z,173446874335100
"""Hanley2 @ LXzsz8PhQN"" posts a big blind of 0.20",2024-12-17T20:52:13.523Z,173446873352308
"""Davis @ MxiH63B6Pl"" posts a small blind of 0.10",2024-12-17T20:52:13.523Z,173446873352307
"Player stacks: #1 ""Hanley2 @ LXzsz8PhQN"" (34.25) | #2 ""Carver @ iHIG57mx6P"" (29.95) | #4 ""Spence @ cbvju-2iMm"" (70.08) | #8 ""willdevens @ sVfd-WUsjU"" (12.75) | #10 ""Davis @ MxiH63B6Pl"" (20.67)",2024-12-17T20:52:13.523Z,173446873352301
"-- starting hand #146 (id: iftccvlqkgke)  (No Limit Texas Hold'em) (dealer: ""willdevens @ sVfd-WUsjU"") --",2024-12-17T20:52:13.523Z,173446873352300
"-- ending hand #145 --",2024-12-17T20:52:07.595Z,173446872759502
"""Davis @ MxiH63B6Pl"" collected 1.24 from pot",2024-12-17T20:52:07.595Z,173446872759501
"Uncalled bet of 0.93 returned to ""Davis @ MxiH63B6Pl""",2024-12-17T20:52:07.595Z,173446872759500
"""Spence @ cbvju-2iMm"" folds",2024-12-17T20:52:06.750Z,173446872675000
"""Davis @ MxiH63B6Pl"" bets 0.93",2024-12-17T20:52:05.674Z,173446872567400
"Turn: Q♣, 4♣, Q♠ [3♥]",2024-12-17T20:51:58.492Z,173446871849200
"""Spence @ cbvju-2iMm"" checks",2024-12-17T20:51:57.632Z,173446871763200
"""Davis @ MxiH63B6Pl"" checks",2024-12-17T20:51:56.580Z,173446871658000
"Flop:  [Q♣, 4♣, Q♠]",2024-12-17T20:51:50.070Z,173446871007000
"""Davis @ MxiH63B6Pl"" calls 0.57",2024-12-17T20:51:49.227Z,173446870922700
"""willdevens @ sVfd-WUsjU"" folds",2024-12-17T20:51:47.736Z,173446870773600
"""Spence @ cbvju-2iMm"" raises to 0.57",2024-12-17T20:51:46.823Z,173446870682300
"""Carver @ iHIG57mx6P"" folds",2024-12-17T20:51:43.578Z,173446870357800
"""Hanley2 @ LXzsz8PhQN"" folds",2024-12-17T20:51:42.682Z,173446870268200
"""Davis @ MxiH63B6Pl"" posts a big blind of 0.20",2024-12-17T20:51:38.596Z,173446869859608
"""willdevens @ sVfd-WUsjU"" posts a small blind of 0.10",2024-12-17T20:51:38.596Z,173446869859607
"Player stacks: #1 ""Hanley2 @ LXzsz8PhQN"" (34.25) | #2 ""Carver @ iHIG57mx6P"" (29.95) | #4 ""Spence @ cbvju-2iMm"" (70.65) | #8 ""willdevens @ sVfd-WUsjU"" (12.85) | #10 ""Davis @ MxiH63B6Pl"" (20.00)",2024-12-17T20:51:38.596Z,173446869859601
"-- starting hand #145 (id: jo6wzdalfl1k)  (No Limit Texas Hold'em) (dealer: ""Spence @ cbvju-2iMm"") --",2024-12-17T20:51:38.596Z,173446869859600
"-- ending hand #144 --",2024-12-17T20:51:32.634Z,173446869263402
"""Carver @ iHIG57mx6P"" collected 1.70 from pot",2024-12-17T20:51:32.634Z,173446869263401
"Uncalled bet of 1.20 returned to ""Carver @ iHIG57mx6P""",2024-12-17T20:51:32.634Z,173446869263400
"""willdevens @ sVfd-WUsjU"" folds",2024-12-17T20:51:31.825Z,173446869182500
"""Carver @ iHIG57mx6P"" bets 1.20",2024-12-17T20:51:30.062Z,173446869006200
"""willdevens @ sVfd-WUsjU"" checks",2024-12-17T20:51:26.325Z,173446868632500
"Turn: 9♦, 2♣, 6♠ [J♣]",2024-12-17T20:51:24.755Z,173446868475500
"""Carver @ iHIG57mx6P"" checks",2024-12-17T20:51:23.935Z,173446868393500
"""willdevens @ sVfd-WUsjU"" checks",2024-12-17T20:51:18.697Z,173446867869700
"Flop:  [9♦, 2♣, 6♠]",2024-12-17T20:51:17.122Z,173446867712200
"""willdevens @ sVfd-WUsjU"" calls 0.80",2024-12-17T20:51:16.309Z,173446867630900
"""Spence @ cbvju-2iMm"" folds",2024-12-17T20:51:15.404Z,173446867540400
"""Carver @ iHIG57mx6P"" raises to 0.80",2024-12-17T20:51:13.369Z,173446867336900
"""Hanley2 @ LXzsz8PhQN"" folds",2024-12-17T20:51:09.684Z,173446866968400
"""Davis @ MxiH63B6Pl"" folds",2024-12-17T20:51:07.436Z,173446866743600
"""willdevens @ sVfd-WUsjU"" posts a big blind of 0.20",2024-12-17T20:51:06.417Z,173446866641709
"""Spence @ cbvju-2iMm"" posts a small blind of 0.10",2024-12-17T20:51:06.417Z,173446866641708
"Player stacks: #1 ""Hanley2 @ LXzsz8PhQN"" (34.25) | #2 ""Carver @ iHIG57mx6P"" (29.05) | #4 ""Spence @ cbvju-2iMm"" (70.75) | #8 ""willdevens @ sVfd-WUsjU"" (13.65) | #10 ""Davis @ MxiH63B6Pl"" (20.00)",2024-12-17T20:51:06.417Z,173446866641702
"-- starting hand #144 (id: pgaddbpb9yr1)  (No Limit Texas Hold'em) (dealer: ""Carver @ iHIG57mx6P"") --",2024-12-17T20:51:06.417Z,173446866641701
"The player ""Davis @ MxiH63B6Pl"" joined the game with a stack of 20.00.",2024-12-17T20:51:06.417Z,173446866641700
"-- ending hand #143 --",2024-12-17T20:51:00.399Z,173446866039902
"""Carver @ iHIG57mx6P"" collected 13.70 from pot with Two Pair, A's & 8's (combination: A♠, A♥, 8♣, 8♥, J♣)",2024-12-17T20:51:00.399Z,173446866039901
"""Carver @ iHIG57mx6P"" shows a A♠, 8♣.",2024-12-17T20:51:00.399Z,173446866039900
"""willdevens @ sVfd-WUsjU"" calls 2.00",2024-12-17T20:50:59.564Z,173446865956400
"""Carver @ iHIG57mx6P"" bets 2.00",2024-12-17T20:50:52.947Z,173446865294700
"River: J♣, A♥, 9♣, 2♠ [8♥]",2024-12-17T20:50:45.556Z,173446864555600
"""Carver @ iHIG57mx6P"" calls 2.15",2024-12-17T20:50:44.709Z,173446864470900
"""willdevens @ sVfd-WUsjU"" bets 2.15",2024-12-17T20:50:39.953Z,173446863995300
"""Carver @ iHIG57mx6P"" checks",2024-12-17T20:50:36.310Z,173446863631000
"Turn: J♣, A♥, 9♣ [2♠]",2024-12-17T20:50:35.095Z,173446863509500
"""Carver @ iHIG57mx6P"" calls 1.20",2024-12-17T20:50:34.286Z,173446863428600
"The admin approved the player ""Davis @ MxiH63B6Pl"" participation with a stack of 20.00.",2024-12-17T20:50:33.119Z,173446863311900
"""willdevens @ sVfd-WUsjU"" bets 1.20",2024-12-17T20:50:28.313Z,173446862831300
"""Spence @ cbvju-2iMm"" folds",2024-12-17T20:50:23.166Z,173446862316600
"""Carver @ iHIG57mx6P"" checks",2024-12-17T20:50:22.281Z,173446862228100
"Flop:  [J♣, A♥, 9♣]",2024-12-17T20:50:17.953Z,173446861795300
"""willdevens @ sVfd-WUsjU"" calls 1.00",2024-12-17T20:50:17.142Z,173446861714200
"""Spence @ cbvju-2iMm"" calls 1.00",2024-12-17T20:50:15.642Z,173446861564200
"""Carver @ iHIG57mx6P"" raises to 1.00",2024-12-17T20:50:10.527Z,173446861052700
"The player ""Davis @ MxiH63B6Pl"" requested a seat.",2024-12-17T20:50:05.879Z,173446860587900
"""Hanley2 @ LXzsz8PhQN"" folds",2024-12-17T20:50:05.634Z,173446860563400
"""willdevens @ sVfd-WUsjU"" posts a straddle of 0.40",2024-12-17T20:50:03.241Z,173446860324110
"""Spence @ cbvju-2iMm"" posts a big blind of 0.20",2024-12-17T20:50:03.241Z,173446860324109
"""Carver @ iHIG57mx6P"" posts a small blind of 0.10",2024-12-17T20:50:03.241Z,173446860324108
"Player stacks: #1 ""Hanley2 @ LXzsz8PhQN"" (34.25) | #2 ""Carver @ iHIG57mx6P"" (21.70) | #4 ""Spence @ cbvju-2iMm"" (71.75) | #8 ""willdevens @ sVfd-WUsjU"" (20.00)",2024-12-17T20:50:03.241Z,173446860324103
"-- starting hand #143 (id: wt3ozcp1oxpl)  (No Limit Texas Hold'em) (dealer: ""Hanley2 @ LXzsz8PhQN"") --",2024-12-17T20:50:03.241Z,173446860324102
"The player ""willdevens @ sVfd-WUsjU"" joined the game with a stack of 20.00.",2024-12-17T20:50:03.241Z,173446860324101
"The player ""Davis @ MxiH63B6Pl"" quits the game with a stack of 0.00.",2024-12-17T20:50:03.241Z,173446860324100
"-- ending hand #142 --",2024-12-17T20:49:57.237Z,173446859723701
"""Spence @ cbvju-2iMm"" collected 31.60 from pot with Straight, A High (combination: A♠, K♦, Q♠, J♠, 10♥)",2024-12-17T20:49:57.237Z,173446859723700
"River: 10♥, K♦, J♠, 8♣ [10♣]",2024-12-17T20:49:53.231Z,173446859323100
"""Davis @ MxiH63B6Pl"" shows a K♠, 8♠.",2024-12-17T20:49:49.219Z,173446858921901
"""Spence @ cbvju-2iMm"" shows a A♠, Q♠.",2024-12-17T20:49:49.219Z,173446858921900
"Some players choose to not run it twice.",2024-12-17T20:49:48.396Z,173446858839601
"""Spence @ cbvju-2iMm"" chooses to not run it twice.",2024-12-17T20:49:48.396Z,173446858839600
"Remaining players decide whether to run it twice.",2024-12-17T20:49:46.510Z,173446858651001
"""Davis @ MxiH63B6Pl"" calls 13.60 and go all in",2024-12-17T20:49:46.510Z,173446858651000
"""Spence @ cbvju-2iMm"" raises to 13.60",2024-12-17T20:49:37.084Z,173446857708400
"""Hanley2 @ LXzsz8PhQN"" folds",2024-12-17T20:49:35.160Z,173446857516000
"""Davis @ MxiH63B6Pl"" raises to 7.60",2024-12-17T20:49:32.874Z,173446857287400
"The admin approved the player ""willdevens @ sVfd-WUsjU"" participation with a stack of 20.00.",2024-12-17T20:49:30.188Z,173446857018800
"The player ""willdevens @ sVfd-WUsjU"" requested a seat.",2024-12-17T20:49:17.968Z,173446855796800
"""Spence @ cbvju-2iMm"" bets 2.70",2024-12-17T20:49:16.411Z,173446855641100
"""Hanley2 @ LXzsz8PhQN"" checks",2024-12-17T20:49:10.512Z,173446855051200
"Turn: 10♥, K♦, J♠ [8♣]",2024-12-17T20:49:07.847Z,173446854784700
"""Hanley2 @ LXzsz8PhQN"" calls 0.83",2024-12-17T20:49:06.998Z,173446854699800
"""Davis @ MxiH63B6Pl"" calls 0.83",2024-12-17T20:49:05.518Z,173446854551800
"""Spence @ cbvju-2iMm"" bets 0.83",2024-12-17T20:49:03.197Z,173446854319700
"""Hanley2 @ LXzsz8PhQN"" checks",2024-12-17T20:48:54.889Z,173446853488900
"Flop:  [10♥, K♦, J♠]",2024-12-17T20:48:46.845Z,173446852684500
"""Carver @ iHIG57mx6P"" folds",2024-12-17T20:48:45.991Z,173446852599100
"""Hanley2 @ LXzsz8PhQN"" calls 0.57",2024-12-17T20:48:40.439Z,173446852043900
"""Davis @ MxiH63B6Pl"" calls 0.57",2024-12-17T20:48:38.189Z,173446851818900
"""Spence @ cbvju-2iMm"" raises to 0.57",2024-12-17T20:48:36.645Z,173446851664500
"""Carver @ iHIG57mx6P"" posts a big blind of 0.20",2024-12-17T20:48:24.154Z,173446850415408
"""Hanley2 @ LXzsz8PhQN"" posts a small blind of 0.10",2024-12-17T20:48:24.154Z,173446850415407
"Player stacks: #1 ""Hanley2 @ LXzsz8PhQN"" (35.65) | #2 ""Carver @ iHIG57mx6P"" (21.90) | #4 ""Spence @ cbvju-2iMm"" (55.15) | #9 ""Davis @ MxiH63B6Pl"" (15.00)",2024-12-17T20:48:24.154Z,173446850415402
"-- starting hand #142 (id: 2ayjdjgxrngf)  (No Limit Texas Hold'em) (dead button) --",2024-12-17T20:48:24.154Z,173446850415401
"The player ""willdevens @ sVfd-WUsjU"" quits the game with a stack of 0.00.",2024-12-17T20:48:24.154Z,173446850415400
"""Davis @ MxiH63B6Pl"" shows a 8♠.",2024-12-17T20:48:19.479Z,173446849947900
"-- ending hand #141 --",2024-12-17T20:48:17.588Z,173446849758803
"""willdevens @ sVfd-WUsjU"" shows a 10♠, K♣.",2024-12-17T20:48:17.588Z,173446849758802
"""Spence @ cbvju-2iMm"" collected 41.90 from pot with Straight, 7 High (combination: 7♣, 6♦, 5♥, 4♦, 3♦)",2024-12-17T20:48:17.588Z,173446849758801
"""Spence @ cbvju-2iMm"" shows a 3♦, 4♦.",2024-12-17T20:48:17.588Z,173446849758800
"""willdevens @ sVfd-WUsjU"" calls 14.95 and go all in",2024-12-17T20:48:16.731Z,173446849673100
"""Spence @ cbvju-2iMm"" raises to 14.95",2024-12-17T20:48:15.303Z,173446849530300
"""willdevens @ sVfd-WUsjU"" bets 6.50",2024-12-17T20:48:11.738Z,173446849173800
"River: 6♦, 9♦, 5♥, 9♣ [7♣]",2024-12-17T20:48:07.917Z,173446848791700
"""Spence @ cbvju-2iMm"" checks",2024-12-17T20:48:07.072Z,173446848707200
"""willdevens @ sVfd-WUsjU"" checks",2024-12-17T20:48:06.220Z,173446848622000
"Turn: 6♦, 9♦, 5♥ [9♣]",2024-12-17T20:48:02.980Z,173446848298000
"""willdevens @ sVfd-WUsjU"" calls 4.25",2024-12-17T20:48:02.156Z,173446848215600
"""Davis @ MxiH63B6Pl"" folds",2024-12-17T20:47:59.692Z,173446847969200
"""Spence @ cbvju-2iMm"" raises to 4.25",2024-12-17T20:47:58.060Z,173446847806000
"""willdevens @ sVfd-WUsjU"" bets 1.25",2024-12-17T20:47:51.689Z,173446847168900
"Flop:  [6♦, 9♦, 5♥]",2024-12-17T20:47:48.875Z,173446846887500
"""Davis @ MxiH63B6Pl"" calls 1.10",2024-12-17T20:47:48.043Z,173446846804300
"""Spence @ cbvju-2iMm"" calls 1.10",2024-12-17T20:47:46.607Z,173446846660700
"""Hanley2 @ LXzsz8PhQN"" folds",2024-12-17T20:47:45.302Z,173446846530200
"""willdevens @ sVfd-WUsjU"" raises to 1.10",2024-12-17T20:47:43.483Z,173446846348300
"""Davis @ MxiH63B6Pl"" calls 0.20",2024-12-17T20:47:40.963Z,173446846096300
"""Spence @ cbvju-2iMm"" calls 0.20",2024-12-17T20:47:37.524Z,173446845752400
"""Carver @ iHIG57mx6P"" folds",2024-12-17T20:47:35.550Z,173446845555000
"""Hanley2 @ LXzsz8PhQN"" posts a big blind of 0.20",2024-12-17T20:47:32.568Z,173446845256808
"""willdevens @ sVfd-WUsjU"" posts a small blind of 0.10",2024-12-17T20:47:32.568Z,173446845256807
"Player stacks: #1 ""Hanley2 @ LXzsz8PhQN"" (35.85) | #2 ""Carver @ iHIG57mx6P"" (21.90) | #4 ""Spence @ cbvju-2iMm"" (33.55) | #9 ""Davis @ MxiH63B6Pl"" (16.10) | #10 ""willdevens @ sVfd-WUsjU"" (20.30)",2024-12-17T20:47:32.568Z,173446845256801
"-- starting hand #141 (id: wmpeyv0k0dnt)  (No Limit Texas Hold'em) (dealer: ""Davis @ MxiH63B6Pl"") --",2024-12-17T20:47:32.568Z,173446845256800
"-- ending hand #140 --",2024-12-17T20:47:26.626Z,173446844662602
"""willdevens @ sVfd-WUsjU"" collected 0.60 from pot",2024-12-17T20:47:26.626Z,173446844662601
"Uncalled bet of 0.25 returned to ""willdevens @ sVfd-WUsjU""",2024-12-17T20:47:26.626Z,173446844662600
"""Davis @ MxiH63B6Pl"" folds",2024-12-17T20:47:25.788Z,173446844578800
"""Hanley2 @ LXzsz8PhQN"" folds",2024-12-17T20:47:19.219Z,173446843921900
"""willdevens @ sVfd-WUsjU"" bets 0.25",2024-12-17T20:47:14.724Z,173446843472400
"""Davis @ MxiH63B6Pl"" checks",2024-12-17T20:47:12.129Z,173446843212900
"Flop:  [K♣, 7♦, Q♣]",2024-12-17T20:47:10.347Z,173446843034700
"""willdevens @ sVfd-WUsjU"" checks",2024-12-17T20:47:09.510Z,173446842951000
"""Davis @ MxiH63B6Pl"" calls 0.20",2024-12-17T20:47:08.596Z,173446842859600
"""Spence @ cbvju-2iMm"" folds",2024-12-17T20:47:04.565Z,173446842456500
"""Carver @ iHIG57mx6P"" folds",2024-12-17T20:47:03.354Z,173446842335400
"""Hanley2 @ LXzsz8PhQN"" calls 0.20",2024-12-17T20:46:59.838Z,173446841983800
"""willdevens @ sVfd-WUsjU"" posts a big blind of 0.20",2024-12-17T20:46:57.475Z,173446841747509
"""Davis @ MxiH63B6Pl"" posts a small blind of 0.10",2024-12-17T20:46:57.475Z,173446841747508
"Player stacks: #1 ""Hanley2 @ LXzsz8PhQN"" (36.05) | #2 ""Carver @ iHIG57mx6P"" (21.90) | #4 ""Spence @ cbvju-2iMm"" (33.55) | #9 ""Davis @ MxiH63B6Pl"" (16.30) | #10 ""willdevens @ sVfd-WUsjU"" (19.90)",2024-12-17T20:46:57.475Z,173446841747502
"-- starting hand #140 (id: yjk3cn21zync)  (No Limit Texas Hold'em) (dealer: ""Spence @ cbvju-2iMm"") --",2024-12-17T20:46:57.475Z,173446841747501
"The player ""Pabz ivey @ h6PkxSmy50"" quits the game with a stack of 0.00.",2024-12-17T20:46:57.475Z,173446841747500
"-- ending hand #139 --",2024-12-17T20:46:49.462Z,173446840946202
"""Hanley2 @ LXzsz8PhQN"" collected 6.30 from pot with Pair, Q's on the second run  (combination: Q♥, Q♠, A♠, K♠, 6♣)",2024-12-17T20:46:49.462Z,173446840946201
"""Hanley2 @ LXzsz8PhQN"" collected 6.30 from pot with Straight, A High (combination: A♠, K♥, Q♥, J♣, 10♦)",2024-12-17T20:46:49.462Z,173446840946200
"River (second run): Q♠, K♠, 5♠, 6♣ [4♣]",2024-12-17T20:46:45.403Z,173446840540300
"Turn (second run): Q♠, K♠, 5♠ [6♣]",2024-12-17T20:46:41.393Z,173446840139300
"Flop (second run):  [Q♠, K♠, 5♠]",2024-12-17T20:46:37.380Z,173446839738000
"River: J♣, 4♦, 6♠, K♥ [10♦]",2024-12-17T20:46:33.369Z,173446839336900
"Turn: J♣, 4♦, 6♠ [K♥]",2024-12-17T20:46:29.309Z,173446838930900
"Flop:  [J♣, 4♦, 6♠]",2024-12-17T20:46:25.302Z,173446838530200
"""Pabz ivey @ h6PkxSmy50"" shows a 3♣, 3♥.",2024-12-17T20:46:21.259Z,173446838125901
"""Hanley2 @ LXzsz8PhQN"" shows a Q♥, A♠.",2024-12-17T20:46:21.259Z,173446838125900
"All players in hand choose to run it twice.",2024-12-17T20:46:20.444Z,173446838044401
"""Pabz ivey @ h6PkxSmy50"" chooses to  run it twice.",2024-12-17T20:46:20.444Z,173446838044400
"""Hanley2 @ LXzsz8PhQN"" chooses to  run it twice.",2024-12-17T20:46:19.007Z,173446837900700
"Remaining players decide whether to run it twice.",2024-12-17T20:46:17.606Z,173446837760601
"""Hanley2 @ LXzsz8PhQN"" calls 5.95",2024-12-17T20:46:17.606Z,173446837760600
"""willdevens @ sVfd-WUsjU"" folds",2024-12-17T20:46:15.411Z,173446837541100
"""Davis @ MxiH63B6Pl"" folds",2024-12-17T20:46:14.502Z,173446837450200
"""Spence @ cbvju-2iMm"" folds",2024-12-17T20:46:13.510Z,173446837351000
"""Pabz ivey @ h6PkxSmy50"" raises to 5.95 and go all in",2024-12-17T20:46:09.375Z,173446836937500
"""Carver @ iHIG57mx6P"" folds",2024-12-17T20:46:06.425Z,173446836642500
"""Hanley2 @ LXzsz8PhQN"" raises to 1.50",2024-12-17T20:46:03.855Z,173446836385500
"""willdevens @ sVfd-WUsjU"" posts a straddle of 0.40",2024-12-17T20:45:47.535Z,173446834753510
"""Davis @ MxiH63B6Pl"" posts a big blind of 0.20",2024-12-17T20:45:47.535Z,173446834753509
"""Spence @ cbvju-2iMm"" posts a small blind of 0.10",2024-12-17T20:45:47.535Z,173446834753508
"Player stacks: #1 ""Hanley2 @ LXzsz8PhQN"" (29.40) | #2 ""Carver @ iHIG57mx6P"" (21.90) | #3 ""Pabz ivey @ h6PkxSmy50"" (5.95) | #4 ""Spence @ cbvju-2iMm"" (33.65) | #9 ""Davis @ MxiH63B6Pl"" (16.50) | #10 ""willdevens @ sVfd-WUsjU"" (20.30)",2024-12-17T20:45:47.535Z,173446834753501
"-- starting hand #139 (id: tppfo1cyr2ga)  (No Limit Texas Hold'em) (dealer: ""Pabz ivey @ h6PkxSmy50"") --",2024-12-17T20:45:47.535Z,173446834753500
"""Pabz ivey @ h6PkxSmy50"" shows a 9♥, A♣.",2024-12-17T20:45:46.217Z,173446834621700
"""Spence @ cbvju-2iMm"" shows a 2♣.",2024-12-17T20:45:42.937Z,173446834293700
"-- ending hand #138 --",2024-12-17T20:45:40.184Z,173446834018402
"""Spence @ cbvju-2iMm"" collected 3.60 from pot",2024-12-17T20:45:40.184Z,173446834018401
"Uncalled bet of 3.60 returned to ""Spence @ cbvju-2iMm""",2024-12-17T20:45:40.184Z,173446834018400
"""Pabz ivey @ h6PkxSmy50"" folds",2024-12-17T20:45:39.359Z,173446833935900
"""Davis @ MxiH63B6Pl"" folds",2024-12-17T20:45:38.362Z,173446833836200
"""Spence @ cbvju-2iMm"" bets 3.60",2024-12-17T20:45:31.134Z,173446833113400
"""Pabz ivey @ h6PkxSmy50"" checks",2024-12-17T20:45:28.711Z,173446832871100
"Flop:  [K♥, 4♠, 7♦]",2024-12-17T20:45:24.219Z,173446832421900
"""Spence @ cbvju-2iMm"" calls 1.20",2024-12-17T20:45:23.405Z,173446832340500
"""Pabz ivey @ h6PkxSmy50"" calls 1.20",2024-12-17T20:45:19.642Z,173446831964200
"""Carver @ iHIG57mx6P"" folds",2024-12-17T20:45:18.449Z,173446831844900
"""Hanley2 @ LXzsz8PhQN"" folds",2024-12-17T20:45:17.481Z,173446831748100
"""willdevens @ sVfd-WUsjU"" folds",2024-12-17T20:45:16.385Z,173446831638500
"""Davis @ MxiH63B6Pl"" raises to 1.20",2024-12-17T20:45:15.481Z,173446831548100
"""Spence @ cbvju-2iMm"" posts a big blind of 0.20",2024-12-17T20:45:09.319Z,173446830931909
"""Pabz ivey @ h6PkxSmy50"" posts a small blind of 0.10",2024-12-17T20:45:09.319Z,173446830931908
"Player stacks: #1 ""Hanley2 @ LXzsz8PhQN"" (29.40) | #2 ""Carver @ iHIG57mx6P"" (21.90) | #3 ""Pabz ivey @ h6PkxSmy50"" (7.15) | #4 ""Spence @ cbvju-2iMm"" (31.25) | #9 ""Davis @ MxiH63B6Pl"" (17.70) | #10 ""willdevens @ sVfd-WUsjU"" (20.30)",2024-12-17T20:45:09.319Z,173446830931901
"-- starting hand #138 (id: 4k8yplqs8sgo)  (No Limit Texas Hold'em) (dealer: ""Carver @ iHIG57mx6P"") --",2024-12-17T20:45:09.319Z,173446830931900
"-- ending hand #137 --",2024-12-17T20:45:03.395Z,173446830339502
"""willdevens @ sVfd-WUsjU"" collected 0.50 from pot",2024-12-17T20:45:03.395Z,173446830339501
"Uncalled bet of 0.90 returned to ""willdevens @ sVfd-WUsjU""",2024-12-17T20:45:03.395Z,173446830339500
"""Pabz ivey @ h6PkxSmy50"" folds",2024-12-17T20:45:02.561Z,173446830256100
"""Carver @ iHIG57mx6P"" folds",2024-12-17T20:44:51.314Z,173446829131400
"""Hanley2 @ LXzsz8PhQN"" folds",2024-12-17T20:44:50.329Z,173446829032900
"""willdevens @ sVfd-WUsjU"" raises to 1.10",2024-12-17T20:44:46.896Z,173446828689600
"""Davis @ MxiH63B6Pl"" folds",2024-12-17T20:44:44.688Z,173446828468800
"""Spence @ cbvju-2iMm"" folds",2024-12-17T20:44:43.736Z,173446828373600
"""Pabz ivey @ h6PkxSmy50"" posts a big blind of 0.20",2024-12-17T20:44:41.401Z,173446828140110
"""Carver @ iHIG57mx6P"" posts a small blind of 0.10",2024-12-17T20:44:41.401Z,173446828140109
"Player stacks: #1 ""Hanley2 @ LXzsz8PhQN"" (29.40) | #2 ""Carver @ iHIG57mx6P"" (22.00) | #3 ""Pabz ivey @ h6PkxSmy50"" (7.35) | #4 ""Spence @ cbvju-2iMm"" (31.25) | #9 ""Davis @ MxiH63B6Pl"" (17.70) | #10 ""willdevens @ sVfd-WUsjU"" (20.00)",2024-12-17T20:44:41.401Z,173446828140102
"-- starting hand #137 (id: z5fora8sarex)  (No Limit Texas Hold'em) (dealer: ""Hanley2 @ LXzsz8PhQN"") --",2024-12-17T20:44:41.401Z,173446828140101
"The player ""willdevens @ sVfd-WUsjU"" joined the game with a stack of 20.00.",2024-12-17T20:44:41.401Z,173446828140100
"""Spence @ cbvju-2iMm"" shows a Q♣, 7♠.",2024-12-17T20:44:37.852Z,173446827785200
"-- ending hand #136 --",2024-12-17T20:44:34.771Z,173446827477102
"""Carver @ iHIG57mx6P"" collected 0.60 from pot",2024-12-17T20:44:34.771Z,173446827477101
"Uncalled bet of 0.30 returned to ""Carver @ iHIG57mx6P""",2024-12-17T20:44:34.771Z,173446827477100
"""Hanley2 @ LXzsz8PhQN"" folds",2024-12-17T20:44:33.965Z,173446827396500
"The admin approved the player ""willdevens @ sVfd-WUsjU"" participation with a stack of 20.00.",2024-12-17T20:44:27.009Z,173446826700900
"""Spence @ cbvju-2iMm"" folds",2024-12-17T20:44:20.448Z,173446826044800
"""Carver @ iHIG57mx6P"" bets 0.30",2024-12-17T20:44:18.542Z,173446825854200
"""Hanley2 @ LXzsz8PhQN"" checks",2024-12-17T20:44:14.211Z,173446825421100
"Turn: 4♣, 7♥, A♠ [9♠]",2024-12-17T20:44:11.639Z,173446825163900
"""Spence @ cbvju-2iMm"" checks",2024-12-17T20:44:10.794Z,173446825079400
"""Carver @ iHIG57mx6P"" checks",2024-12-17T20:44:09.949Z,173446824994900
"""Hanley2 @ LXzsz8PhQN"" checks",2024-12-17T20:44:07.442Z,173446824744200
"Flop:  [4♣, 7♥, A♠]",2024-12-17T20:44:04.655Z,173446824465500
"""Carver @ iHIG57mx6P"" checks",2024-12-17T20:44:03.835Z,173446824383500
"""Hanley2 @ LXzsz8PhQN"" calls 0.20",2024-12-17T20:44:00.101Z,173446824010100
"""Davis @ MxiH63B6Pl"" folds",2024-12-17T20:43:58.697Z,173446823869700
"""Spence @ cbvju-2iMm"" calls 0.20",2024-12-17T20:43:57.712Z,173446823771200
"The player ""willdevens @ sVfd-WUsjU"" requested a seat.",2024-12-17T20:43:44.528Z,173446822452800
"""Pabz ivey @ h6PkxSmy50"" folds",2024-12-17T20:43:42.439Z,173446822243900
"""Carver @ iHIG57mx6P"" posts a big blind of 0.20",2024-12-17T20:43:40.163Z,173446822016309
"""Hanley2 @ LXzsz8PhQN"" posts a small blind of 0.10",2024-12-17T20:43:40.163Z,173446822016308
"Player stacks: #1 ""Hanley2 @ LXzsz8PhQN"" (29.60) | #2 ""Carver @ iHIG57mx6P"" (21.60) | #3 ""Pabz ivey @ h6PkxSmy50"" (7.35) | #4 ""Spence @ cbvju-2iMm"" (31.45) | #9 ""Davis @ MxiH63B6Pl"" (17.70)",2024-12-17T20:43:40.163Z,173446822016302
"-- starting hand #136 (id: bglgpdqya4b2)  (No Limit Texas Hold'em) (dead button) --",2024-12-17T20:43:40.163Z,173446822016301
"The player ""willdevens @ sVfd-WUsjU"" quits the game with a stack of 0.00.",2024-12-17T20:43:40.163Z,173446822016300
"-- ending hand #135 --",2024-12-17T20:43:34.149Z,173446821414901
"""Spence @ cbvju-2iMm"" collected 22.20 from pot with Two Pair, A's & 3's (combination: A♠, A♣, 3♣, 3♦, 10♦)",2024-12-17T20:43:34.149Z,173446821414900
"River: 3♣, 4♥, A♣, 10♦ [3♦]",2024-12-17T20:43:30.091Z,173446821009100
"""willdevens @ sVfd-WUsjU"" shows a 9♣, 8♣.",2024-12-17T20:43:26.082Z,173446820608201
"""Spence @ cbvju-2iMm"" shows a A♠, 6♣.",2024-12-17T20:43:26.082Z,173446820608200
"Some players choose to not run it twice.",2024-12-17T20:43:25.176Z,173446820517601
"""Spence @ cbvju-2iMm"" chooses to not run it twice.",2024-12-17T20:43:25.176Z,173446820517600
"""willdevens @ sVfd-WUsjU"" chooses to  run it twice.",2024-12-17T20:43:23.478Z,173446820347800
"Remaining players decide whether to run it twice.",2024-12-17T20:43:22.774Z,173446820277401
"""Spence @ cbvju-2iMm"" calls 6.95",2024-12-17T20:43:22.774Z,173446820277400
"""willdevens @ sVfd-WUsjU"" raises to 6.95 and go all in",2024-12-17T20:43:21.858Z,173446820185800
"""Spence @ cbvju-2iMm"" bets 6.22",2024-12-17T20:43:14.354Z,173446819435400
"""willdevens @ sVfd-WUsjU"" checks",2024-12-17T20:43:09.933Z,173446818993300
"Turn: 3♣, 4♥, A♣ [10♦]",2024-12-17T20:43:08.127Z,173446818812700
"""willdevens @ sVfd-WUsjU"" calls 2.40",2024-12-17T20:43:07.302Z,173446818730200
"""Spence @ cbvju-2iMm"" raises to 2.40",2024-12-17T20:43:05.907Z,173446818590700
"""Hanley2 @ LXzsz8PhQN"" folds",2024-12-17T20:43:03.414Z,173446818341400
"""willdevens @ sVfd-WUsjU"" bets 1.20",2024-12-17T20:42:58.834Z,173446817883400
"Flop:  [3♣, 4♥, A♣]",2024-12-17T20:42:55.392Z,173446817539200
"""Spence @ cbvju-2iMm"" calls 1.10",2024-12-17T20:42:54.574Z,173446817457400
"""Pabz ivey @ h6PkxSmy50"" folds",2024-12-17T20:42:52.850Z,173446817285000
"""Hanley2 @ LXzsz8PhQN"" calls 1.10",2024-12-17T20:42:51.852Z,173446817185200
"""willdevens @ sVfd-WUsjU"" raises to 1.10",2024-12-17T20:42:48.751Z,173446816875100
"""Davis @ MxiH63B6Pl"" folds",2024-12-17T20:42:46.624Z,173446816662400
"""Spence @ cbvju-2iMm"" calls 0.20",2024-12-17T20:42:44.545Z,173446816454500
"""Pabz ivey @ h6PkxSmy50"" calls 0.20",2024-12-17T20:42:42.778Z,173446816277800
"""Carver @ iHIG57mx6P"" folds",2024-12-17T20:42:39.733Z,173446815973300
"""Hanley2 @ LXzsz8PhQN"" posts a big blind of 0.20",2024-12-17T20:42:38.238Z,173446815823809
"""willdevens @ sVfd-WUsjU"" posts a small blind of 0.10",2024-12-17T20:42:38.238Z,173446815823808
"Player stacks: #1 ""Hanley2 @ LXzsz8PhQN"" (30.70) | #2 ""Carver @ iHIG57mx6P"" (21.60) | #3 ""Pabz ivey @ h6PkxSmy50"" (7.55) | #4 ""Spence @ cbvju-2iMm"" (19.70) | #9 ""Davis @ MxiH63B6Pl"" (17.70) | #10 ""willdevens @ sVfd-WUsjU"" (10.45)",2024-12-17T20:42:38.238Z,173446815823801
"-- starting hand #135 (id: jznb4hjrpqfx)  (No Limit Texas Hold'em) (dealer: ""Davis @ MxiH63B6Pl"") --",2024-12-17T20:42:38.238Z,173446815823800
"-- ending hand #134 --",2024-12-17T20:42:32.295Z,173446815229502
"""willdevens @ sVfd-WUsjU"" collected 2.80 from pot",2024-12-17T20:42:32.295Z,173446815229501
"Uncalled bet of 2.30 returned to ""willdevens @ sVfd-WUsjU""",2024-12-17T20:42:32.295Z,173446815229500
"""Davis @ MxiH63B6Pl"" folds",2024-12-17T20:42:31.466Z,173446815146600
"""Pabz ivey @ h6PkxSmy50"" folds",2024-12-17T20:42:23.210Z,173446814321000
"""Hanley2 @ LXzsz8PhQN"" folds",2024-12-17T20:42:22.272Z,173446814227200
"""willdevens @ sVfd-WUsjU"" raises to 3.50",2024-12-17T20:42:03.968Z,173446812396800
"""Davis @ MxiH63B6Pl"" raises to 1.20",2024-12-17T20:42:00.330Z,173446812033000
"""Spence @ cbvju-2iMm"" folds",2024-12-17T20:41:57.006Z,173446811700600
"""Pabz ivey @ h6PkxSmy50"" calls 0.20",2024-12-17T20:41:56.121Z,173446811612100
"""Carver @ iHIG57mx6P"" folds",2024-12-17T20:41:55.184Z,173446811518400
"""Hanley2 @ LXzsz8PhQN"" calls 0.20",2024-12-17T20:41:54.283Z,173446811428300
"""willdevens @ sVfd-WUsjU"" posts a big blind of 0.20",2024-12-17T20:41:51.690Z,173446811169009
"""Davis @ MxiH63B6Pl"" posts a small blind of 0.10",2024-12-17T20:41:51.690Z,173446811169008
"Player stacks: #1 ""Hanley2 @ LXzsz8PhQN"" (30.90) | #2 ""Carver @ iHIG57mx6P"" (21.60) | #3 ""Pabz ivey @ h6PkxSmy50"" (7.75) | #4 ""Spence @ cbvju-2iMm"" (19.70) | #9 ""Davis @ MxiH63B6Pl"" (18.90) | #10 ""willdevens @ sVfd-WUsjU"" (8.85)",2024-12-17T20:41:51.690Z,173446811169001
"-- starting hand #134 (id: bacbgvlksem4)  (No Limit Texas Hold'em) (dealer: ""Spence @ cbvju-2iMm"") --",2024-12-17T20:41:51.690Z,173446811169000
"-- ending hand #133 --",2024-12-17T20:41:45.744Z,173446810574402
"""Hanley2 @ LXzsz8PhQN"" collected 7.40 from pot",2024-12-17T20:41:45.744Z,173446810574401
"Uncalled bet of 3.70 returned to ""Hanley2 @ LXzsz8PhQN""",2024-12-17T20:41:45.744Z,173446810574400
"""Pabz ivey @ h6PkxSmy50"" folds",2024-12-17T20:41:44.933Z,173446810493300
"""Hanley2 @ LXzsz8PhQN"" bets 3.70",2024-12-17T20:41:37.175Z,173446809717500
"Turn: 6♣, J♥, 9♥ [8♠]",2024-12-17T20:41:31.446Z,173446809144600
"""Pabz ivey @ h6PkxSmy50"" calls 1.85",2024-12-17T20:41:30.615Z,173446809061500
"""Hanley2 @ LXzsz8PhQN"" bets 1.85",2024-12-17T20:41:24.519Z,173446808451900
"Flop:  [6♣, J♥, 9♥]",2024-12-17T20:41:17.168Z,173446807716800
"""Hanley2 @ LXzsz8PhQN"" calls 1.50",2024-12-17T20:41:16.355Z,173446807635500
"""willdevens @ sVfd-WUsjU"" folds",2024-12-17T20:41:10.300Z,173446807030000
"""Davis @ MxiH63B6Pl"" folds",2024-12-17T20:41:09.233Z,173446806923300
"""Spence @ cbvju-2iMm"" folds",2024-12-17T20:41:08.217Z,173446806821700
"""Pabz ivey @ h6PkxSmy50"" raises to 1.50",2024-12-17T20:41:06.928Z,173446806692800
"""Carver @ iHIG57mx6P"" folds",2024-12-17T20:41:03.589Z,173446806358900
"""Hanley2 @ LXzsz8PhQN"" raises to 0.95",2024-12-17T20:41:02.701Z,173446806270100
"""willdevens @ sVfd-WUsjU"" posts a straddle of 0.40",2024-12-17T20:40:55.059Z,173446805505910
"""Davis @ MxiH63B6Pl"" posts a big blind of 0.20",2024-12-17T20:40:55.059Z,173446805505909
"""Spence @ cbvju-2iMm"" posts a small blind of 0.10",2024-12-17T20:40:55.059Z,173446805505908
"Player stacks: #1 ""Hanley2 @ LXzsz8PhQN"" (26.85) | #2 ""Carver @ iHIG57mx6P"" (21.60) | #3 ""Pabz ivey @ h6PkxSmy50"" (11.10) | #4 ""Spence @ cbvju-2iMm"" (19.80) | #9 ""Davis @ MxiH63B6Pl"" (19.10) | #10 ""willdevens @ sVfd-WUsjU"" (9.25)",2024-12-17T20:40:55.059Z,173446805505901
"-- starting hand #133 (id: 1l4hiqy2gnqj)  (No Limit Texas Hold'em) (dealer: ""Pabz ivey @ h6PkxSmy50"") --",2024-12-17T20:40:55.059Z,173446805505900
"-- ending hand #132 --",2024-12-17T20:40:52.124Z,173446805212402
"""Hanley2 @ LXzsz8PhQN"" collected 13.50 from pot",2024-12-17T20:40:52.124Z,173446805212401
"Uncalled bet of 5.30 returned to ""Hanley2 @ LXzsz8PhQN""",2024-12-17T20:40:52.124Z,173446805212400
"""Pabz ivey @ h6PkxSmy50"" folds",2024-12-17T20:40:51.312Z,173446805131200
"""Hanley2 @ LXzsz8PhQN"" raises to 9.80",2024-12-17T20:40:48.300Z,173446804830000
"""Pabz ivey @ h6PkxSmy50"" bets 4.50",2024-12-17T20:40:30.639Z,173446803063900
"River: 9♣, 3♣, 2♣, 2♦ [K♠]",2024-12-17T20:40:22.588Z,173446802258800
"""Hanley2 @ LXzsz8PhQN"" calls 1.35",2024-12-17T20:40:21.764Z,173446802176400
"""Pabz ivey @ h6PkxSmy50"" bets 1.35",2024-12-17T20:40:07.398Z,173446800739800
"Turn: 9♣, 3♣, 2♣ [2♦]",2024-12-17T20:40:01.971Z,173446800197100
"""Spence @ cbvju-2iMm"" folds",2024-12-17T20:40:01.147Z,173446800114700
"""Pabz ivey @ h6PkxSmy50"" calls 0.60",2024-12-17T20:39:57.700Z,173446799770000
"""Hanley2 @ LXzsz8PhQN"" bets 0.60",2024-12-17T20:39:56.543Z,173446799654300
"""Spence @ cbvju-2iMm"" checks",2024-12-17T20:39:53.330Z,173446799333000
"""Pabz ivey @ h6PkxSmy50"" checks",2024-12-17T20:39:48.161Z,173446798816100
"Flop:  [9♣, 3♣, 2♣]",2024-12-17T20:39:38.607Z,173446797860700
"""Spence @ cbvju-2iMm"" checks",2024-12-17T20:39:37.792Z,173446797779200
"""Pabz ivey @ h6PkxSmy50"" calls 0.20",2024-12-17T20:39:34.475Z,173446797447500
"""Carver @ iHIG57mx6P"" folds",2024-12-17T20:39:33.531Z,173446797353100
"""Hanley2 @ LXzsz8PhQN"" calls 0.20",2024-12-17T20:39:31.752Z,173446797175200
"""willdevens @ sVfd-WUsjU"" folds",2024-12-17T20:39:30.432Z,173446797043200
"""Davis @ MxiH63B6Pl"" folds",2024-12-17T20:39:29.566Z,173446796956600
"""Spence @ cbvju-2iMm"" posts a big blind of 0.20",2024-12-17T20:39:28.638Z,173446796863811
"""Pabz ivey @ h6PkxSmy50"" posts a small blind of 0.10",2024-12-17T20:39:28.638Z,173446796863810
"Player stacks: #1 ""Hanley2 @ LXzsz8PhQN"" (20.00) | #2 ""Carver @ iHIG57mx6P"" (21.60) | #3 ""Pabz ivey @ h6PkxSmy50"" (17.75) | #4 ""Spence @ cbvju-2iMm"" (20.00) | #9 ""Davis @ MxiH63B6Pl"" (19.10) | #10 ""willdevens @ sVfd-WUsjU"" (9.25)",2024-12-17T20:39:28.638Z,173446796863803
"-- starting hand #132 (id: ngzmrfxglgay)  (No Limit Texas Hold'em) (dealer: ""Carver @ iHIG57mx6P"") --",2024-12-17T20:39:28.638Z,173446796863802
"The player ""Hanley2 @ LXzsz8PhQN"" joined the game with a stack of 20.00.",2024-12-17T20:39:28.638Z,173446796863801
"The player ""Spence @ cbvju-2iMm"" joined the game with a stack of 20.00.",2024-12-17T20:39:28.638Z,173446796863800
"-- ending hand #131 --",2024-12-17T20:39:22.689Z,173446796268902
"""willdevens @ sVfd-WUsjU"" collected 2.40 from pot",2024-12-17T20:39:22.689Z,173446796268901
"Uncalled bet of 1.20 returned to ""willdevens @ sVfd-WUsjU""",2024-12-17T20:39:22.689Z,173446796268900
"""Pabz ivey @ h6PkxSmy50"" folds",2024-12-17T20:39:21.849Z,173446796184900
"""Carver @ iHIG57mx6P"" folds",2024-12-17T20:39:16.026Z,173446795602600
"""willdevens @ sVfd-WUsjU"" bets 1.20",2024-12-17T20:39:14.659Z,173446795465900
"""Pabz ivey @ h6PkxSmy50"" checks",2024-12-17T20:39:12.520Z,173446795252000
"The admin approved the player ""Spence @ cbvju-2iMm"" participation with a stack of 20.00.",2024-12-17T20:39:07.395Z,173446794739500
"""Carver @ iHIG57mx6P"" checks",2024-12-17T20:39:07.336Z,173446794733600
"Flop:  [Q♦, 2♥, A♦]",2024-12-17T20:39:04.386Z,173446794438600
"""Pabz ivey @ h6PkxSmy50"" calls 0.80",2024-12-17T20:39:03.575Z,173446794357500
"""Carver @ iHIG57mx6P"" calls 0.80",2024-12-17T20:39:02.623Z,173446794262300
"""willdevens @ sVfd-WUsjU"" raises to 0.80",2024-12-17T20:38:57.808Z,173446793780800
"""Davis @ MxiH63B6Pl"" folds",2024-12-17T20:38:54.882Z,173446793488200
"""Pabz ivey @ h6PkxSmy50"" posts a big blind of 0.20",2024-12-17T20:38:53.437Z,173446793343707
"""Carver @ iHIG57mx6P"" posts a small blind of 0.10",2024-12-17T20:38:53.437Z,173446793343706
"Player stacks: #2 ""Carver @ iHIG57mx6P"" (22.40) | #3 ""Pabz ivey @ h6PkxSmy50"" (18.55) | #9 ""Davis @ MxiH63B6Pl"" (19.10) | #10 ""willdevens @ sVfd-WUsjU"" (7.65)",2024-12-17T20:38:53.437Z,173446793343701
"-- starting hand #131 (id: aam22c4gy3yx)  (No Limit Texas Hold'em) (dealer: ""willdevens @ sVfd-WUsjU"") --",2024-12-17T20:38:53.437Z,173446793343700
"-- ending hand #130 --",2024-12-17T20:38:47.458Z,173446792745802
"""willdevens @ sVfd-WUsjU"" collected 1.50 from pot",2024-12-17T20:38:47.458Z,173446792745801
"Uncalled bet of 1.50 returned to ""willdevens @ sVfd-WUsjU""",2024-12-17T20:38:47.458Z,173446792745800
"""Pabz ivey @ h6PkxSmy50"" folds",2024-12-17T20:38:46.648Z,173446792664800
"The player ""Hanley @ vAjumxW6Uc"" passed the room ownership to ""Hanley2 @ LXzsz8PhQN"".",2024-12-17T20:38:40.730Z,173446792073000
"""willdevens @ sVfd-WUsjU"" bets 1.50",2024-12-17T20:38:38.222Z,173446791822200
"The admin approved the player ""Hanley2 @ LXzsz8PhQN"" participation with a stack of 20.00.",2024-12-17T20:38:35.469Z,173446791546900
"Turn: 5♣, 7♦, 7♥ [6♠]",2024-12-17T20:38:33.098Z,173446791309800
"""Carver @ iHIG57mx6P"" folds",2024-12-17T20:38:32.278Z,173446791227800
"""willdevens @ sVfd-WUsjU"" calls 0.45",2024-12-17T20:38:29.314Z,173446790931400
"The player ""Hanley2 @ LXzsz8PhQN"" requested a seat.",2024-12-17T20:38:29.076Z,173446790907600
"""Pabz ivey @ h6PkxSmy50"" bets 0.45",2024-12-17T20:38:27.413Z,173446790741300
"""Carver @ iHIG57mx6P"" checks",2024-12-17T20:38:19.683Z,173446789968300
"""willdevens @ sVfd-WUsjU"" checks",2024-12-17T20:38:17.401Z,173446789740100
"Flop:  [5♣, 7♦, 7♥]",2024-12-17T20:38:15.408Z,173446789540800
"""Carver @ iHIG57mx6P"" checks",2024-12-17T20:38:14.593Z,173446789459300
"""willdevens @ sVfd-WUsjU"" calls 0.20",2024-12-17T20:38:05.103Z,173446788510300
"""Davis @ MxiH63B6Pl"" folds",2024-12-17T20:38:03.971Z,173446788397100
"""Pabz ivey @ h6PkxSmy50"" calls 0.20",2024-12-17T20:38:03.106Z,173446788310600
"""Carver @ iHIG57mx6P"" posts a big blind of 0.20",2024-12-17T20:38:01.004Z,173446788100409
"""willdevens @ sVfd-WUsjU"" posts a small blind of 0.10",2024-12-17T20:38:01.004Z,173446788100408
"Player stacks: #2 ""Carver @ iHIG57mx6P"" (22.60) | #3 ""Pabz ivey @ h6PkxSmy50"" (19.20) | #9 ""Davis @ MxiH63B6Pl"" (19.10) | #10 ""willdevens @ sVfd-WUsjU"" (6.80)",2024-12-17T20:38:01.004Z,173446788100403
"-- starting hand #130 (id: eebu4fpzbon4)  (No Limit Texas Hold'em) (dealer: ""Davis @ MxiH63B6Pl"") --",2024-12-17T20:38:01.004Z,173446788100402
"The player ""Hanley @ vAjumxW6Uc"" quits the game with a stack of 22.30.",2024-12-17T20:38:01.004Z,173446788100401
"The player ""Hanley @ vAjumxW6Uc"" stand up with the stack of 22.30.",2024-12-17T20:38:01.004Z,173446788100400
"The player ""Spence @ cbvju-2iMm"" requested a seat.",2024-12-17T20:37:55.672Z,173446787567200
"-- ending hand #129 --",2024-12-17T20:37:55.096Z,173446787509602
"""Carver @ iHIG57mx6P"" collected 2.50 from pot",2024-12-17T20:37:55.096Z,173446787509601
"Uncalled bet of 1.60 returned to ""Carver @ iHIG57mx6P""",2024-12-17T20:37:55.096Z,173446787509600
"""willdevens @ sVfd-WUsjU"" folds",2024-12-17T20:37:54.208Z,173446787420800
"""Pabz ivey @ h6PkxSmy50"" folds",2024-12-17T20:37:52.865Z,173446787286500
"""Carver @ iHIG57mx6P"" bets 1.60",2024-12-17T20:37:47.288Z,173446786728800
"""willdevens @ sVfd-WUsjU"" checks",2024-12-17T20:37:40.707Z,173446786070700
"Flop:  [7♣, J♠, K♦]",2024-12-17T20:37:38.782Z,173446785878200
"""willdevens @ sVfd-WUsjU"" calls 0.80",2024-12-17T20:37:37.942Z,173446785794200
"""Davis @ MxiH63B6Pl"" folds",2024-12-17T20:37:36.002Z,173446785600200
"""Pabz ivey @ h6PkxSmy50"" calls 0.80",2024-12-17T20:37:30.315Z,173446785031500
"""Carver @ iHIG57mx6P"" raises to 0.80",2024-12-17T20:37:28.474Z,173446784847400
"""Hanley @ vAjumxW6Uc"" folds",2024-12-17T20:37:19.863Z,173446783986300
"""willdevens @ sVfd-WUsjU"" posts a big blind of 0.20",2024-12-17T20:37:17.146Z,173446783714608
"""Davis @ MxiH63B6Pl"" posts a small blind of 0.10",2024-12-17T20:37:17.146Z,173446783714607
"Player stacks: #1 ""Hanley @ vAjumxW6Uc"" (22.30) | #2 ""Carver @ iHIG57mx6P"" (20.90) | #3 ""Pabz ivey @ h6PkxSmy50"" (20.00) | #9 ""Davis @ MxiH63B6Pl"" (19.20) | #10 ""willdevens @ sVfd-WUsjU"" (7.60)",2024-12-17T20:37:17.146Z,173446783714601
"-- starting hand #129 (id: k6sk1jdhlawk)  (No Limit Texas Hold'em) (dealer: ""Pabz ivey @ h6PkxSmy50"") --",2024-12-17T20:37:17.146Z,173446783714600
"-- ending hand #128 --",2024-12-17T20:37:14.226Z,173446783422602
"""Pabz ivey @ h6PkxSmy50"" collected 5.20 from pot",2024-12-17T20:37:14.226Z,173446783422601
"Uncalled bet of 3.90 returned to ""Pabz ivey @ h6PkxSmy50""",2024-12-17T20:37:14.226Z,173446783422600
"""Hanley @ vAjumxW6Uc"" folds",2024-12-17T20:37:13.394Z,173446783339400
"""Pabz ivey @ h6PkxSmy50"" bets 3.90",2024-12-17T20:37:12.294Z,173446783229400
"River: 7♦, 9♣, 8♥, 8♣ [9♠]",2024-12-17T20:37:03.738Z,173446782373800
"""Hanley @ vAjumxW6Uc"" calls 1.30",2024-12-17T20:37:02.902Z,173446782290200
"""Davis @ MxiH63B6Pl"" folds",2024-12-17T20:36:59.321Z,173446781932100
"""Pabz ivey @ h6PkxSmy50"" bets 1.30",2024-12-17T20:36:44.486Z,173446780448600
"Turn: 7♦, 9♣, 8♥ [8♣]",2024-12-17T20:36:33.803Z,173446779380300
"""Pabz ivey @ h6PkxSmy50"" calls 0.60",2024-12-17T20:36:32.947Z,173446779294700
"""Carver @ iHIG57mx6P"" folds",2024-12-17T20:36:31.703Z,173446779170300
"""Hanley @ vAjumxW6Uc"" calls 0.60",2024-12-17T20:36:29.925Z,173446778992500
"""Davis @ MxiH63B6Pl"" bets 0.60",2024-12-17T20:36:28.303Z,173446778830300
"""Pabz ivey @ h6PkxSmy50"" checks",2024-12-17T20:36:26.179Z,173446778617900
"Flop:  [7♦, 9♣, 8♥]",2024-12-17T20:36:19.446Z,173446777944600
"""Davis @ MxiH63B6Pl"" checks",2024-12-17T20:36:18.614Z,173446777861400
"""Pabz ivey @ h6PkxSmy50"" calls 0.20",2024-12-17T20:36:16.427Z,173446777642700
"""Carver @ iHIG57mx6P"" calls 0.20",2024-12-17T20:36:15.499Z,173446777549900
"""Hanley @ vAjumxW6Uc"" calls 0.20",2024-12-17T20:36:12.782Z,173446777278200
"""willdevens @ sVfd-WUsjU"" folds",2024-12-17T20:35:59.464Z,173446775946400
"""Davis @ MxiH63B6Pl"" posts a big blind of 0.20",2024-12-17T20:35:57.893Z,173446775789308
"""Pabz ivey @ h6PkxSmy50"" posts a small blind of 0.10",2024-12-17T20:35:57.893Z,173446775789307
"Player stacks: #1 ""Hanley @ vAjumxW6Uc"" (24.40) | #2 ""Carver @ iHIG57mx6P"" (21.10) | #3 ""Pabz ivey @ h6PkxSmy50"" (16.90) | #9 ""Davis @ MxiH63B6Pl"" (20.00) | #10 ""willdevens @ sVfd-WUsjU"" (7.60)",2024-12-17T20:35:57.893Z,173446775789301
"-- starting hand #128 (id: jyxtb9rid52v)  (No Limit Texas Hold'em) (dealer: ""Carver @ iHIG57mx6P"") --",2024-12-17T20:35:57.893Z,173446775789300
"""willdevens @ sVfd-WUsjU"" shows a 10♣, J♠.",2024-12-17T20:35:53.707Z,173446775370700
"-- ending hand #127 --",2024-12-17T20:35:51.266Z,173446775126602
"""Carver @ iHIG57mx6P"" collected 2.40 from pot",2024-12-17T20:35:51.266Z,173446775126601
"Uncalled bet of 2.20 returned to ""Carver @ iHIG57mx6P""",2024-12-17T20:35:51.266Z,173446775126600
"""willdevens @ sVfd-WUsjU"" folds",2024-12-17T20:35:50.410Z,173446775041000
"""Pabz ivey @ h6PkxSmy50"" folds",2024-12-17T20:35:49.511Z,173446774951100
"""Carver @ iHIG57mx6P"" raises to 3.30",2024-12-17T20:35:47.011Z,173446774701100
"""Hanley @ vAjumxW6Uc"" folds",2024-12-17T20:35:39.255Z,173446773925500
"""willdevens @ sVfd-WUsjU"" raises to 1.10",2024-12-17T20:35:37.916Z,173446773791600
"""Davis @ MxiH63B6Pl"" folds",2024-12-17T20:35:35.407Z,173446773540700
"""Pabz ivey @ h6PkxSmy50"" posts a big blind of 0.20",2024-12-17T20:35:20.984Z,173446772098409
"""Carver @ iHIG57mx6P"" posts a small blind of 0.10",2024-12-17T20:35:20.984Z,173446772098408
"Player stacks: #1 ""Hanley @ vAjumxW6Uc"" (24.40) | #2 ""Carver @ iHIG57mx6P"" (19.80) | #3 ""Pabz ivey @ h6PkxSmy50"" (17.10) | #9 ""Davis @ MxiH63B6Pl"" (20.00) | #10 ""willdevens @ sVfd-WUsjU"" (8.70)",2024-12-17T20:35:20.984Z,173446772098402
"-- starting hand #127 (id: iukklu3tlig5)  (No Limit Texas Hold'em) (dealer: ""Hanley @ vAjumxW6Uc"") --",2024-12-17T20:35:20.984Z,173446772098401
"The player ""Davis @ MxiH63B6Pl"" joined the game with a stack of 20.00.",2024-12-17T20:35:20.984Z,173446772098400
"-- ending hand #126 --",2024-12-17T20:35:15.059Z,173446771505902
"""willdevens @ sVfd-WUsjU"" collected 0.70 from pot",2024-12-17T20:35:15.059Z,173446771505901
"Uncalled bet of 0.90 returned to ""willdevens @ sVfd-WUsjU""",2024-12-17T20:35:15.059Z,173446771505900
"""Pabz ivey @ h6PkxSmy50"" folds",2024-12-17T20:35:14.241Z,173446771424100
"""Carver @ iHIG57mx6P"" folds",2024-12-17T20:35:08.031Z,173446770803100
"""Hanley @ vAjumxW6Uc"" folds",2024-12-17T20:35:07.100Z,173446770710000
"""willdevens @ sVfd-WUsjU"" raises to 1.10",2024-12-17T20:35:04.990Z,173446770499000
"The admin approved the player ""Davis @ MxiH63B6Pl"" participation with a stack of 20.00.",2024-12-17T20:35:04.748Z,173446770474800
"""Pabz ivey @ h6PkxSmy50"" calls 0.20",2024-12-17T20:35:01.273Z,173446770127300
"""Carver @ iHIG57mx6P"" posts a big blind of 0.20",2024-12-17T20:34:58.179Z,173446769817908
"""Hanley @ vAjumxW6Uc"" posts a small blind of 0.10",2024-12-17T20:34:58.179Z,173446769817907
"Player stacks: #1 ""Hanley @ vAjumxW6Uc"" (24.50) | #2 ""Carver @ iHIG57mx6P"" (20.00) | #3 ""Pabz ivey @ h6PkxSmy50"" (17.30) | #10 ""willdevens @ sVfd-WUsjU"" (8.20)",2024-12-17T20:34:58.179Z,173446769817902
"-- starting hand #126 (id: smjgbxjsu4vn)  (No Limit Texas Hold'em) (dealer: ""willdevens @ sVfd-WUsjU"") --",2024-12-17T20:34:58.179Z,173446769817901
"The player ""Carver @ iHIG57mx6P"" joined the game with a stack of 20.00.",2024-12-17T20:34:58.179Z,173446769817900
"-- ending hand #125 --",2024-12-17T20:34:52.168Z,173446769216803
"""Hanley @ vAjumxW6Uc"" shows a Q♦, A♥.",2024-12-17T20:34:52.168Z,173446769216802
"""Pabz ivey @ h6PkxSmy50"" collected 17.30 from pot with Two Pair, K's & J's (combination: K♥, K♠, J♥, J♠, Q♥)",2024-12-17T20:34:52.168Z,173446769216801
"""Pabz ivey @ h6PkxSmy50"" shows a K♥, J♥.",2024-12-17T20:34:52.168Z,173446769216800
"""Pabz ivey @ h6PkxSmy50"" calls 2.45 and go all in",2024-12-17T20:34:51.338Z,173446769133800
"""Hanley @ vAjumxW6Uc"" bets 2.45",2024-12-17T20:34:49.389Z,173446768938900
"River: 9♥, 2♦, K♠, Q♥ [J♠]",2024-12-17T20:34:41.869Z,173446768186900
"""Pabz ivey @ h6PkxSmy50"" calls 3.10",2024-12-17T20:34:41.023Z,173446768102300
"""Hanley @ vAjumxW6Uc"" bets 3.10",2024-12-17T20:34:37.060Z,173446767706000
"Turn: 9♥, 2♦, K♠ [Q♥]",2024-12-17T20:34:32.596Z,173446767259600
"""Pabz ivey @ h6PkxSmy50"" calls 1.55",2024-12-17T20:34:31.769Z,173446767176900
"""Hanley @ vAjumxW6Uc"" bets 1.55",2024-12-17T20:34:29.089Z,173446766908900
"Flop:  [9♥, 2♦, K♠]",2024-12-17T20:34:24.909Z,173446766490900
"""Pabz ivey @ h6PkxSmy50"" calls 1.50",2024-12-17T20:34:24.063Z,173446766406300
"""Hanley @ vAjumxW6Uc"" raises to 1.50",2024-12-17T20:34:23.097Z,173446766309700
"The admin approved the player ""Carver @ iHIG57mx6P"" participation with a stack of 20.00.",2024-12-17T20:34:17.014Z,173446765701400
"""willdevens @ sVfd-WUsjU"" folds",2024-12-17T20:34:12.813Z,173446765281300
"""Pabz ivey @ h6PkxSmy50"" raises to 0.57",2024-12-17T20:34:11.689Z,173446765168900
"""Hanley @ vAjumxW6Uc"" posts a big blind of 0.20",2024-12-17T20:34:07.362Z,173446764736206
"""willdevens @ sVfd-WUsjU"" posts a small blind of 0.10",2024-12-17T20:34:07.362Z,173446764736205
"Player stacks: #1 ""Hanley @ vAjumxW6Uc"" (33.10) | #3 ""Pabz ivey @ h6PkxSmy50"" (8.60) | #10 ""willdevens @ sVfd-WUsjU"" (8.30)",2024-12-17T20:34:07.362Z,173446764736201
"-- starting hand #125 (id: ifhchbxozysn)  (No Limit Texas Hold'em) (dealer: ""Pabz ivey @ h6PkxSmy50"") --",2024-12-17T20:34:07.362Z,173446764736200
"""willdevens @ sVfd-WUsjU"" shows a 3♣, 2♦.",2024-12-17T20:34:03.134Z,173446764313400
"-- ending hand #124 --",2024-12-17T20:34:00.746Z,173446764074602
"""willdevens @ sVfd-WUsjU"" collected 1.20 from pot",2024-12-17T20:34:00.746Z,173446764074601
"Uncalled bet of 0.60 returned to ""willdevens @ sVfd-WUsjU""",2024-12-17T20:34:00.746Z,173446764074600
"""Pabz ivey @ h6PkxSmy50"" folds",2024-12-17T20:33:59.865Z,173446763986500
"""willdevens @ sVfd-WUsjU"" bets 0.60",2024-12-17T20:33:58.652Z,173446763865200
"""Pabz ivey @ h6PkxSmy50"" checks",2024-12-17T20:33:56.252Z,173446763625200
"Flop:  [Q♥, A♣, 4♣]",2024-12-17T20:33:52.335Z,173446763233500
"""Pabz ivey @ h6PkxSmy50"" calls 0.60",2024-12-17T20:33:51.515Z,173446763151500
"""willdevens @ sVfd-WUsjU"" raises to 0.60",2024-12-17T20:33:50.385Z,173446763038500
"The player ""Carver @ iHIG57mx6P"" requested a seat.",2024-12-17T20:33:49.820Z,173446762982000
"""Pabz ivey @ h6PkxSmy50"" calls 0.20",2024-12-17T20:33:48.588Z,173446762858800
"""Hanley @ vAjumxW6Uc"" folds",2024-12-17T20:33:47.680Z,173446762768000
"""willdevens @ sVfd-WUsjU"" posts a big blind of 0.20",2024-12-17T20:33:46.323Z,173446762632306
"""Pabz ivey @ h6PkxSmy50"" posts a small blind of 0.10",2024-12-17T20:33:46.323Z,173446762632305
"Player stacks: #1 ""Hanley @ vAjumxW6Uc"" (33.10) | #3 ""Pabz ivey @ h6PkxSmy50"" (9.20) | #10 ""willdevens @ sVfd-WUsjU"" (7.70)",2024-12-17T20:33:46.323Z,173446762632301
"-- starting hand #124 (id: ilxxzwullwqz)  (No Limit Texas Hold'em) (dealer: ""Hanley @ vAjumxW6Uc"") --",2024-12-17T20:33:46.323Z,173446762632300
"The player ""Davis @ MxiH63B6Pl"" requested a seat.",2024-12-17T20:33:42.771Z,173446762277100
"-- ending hand #123 --",2024-12-17T20:33:40.402Z,173446762040202
"""Pabz ivey @ h6PkxSmy50"" collected 2.00 from pot",2024-12-17T20:33:40.402Z,173446762040201
"Uncalled bet of 1.50 returned to ""Pabz ivey @ h6PkxSmy50""",2024-12-17T20:33:40.402Z,173446762040200
"""Hanley @ vAjumxW6Uc"" folds",2024-12-17T20:33:39.582Z,173446761958200
"""Pabz ivey @ h6PkxSmy50"" bets 1.50",2024-12-17T20:33:37.150Z,173446761715000
"""Hanley @ vAjumxW6Uc"" checks",2024-12-17T20:33:30.241Z,173446761024100
"Turn: J♣, 9♦, 2♣ [8♠]",2024-12-17T20:33:28.026Z,173446760802600
"""Hanley @ vAjumxW6Uc"" calls 0.80",2024-12-17T20:33:27.210Z,173446760721000
"""Pabz ivey @ h6PkxSmy50"" raises to 0.80",2024-12-17T20:33:25.710Z,173446760571000
"""Hanley @ vAjumxW6Uc"" bets 0.20",2024-12-17T20:33:20.870Z,173446760087000
"Flop:  [J♣, 9♦, 2♣]",2024-12-17T20:33:18.768Z,173446759876800
"""Pabz ivey @ h6PkxSmy50"" checks",2024-12-17T20:33:17.890Z,173446759789000
"""Hanley @ vAjumxW6Uc"" calls 0.20",2024-12-17T20:33:16.980Z,173446759698000
"""willdevens @ sVfd-WUsjU"" folds",2024-12-17T20:33:15.314Z,173446759531400
"""Pabz ivey @ h6PkxSmy50"" posts a big blind of 0.20",2024-12-17T20:33:12.198Z,173446759219806
"""Hanley @ vAjumxW6Uc"" posts a small blind of 0.10",2024-12-17T20:33:12.198Z,173446759219805
"Player stacks: #1 ""Hanley @ vAjumxW6Uc"" (34.10) | #3 ""Pabz ivey @ h6PkxSmy50"" (8.20) | #10 ""willdevens @ sVfd-WUsjU"" (7.70)",2024-12-17T20:33:12.198Z,173446759219801
"-- starting hand #123 (id: 8uus5wfovjzm)  (No Limit Texas Hold'em) (dealer: ""willdevens @ sVfd-WUsjU"") --",2024-12-17T20:33:12.198Z,173446759219800
"-- ending hand #122 --",2024-12-17T20:33:09.264Z,173446758926402
"""Hanley @ vAjumxW6Uc"" collected 0.90 from pot",2024-12-17T20:33:09.264Z,173446758926401
"Uncalled bet of 1.10 returned to ""Hanley @ vAjumxW6Uc""",2024-12-17T20:33:09.264Z,173446758926400
"""Pabz ivey @ h6PkxSmy50"" folds",2024-12-17T20:33:08.451Z,173446758845100
"""Hanley @ vAjumxW6Uc"" bets 1.10",2024-12-17T20:33:07.299Z,173446758729900
"River: 10♣, 6♣, K♥, 5♣ [2♥]",2024-12-17T20:33:03.350Z,173446758335000
"""Pabz ivey @ h6PkxSmy50"" calls 0.20",2024-12-17T20:33:02.516Z,173446758251600
"""Hanley @ vAjumxW6Uc"" bets 0.20",2024-12-17T20:32:59.847Z,173446757984700
"Turn: 10♣, 6♣, K♥ [5♣]",2024-12-17T20:32:57.839Z,173446757783900
"""Pabz ivey @ h6PkxSmy50"" checks",2024-12-17T20:32:56.991Z,173446757699100
"""Hanley @ vAjumxW6Uc"" checks",2024-12-17T20:32:55.418Z,173446757541800
"Flop:  [10♣, 6♣, K♥]",2024-12-17T20:32:53.638Z,173446757363800
"""Hanley @ vAjumxW6Uc"" checks",2024-12-17T20:32:52.780Z,173446757278000
"""willdevens @ sVfd-WUsjU"" folds",2024-12-17T20:32:50.917Z,173446757091700
"""Pabz ivey @ h6PkxSmy50"" calls 0.20",2024-12-17T20:32:49.962Z,173446756996200
"""Hanley @ vAjumxW6Uc"" posts a big blind of 0.20",2024-12-17T20:32:47.419Z,173446756741906
"""willdevens @ sVfd-WUsjU"" posts a small blind of 0.10",2024-12-17T20:32:47.419Z,173446756741905
"Player stacks: #1 ""Hanley @ vAjumxW6Uc"" (33.60) | #3 ""Pabz ivey @ h6PkxSmy50"" (8.60) | #10 ""willdevens @ sVfd-WUsjU"" (7.80)",2024-12-17T20:32:47.419Z,173446756741901
"-- starting hand #122 (id: s9lusjbulhwa)  (No Limit Texas Hold'em) (dealer: ""Pabz ivey @ h6PkxSmy50"") --",2024-12-17T20:32:47.419Z,173446756741900
"""Pabz ivey @ h6PkxSmy50"" shows a 5♥, A♠.",2024-12-17T20:32:46.098Z,173446756609800
"""willdevens @ sVfd-WUsjU"" shows a A♦.",2024-12-17T20:32:43.448Z,173446756344800
"-- ending hand #121 --",2024-12-17T20:32:40.101Z,173446756010102
"""willdevens @ sVfd-WUsjU"" collected 1.60 from pot",2024-12-17T20:32:40.101Z,173446756010101
"Uncalled bet of 6.20 returned to ""willdevens @ sVfd-WUsjU""",2024-12-17T20:32:40.101Z,173446756010100
"""Pabz ivey @ h6PkxSmy50"" folds",2024-12-17T20:32:39.293Z,173446755929300
"""willdevens @ sVfd-WUsjU"" raises to 6.40 and go all in",2024-12-17T20:32:35.813Z,173446755581300
"""Pabz ivey @ h6PkxSmy50"" bets 0.20",2024-12-17T20:32:32.489Z,173446755248900
"Flop:  [9♠, 2♣, 6♣]",2024-12-17T20:32:28.402Z,173446754840200
"""Pabz ivey @ h6PkxSmy50"" calls 0.60",2024-12-17T20:32:27.577Z,173446754757700
"""willdevens @ sVfd-WUsjU"" raises to 0.60",2024-12-17T20:32:24.996Z,173446754499600
"""Pabz ivey @ h6PkxSmy50"" calls 0.20",2024-12-17T20:32:23.190Z,173446754319000
"""Hanley @ vAjumxW6Uc"" folds",2024-12-17T20:32:22.294Z,173446754229400
"""willdevens @ sVfd-WUsjU"" posts a big blind of 0.20",2024-12-17T20:32:20.902Z,173446754090206
"""Pabz ivey @ h6PkxSmy50"" posts a small blind of 0.10",2024-12-17T20:32:20.902Z,173446754090205
"Player stacks: #1 ""Hanley @ vAjumxW6Uc"" (33.60) | #3 ""Pabz ivey @ h6PkxSmy50"" (9.40) | #10 ""willdevens @ sVfd-WUsjU"" (7.00)",2024-12-17T20:32:20.902Z,173446754090201
"-- starting hand #121 (id: rwek1fl7owzc)  (No Limit Texas Hold'em) (dealer: ""Hanley @ vAjumxW6Uc"") --",2024-12-17T20:32:20.902Z,173446754090200
"-- ending hand #120 --",2024-12-17T20:32:14.986Z,173446753498602
"""willdevens @ sVfd-WUsjU"" collected 1.80 from pot",2024-12-17T20:32:14.986Z,173446753498601
"Uncalled bet of 0.65 returned to ""willdevens @ sVfd-WUsjU""",2024-12-17T20:32:14.986Z,173446753498600
"""Pabz ivey @ h6PkxSmy50"" folds",2024-12-17T20:32:14.142Z,173446753414200
"""Hanley @ vAjumxW6Uc"" folds",2024-12-17T20:32:12.304Z,173446753230400
"""willdevens @ sVfd-WUsjU"" bets 0.65",2024-12-17T20:32:10.952Z,173446753095200
"""Pabz ivey @ h6PkxSmy50"" checks",2024-12-17T20:32:08.445Z,173446752844500
"""Hanley @ vAjumxW6Uc"" checks",2024-12-17T20:32:06.133Z,173446752613300
"Flop:  [6♦, 10♠, 6♥]",2024-12-17T20:32:04.153Z,173446752415300
"""Pabz ivey @ h6PkxSmy50"" calls 0.60",2024-12-17T20:32:03.301Z,173446752330100
"""Hanley @ vAjumxW6Uc"" calls 0.60",2024-12-17T20:32:02.375Z,173446752237500
"""willdevens @ sVfd-WUsjU"" raises to 0.60",2024-12-17T20:32:00.829Z,173446752082900
"""Pabz ivey @ h6PkxSmy50"" posts a big blind of 0.20",2024-12-17T20:31:57.552Z,173446751755207
"""Hanley @ vAjumxW6Uc"" posts a small blind of 0.10",2024-12-17T20:31:57.552Z,173446751755206
"Player stacks: #1 ""Hanley @ vAjumxW6Uc"" (34.20) | #3 ""Pabz ivey @ h6PkxSmy50"" (10.00) | #10 ""willdevens @ sVfd-WUsjU"" (5.80)",2024-12-17T20:31:57.552Z,173446751755202
"-- starting hand #120 (id: ysxxwrviykyu)  (No Limit Texas Hold'em) (dealer: ""willdevens @ sVfd-WUsjU"") --",2024-12-17T20:31:57.552Z,173446751755201
"The player ""Pabz ivey @ h6PkxSmy50"" joined the game with a stack of 10.00.",2024-12-17T20:31:57.552Z,173446751755200
"""willdevens @ sVfd-WUsjU"" shows a 2♠.",2024-12-17T20:31:52.300Z,173446751230000
"-- ending hand #119 --",2024-12-17T20:31:50.941Z,173446751094102
"""willdevens @ sVfd-WUsjU"" collected 0.40 from pot",2024-12-17T20:31:50.941Z,173446751094101
"Uncalled bet of 1.00 returned to ""willdevens @ sVfd-WUsjU""",2024-12-17T20:31:50.941Z,173446751094100
"""Hanley @ vAjumxW6Uc"" folds",2024-12-17T20:31:50.130Z,173446751013000
"""willdevens @ sVfd-WUsjU"" raises to 1.20",2024-12-17T20:31:48.632Z,173446750863200
"""Hanley @ vAjumxW6Uc"" calls 0.20",2024-12-17T20:31:45.096Z,173446750509600
"The admin approved the player ""Pabz ivey @ h6PkxSmy50"" participation with a stack of 10.00.",2024-12-17T20:31:42.204Z,173446750220400
"""willdevens @ sVfd-WUsjU"" posts a big blind of 0.20",2024-12-17T20:31:32.595Z,173446749259505
"""Hanley @ vAjumxW6Uc"" posts a small blind of 0.10",2024-12-17T20:31:32.595Z,173446749259504
"Player stacks: #1 ""Hanley @ vAjumxW6Uc"" (34.40) | #10 ""willdevens @ sVfd-WUsjU"" (5.60)",2024-12-17T20:31:32.595Z,173446749259501
"-- starting hand #119 (id: omc3lp2402ow)  (No Limit Texas Hold'em) (dealer: ""Hanley @ vAjumxW6Uc"") --",2024-12-17T20:31:32.595Z,173446749259500
"-- ending hand #118 --",2024-12-17T20:31:26.654Z,173446748665402
"""willdevens @ sVfd-WUsjU"" collected 0.40 from pot",2024-12-17T20:31:26.654Z,173446748665401
"Uncalled bet of 0.20 returned to ""willdevens @ sVfd-WUsjU""",2024-12-17T20:31:26.654Z,173446748665400
"""Hanley @ vAjumxW6Uc"" folds",2024-12-17T20:31:25.801Z,173446748580100
"""willdevens @ sVfd-WUsjU"" bets 0.20",2024-12-17T20:31:24.088Z,173446748408800
"""Hanley @ vAjumxW6Uc"" checks",2024-12-17T20:31:18.882Z,173446747888200
"Flop:  [7♣, 9♠, 2♣]",2024-12-17T20:31:12.882Z,173446747288200
"""Hanley @ vAjumxW6Uc"" checks",2024-12-17T20:31:12.031Z,173446747203100
"""willdevens @ sVfd-WUsjU"" calls 0.20",2024-12-17T20:31:09.047Z,173446746904700
"""Hanley @ vAjumxW6Uc"" posts a big blind of 0.20",2024-12-17T20:31:06.745Z,173446746674505
"""willdevens @ sVfd-WUsjU"" posts a small blind of 0.10",2024-12-17T20:31:06.745Z,173446746674504
"Player stacks: #1 ""Hanley @ vAjumxW6Uc"" (34.60) | #10 ""willdevens @ sVfd-WUsjU"" (5.40)",2024-12-17T20:31:06.745Z,173446746674501
"-- starting hand #118 (id: 7nmahc4qirkx)  (No Limit Texas Hold'em) (dealer: ""willdevens @ sVfd-WUsjU"") --",2024-12-17T20:31:06.745Z,173446746674500
"The player ""Pabz ivey @ h6PkxSmy50"" requested a seat.",2024-12-17T20:31:03.428Z,173446746342800
"-- ending hand #117 --",2024-12-17T20:31:00.838Z,173446746083802
"""willdevens @ sVfd-WUsjU"" collected 0.20 from pot",2024-12-17T20:31:00.838Z,173446746083801
"Uncalled bet of 0.10 returned to ""willdevens @ sVfd-WUsjU""",2024-12-17T20:31:00.838Z,173446746083800
"""Hanley @ vAjumxW6Uc"" folds",2024-12-17T20:31:00.020Z,173446746002000
"""willdevens @ sVfd-WUsjU"" posts a big blind of 0.20",2024-12-17T20:30:56.714Z,173446745671405
"""Hanley @ vAjumxW6Uc"" posts a small blind of 0.10",2024-12-17T20:30:56.714Z,173446745671404
"Player stacks: #1 ""Hanley @ vAjumxW6Uc"" (34.70) | #10 ""willdevens @ sVfd-WUsjU"" (5.30)",2024-12-17T20:30:56.714Z,173446745671401
"-- starting hand #117 (id: jkvjqksmcz0k)  (No Limit Texas Hold'em) (dealer: ""Hanley @ vAjumxW6Uc"") --",2024-12-17T20:30:56.714Z,173446745671400
"-- ending hand #116 --",2024-12-17T20:30:50.708Z,173446745070802
"""Hanley @ vAjumxW6Uc"" collected 0.20 from pot",2024-12-17T20:30:50.708Z,173446745070801
"Uncalled bet of 0.10 returned to ""Hanley @ vAjumxW6Uc""",2024-12-17T20:30:50.708Z,173446745070800
"""willdevens @ sVfd-WUsjU"" folds",2024-12-17T20:30:49.818Z,173446744981800
"""Hanley @ vAjumxW6Uc"" posts a big blind of 0.20",2024-12-17T20:30:47.710Z,173446744771005
"""willdevens @ sVfd-WUsjU"" posts a small blind of 0.10",2024-12-17T20:30:47.710Z,173446744771004
"Player stacks: #1 ""Hanley @ vAjumxW6Uc"" (34.60) | #10 ""willdevens @ sVfd-WUsjU"" (5.40)",2024-12-17T20:30:47.710Z,173446744771001
"-- starting hand #116 (id: t4dvd6mb0zoi)  (No Limit Texas Hold'em) (dealer: ""willdevens @ sVfd-WUsjU"") --",2024-12-17T20:30:47.710Z,173446744771000
"-- ending hand #115 --",2024-12-17T20:30:41.760Z,173446744176002
"""willdevens @ sVfd-WUsjU"" collected 0.20 from pot",2024-12-17T20:30:41.760Z,173446744176001
"Uncalled bet of 0.10 returned to ""willdevens @ sVfd-WUsjU""",2024-12-17T20:30:41.760Z,173446744176000
"""Hanley @ vAjumxW6Uc"" folds",2024-12-17T20:30:40.945Z,173446744094500
"""willdevens @ sVfd-WUsjU"" posts a big blind of 0.20",2024-12-17T20:30:39.470Z,173446743947005
"""Hanley @ vAjumxW6Uc"" posts a small blind of 0.10",2024-12-17T20:30:39.470Z,173446743947004
"Player stacks: #1 ""Hanley @ vAjumxW6Uc"" (34.70) | #10 ""willdevens @ sVfd-WUsjU"" (5.30)",2024-12-17T20:30:39.470Z,173446743947001
"-- starting hand #115 (id: izusdjuxwltq)  (No Limit Texas Hold'em) (dealer: ""Hanley @ vAjumxW6Uc"") --",2024-12-17T20:30:39.470Z,173446743947000
"-- ending hand #114 --",2024-12-17T20:30:36.501Z,173446743650102
"""Hanley @ vAjumxW6Uc"" collected 2.40 from pot",2024-12-17T20:30:36.501Z,173446743650101
"Uncalled bet of 1.20 returned to ""Hanley @ vAjumxW6Uc""",2024-12-17T20:30:36.501Z,173446743650100
"""willdevens @ sVfd-WUsjU"" folds",2024-12-17T20:30:35.670Z,173446743567000
"""Hanley @ vAjumxW6Uc"" bets 1.20",2024-12-17T20:30:34.050Z,173446743405000
"River: 10♠, 2♦, 9♥, 10♥ [10♦]",2024-12-17T20:30:29.517Z,173446742951700
"""willdevens @ sVfd-WUsjU"" calls 0.60",2024-12-17T20:30:28.704Z,173446742870400
"""Hanley @ vAjumxW6Uc"" bets 0.60",2024-12-17T20:30:27.330Z,173446742733000
"Turn: 10♠, 2♦, 9♥ [10♥]",2024-12-17T20:30:23.811Z,173446742381100
"""willdevens @ sVfd-WUsjU"" checks",2024-12-17T20:30:22.927Z,173446742292700
"""Hanley @ vAjumxW6Uc"" checks",2024-12-17T20:30:21.882Z,173446742188200
"Flop:  [10♠, 2♦, 9♥]",2024-12-17T20:30:15.181Z,173446741518100
"""Hanley @ vAjumxW6Uc"" calls 0.60",2024-12-17T20:30:14.310Z,173446741431000
"""willdevens @ sVfd-WUsjU"" raises to 0.60",2024-12-17T20:30:11.310Z,173446741131000
"""Hanley @ vAjumxW6Uc"" posts a big blind of 0.20",2024-12-17T20:30:07.377Z,173446740737705
"""willdevens @ sVfd-WUsjU"" posts a small blind of 0.10",2024-12-17T20:30:07.377Z,173446740737704
"Player stacks: #1 ""Hanley @ vAjumxW6Uc"" (33.50) | #10 ""willdevens @ sVfd-WUsjU"" (6.50)",2024-12-17T20:30:07.377Z,173446740737701
"-- starting hand #114 (id: 8zz8cdc2lovs)  (No Limit Texas Hold'em) (dealer: ""willdevens @ sVfd-WUsjU"") --",2024-12-17T20:30:07.377Z,173446740737700
"-- ending hand #113 --",2024-12-17T20:30:01.354Z,173446740135403
"""willdevens @ sVfd-WUsjU"" shows a 5♣, 4♥.",2024-12-17T20:30:01.354Z,173446740135402
"""Hanley @ vAjumxW6Uc"" collected 0.80 from pot with Pair, 6's (combination: 6♦, 6♣, A♦, J♥, 10♣)",2024-12-17T20:30:01.354Z,173446740135401
"""Hanley @ vAjumxW6Uc"" shows a A♦, 2♣.",2024-12-17T20:30:01.354Z,173446740135400
"""Hanley @ vAjumxW6Uc"" checks",2024-12-17T20:30:00.459Z,173446740045900
"""willdevens @ sVfd-WUsjU"" checks",2024-12-17T20:29:58.891Z,173446739889100
"River: 10♣, 6♦, 3♣, 6♣ [J♥]",2024-12-17T20:29:57.413Z,173446739741300
"""Hanley @ vAjumxW6Uc"" checks",2024-12-17T20:29:56.571Z,173446739657100
"""willdevens @ sVfd-WUsjU"" checks",2024-12-17T20:29:54.852Z,173446739485200
"Turn: 10♣, 6♦, 3♣ [6♣]",2024-12-17T20:29:53.939Z,173446739393900
"""willdevens @ sVfd-WUsjU"" calls 0.20",2024-12-17T20:29:53.107Z,173446739310700
"""Hanley @ vAjumxW6Uc"" bets 0.20",2024-12-17T20:29:52.125Z,173446739212500
"""willdevens @ sVfd-WUsjU"" checks",2024-12-17T20:29:49.779Z,173446738977900
"Flop:  [10♣, 6♦, 3♣]",2024-12-17T20:29:48.727Z,173446738872700
"""willdevens @ sVfd-WUsjU"" checks",2024-12-17T20:29:47.856Z,173446738785600
"""Hanley @ vAjumxW6Uc"" calls 0.20",2024-12-17T20:29:46.797Z,173446738679700
"""willdevens @ sVfd-WUsjU"" posts a big blind of 0.20",2024-12-17T20:29:44.800Z,173446738480005
"""Hanley @ vAjumxW6Uc"" posts a small blind of 0.10",2024-12-17T20:29:44.800Z,173446738480004
"Player stacks: #1 ""Hanley @ vAjumxW6Uc"" (33.10) | #10 ""willdevens @ sVfd-WUsjU"" (6.90)",2024-12-17T20:29:44.800Z,173446738480001
"-- starting hand #113 (id: cgptrjeuzgzz)  (No Limit Texas Hold'em) (dealer: ""Hanley @ vAjumxW6Uc"") --",2024-12-17T20:29:44.800Z,173446738480000
"-- ending hand #112 --",2024-12-17T20:29:38.883Z,173446737888302
"""willdevens @ sVfd-WUsjU"" collected 0.40 from pot",2024-12-17T20:29:38.883Z,173446737888301
"Uncalled bet of 0.40 returned to ""willdevens @ sVfd-WUsjU""",2024-12-17T20:29:38.883Z,173446737888300
"""Hanley @ vAjumxW6Uc"" folds",2024-12-17T20:29:38.031Z,173446737803100
"""willdevens @ sVfd-WUsjU"" raises to 0.60",2024-12-17T20:29:36.745Z,173446737674500
"""Hanley @ vAjumxW6Uc"" posts a big blind of 0.20",2024-12-17T20:29:33.580Z,173446737358005
"""willdevens @ sVfd-WUsjU"" posts a small blind of 0.10",2024-12-17T20:29:33.580Z,173446737358004
"Player stacks: #1 ""Hanley @ vAjumxW6Uc"" (33.30) | #10 ""willdevens @ sVfd-WUsjU"" (6.70)",2024-12-17T20:29:33.580Z,173446737358001
"-- starting hand #112 (id: w1ga3ppmdgf7)  (No Limit Texas Hold'em) (dealer: ""willdevens @ sVfd-WUsjU"") --",2024-12-17T20:29:33.580Z,173446737358000
"-- ending hand #111 --",2024-12-17T20:29:27.652Z,173446736765202
"""willdevens @ sVfd-WUsjU"" collected 0.20 from pot",2024-12-17T20:29:27.652Z,173446736765201
"Uncalled bet of 0.10 returned to ""willdevens @ sVfd-WUsjU""",2024-12-17T20:29:27.652Z,173446736765200
"""Hanley @ vAjumxW6Uc"" folds",2024-12-17T20:29:26.812Z,173446736681200
"""willdevens @ sVfd-WUsjU"" posts a big blind of 0.20",2024-12-17T20:29:25.041Z,173446736504105
"""Hanley @ vAjumxW6Uc"" posts a small blind of 0.10",2024-12-17T20:29:25.041Z,173446736504104
"Player stacks: #1 ""Hanley @ vAjumxW6Uc"" (33.40) | #10 ""willdevens @ sVfd-WUsjU"" (6.60)",2024-12-17T20:29:25.041Z,173446736504101
"-- starting hand #111 (id: dhqqt8g2cect)  (No Limit Texas Hold'em) (dealer: ""Hanley @ vAjumxW6Uc"") --",2024-12-17T20:29:25.041Z,173446736504100
"-- ending hand #110 --",2024-12-17T20:29:19.064Z,173446735906402
"""willdevens @ sVfd-WUsjU"" collected 0.40 from pot",2024-12-17T20:29:19.064Z,173446735906401
"Uncalled bet of 0.40 returned to ""willdevens @ sVfd-WUsjU""",2024-12-17T20:29:19.064Z,173446735906400
"""Hanley @ vAjumxW6Uc"" folds",2024-12-17T20:29:18.258Z,173446735825800
"""willdevens @ sVfd-WUsjU"" raises to 0.60",2024-12-17T20:29:17.092Z,173446735709200
"""Hanley @ vAjumxW6Uc"" posts a big blind of 0.20",2024-12-17T20:29:15.260Z,173446735526005
"""willdevens @ sVfd-WUsjU"" posts a small blind of 0.10",2024-12-17T20:29:15.260Z,173446735526004
"Player stacks: #1 ""Hanley @ vAjumxW6Uc"" (33.60) | #10 ""willdevens @ sVfd-WUsjU"" (6.40)",2024-12-17T20:29:15.260Z,173446735526001
"-- starting hand #110 (id: xi6bss3y7vwl)  (No Limit Texas Hold'em) (dealer: ""willdevens @ sVfd-WUsjU"") --",2024-12-17T20:29:15.260Z,173446735526000
"-- ending hand #109 --",2024-12-17T20:29:09.342Z,173446734934202
"""willdevens @ sVfd-WUsjU"" collected 0.20 from pot",2024-12-17T20:29:09.342Z,173446734934201
"Uncalled bet of 0.10 returned to ""willdevens @ sVfd-WUsjU""",2024-12-17T20:29:09.342Z,173446734934200
"""Hanley @ vAjumxW6Uc"" folds",2024-12-17T20:29:08.458Z,173446734845800
"""willdevens @ sVfd-WUsjU"" posts a big blind of 0.20",2024-12-17T20:29:07.041Z,173446734704105
"""Hanley @ vAjumxW6Uc"" posts a small blind of 0.10",2024-12-17T20:29:07.041Z,173446734704104
"Player stacks: #1 ""Hanley @ vAjumxW6Uc"" (33.70) | #10 ""willdevens @ sVfd-WUsjU"" (6.30)",2024-12-17T20:29:07.041Z,173446734704101
"-- starting hand #109 (id: oukz9lqlpebx)  (No Limit Texas Hold'em) (dealer: ""Hanley @ vAjumxW6Uc"") --",2024-12-17T20:29:07.041Z,173446734704100
"-- ending hand #108 --",2024-12-17T20:29:01.122Z,173446734112202
"""willdevens @ sVfd-WUsjU"" collected 0.40 from pot",2024-12-17T20:29:01.122Z,173446734112201
"Uncalled bet of 0.40 returned to ""willdevens @ sVfd-WUsjU""",2024-12-17T20:29:01.122Z,173446734112200
"""Hanley @ vAjumxW6Uc"" folds",2024-12-17T20:29:00.223Z,173446734022300
"""willdevens @ sVfd-WUsjU"" raises to 0.60",2024-12-17T20:28:58.876Z,173446733887600
"""Hanley @ vAjumxW6Uc"" posts a big blind of 0.20",2024-12-17T20:28:56.114Z,173446733611405
"""willdevens @ sVfd-WUsjU"" posts a small blind of 0.10",2024-12-17T20:28:56.114Z,173446733611404
"Player stacks: #1 ""Hanley @ vAjumxW6Uc"" (33.90) | #10 ""willdevens @ sVfd-WUsjU"" (6.10)",2024-12-17T20:28:56.114Z,173446733611401
"-- starting hand #108 (id: v0esrs1qwkde)  (No Limit Texas Hold'em) (dealer: ""willdevens @ sVfd-WUsjU"") --",2024-12-17T20:28:56.114Z,173446733611400
"-- ending hand #107 --",2024-12-17T20:28:50.119Z,173446733011902
"""willdevens @ sVfd-WUsjU"" collected 0.40 from pot",2024-12-17T20:28:50.119Z,173446733011901
"Uncalled bet of 0.40 returned to ""willdevens @ sVfd-WUsjU""",2024-12-17T20:28:50.119Z,173446733011900
"""Hanley @ vAjumxW6Uc"" folds",2024-12-17T20:28:49.278Z,173446732927800
"""willdevens @ sVfd-WUsjU"" bets 0.40",2024-12-17T20:28:48.160Z,173446732816000
"Flop:  [5♠, Q♦, 7♥]",2024-12-17T20:28:44.313Z,173446732431300
"""willdevens @ sVfd-WUsjU"" checks",2024-12-17T20:28:43.500Z,173446732350000
"""Hanley @ vAjumxW6Uc"" calls 0.20",2024-12-17T20:28:42.421Z,173446732242100
"""willdevens @ sVfd-WUsjU"" posts a big blind of 0.20",2024-12-17T20:28:40.850Z,173446732085005
"""Hanley @ vAjumxW6Uc"" posts a small blind of 0.10",2024-12-17T20:28:40.850Z,173446732085004
"Player stacks: #1 ""Hanley @ vAjumxW6Uc"" (34.10) | #10 ""willdevens @ sVfd-WUsjU"" (5.90)",2024-12-17T20:28:40.850Z,173446732085001
"-- starting hand #107 (id: ysmlhlaztqde)  (No Limit Texas Hold'em) (dealer: ""Hanley @ vAjumxW6Uc"") --",2024-12-17T20:28:40.850Z,173446732085000
"-- ending hand #106 --",2024-12-17T20:28:34.893Z,173446731489302
"""Hanley @ vAjumxW6Uc"" collected 0.20 from pot",2024-12-17T20:28:34.893Z,173446731489301
"Uncalled bet of 0.10 returned to ""Hanley @ vAjumxW6Uc""",2024-12-17T20:28:34.893Z,173446731489300
"""willdevens @ sVfd-WUsjU"" folds",2024-12-17T20:28:34.078Z,173446731407800
"""Hanley @ vAjumxW6Uc"" posts a big blind of 0.20",2024-12-17T20:28:32.236Z,173446731223605
"""willdevens @ sVfd-WUsjU"" posts a small blind of 0.10",2024-12-17T20:28:32.236Z,173446731223604
"Player stacks: #1 ""Hanley @ vAjumxW6Uc"" (34.00) | #10 ""willdevens @ sVfd-WUsjU"" (6.00)",2024-12-17T20:28:32.236Z,173446731223601
"-- starting hand #106 (id: v9afzrw6fvm4)  (No Limit Texas Hold'em) (dealer: ""willdevens @ sVfd-WUsjU"") --",2024-12-17T20:28:32.236Z,173446731223600
"-- ending hand #105 --",2024-12-17T20:28:26.315Z,173446730631502
"""willdevens @ sVfd-WUsjU"" collected 0.80 from pot",2024-12-17T20:28:26.315Z,173446730631501
"Uncalled bet of 1.00 returned to ""willdevens @ sVfd-WUsjU""",2024-12-17T20:28:26.315Z,173446730631500
"""Hanley @ vAjumxW6Uc"" folds",2024-12-17T20:28:25.475Z,173446730547500
"""willdevens @ sVfd-WUsjU"" raises to 1.20",2024-12-17T20:28:23.930Z,173446730393000
"""Hanley @ vAjumxW6Uc"" bets 0.20",2024-12-17T20:28:21.746Z,173446730174600
"""willdevens @ sVfd-WUsjU"" checks",2024-12-17T20:28:19.890Z,173446729989000
"Flop:  [8♥, A♠, 3♥]",2024-12-17T20:28:18.578Z,173446729857800
"""willdevens @ sVfd-WUsjU"" checks",2024-12-17T20:28:17.774Z,173446729777400
"""Hanley @ vAjumxW6Uc"" calls 0.20",2024-12-17T20:28:16.896Z,173446729689600
"""willdevens @ sVfd-WUsjU"" posts a big blind of 0.20",2024-12-17T20:28:14.304Z,173446729430405
"""Hanley @ vAjumxW6Uc"" posts a small blind of 0.10",2024-12-17T20:28:14.304Z,173446729430404
"Player stacks: #1 ""Hanley @ vAjumxW6Uc"" (34.40) | #10 ""willdevens @ sVfd-WUsjU"" (5.60)",2024-12-17T20:28:14.304Z,173446729430401
"-- starting hand #105 (id: befbekryrrtm)  (No Limit Texas Hold'em) (dealer: ""Hanley @ vAjumxW6Uc"") --",2024-12-17T20:28:14.304Z,173446729430400
"""willdevens @ sVfd-WUsjU"" shows a 7♥, Q♦.",2024-12-17T20:28:10.838Z,173446729083800
"-- ending hand #104 --",2024-12-17T20:28:07.683Z,173446728768302
"""willdevens @ sVfd-WUsjU"" collected 0.40 from pot",2024-12-17T20:28:07.683Z,173446728768301
"Uncalled bet of 0.40 returned to ""willdevens @ sVfd-WUsjU""",2024-12-17T20:28:07.683Z,173446728768300
"""Hanley @ vAjumxW6Uc"" folds",2024-12-17T20:28:06.807Z,173446728680700
"""willdevens @ sVfd-WUsjU"" raises to 0.60",2024-12-17T20:28:05.327Z,173446728532700
"""Hanley @ vAjumxW6Uc"" posts a big blind of 0.20",2024-12-17T20:28:02.360Z,173446728236005
"""willdevens @ sVfd-WUsjU"" posts a small blind of 0.10",2024-12-17T20:28:02.360Z,173446728236004
"Player stacks: #1 ""Hanley @ vAjumxW6Uc"" (34.60) | #10 ""willdevens @ sVfd-WUsjU"" (5.40)",2024-12-17T20:28:02.360Z,173446728236001
"-- starting hand #104 (id: vhzysrlayprk)  (No Limit Texas Hold'em) (dealer: ""willdevens @ sVfd-WUsjU"") --",2024-12-17T20:28:02.360Z,173446728236000
"-- ending hand #103 --",2024-12-17T20:27:56.416Z,173446727641602
"""Hanley @ vAjumxW6Uc"" collected 0.40 from pot",2024-12-17T20:27:56.416Z,173446727641601
"Uncalled bet of 0.20 returned to ""Hanley @ vAjumxW6Uc""",2024-12-17T20:27:56.416Z,173446727641600
"""willdevens @ sVfd-WUsjU"" folds",2024-12-17T20:27:55.565Z,173446727556500
"""Hanley @ vAjumxW6Uc"" bets 0.20",2024-12-17T20:27:52.467Z,173446727246700
"""willdevens @ sVfd-WUsjU"" checks",2024-12-17T20:27:50.182Z,173446727018200
"Flop:  [7♣, K♠, Q♠]",2024-12-17T20:27:48.719Z,173446726871900
"""willdevens @ sVfd-WUsjU"" checks",2024-12-17T20:27:47.894Z,173446726789400
"""Hanley @ vAjumxW6Uc"" calls 0.20",2024-12-17T20:27:46.305Z,173446726630500
"""willdevens @ sVfd-WUsjU"" posts a big blind of 0.20",2024-12-17T20:27:44.437Z,173446726443705
"""Hanley @ vAjumxW6Uc"" posts a small blind of 0.10",2024-12-17T20:27:44.437Z,173446726443704
"Player stacks: #1 ""Hanley @ vAjumxW6Uc"" (34.40) | #10 ""willdevens @ sVfd-WUsjU"" (5.60)",2024-12-17T20:27:44.437Z,173446726443701
"-- starting hand #103 (id: udorvwevbkbb)  (No Limit Texas Hold'em) (dealer: ""Hanley @ vAjumxW6Uc"") --",2024-12-17T20:27:44.437Z,173446726443700
"-- ending hand #102 --",2024-12-17T20:27:38.495Z,173446725849502
"""willdevens @ sVfd-WUsjU"" collected 0.40 from pot",2024-12-17T20:27:38.495Z,173446725849501
"Uncalled bet of 0.40 returned to ""willdevens @ sVfd-WUsjU""",2024-12-17T20:27:38.495Z,173446725849500
"""Hanley @ vAjumxW6Uc"" folds",2024-12-17T20:27:37.634Z,173446725763400
"""willdevens @ sVfd-WUsjU"" raises to 0.60",2024-12-17T20:27:35.898Z,173446725589800
"""Hanley @ vAjumxW6Uc"" posts a big blind of 0.20",2024-12-17T20:27:32.659Z,173446725265905
"""willdevens @ sVfd-WUsjU"" posts a small blind of 0.10",2024-12-17T20:27:32.659Z,173446725265904
"Player stacks: #1 ""Hanley @ vAjumxW6Uc"" (34.60) | #10 ""willdevens @ sVfd-WUsjU"" (5.40)",2024-12-17T20:27:32.659Z,173446725265901
"-- starting hand #102 (id: cbag2pjyico4)  (No Limit Texas Hold'em) (dealer: ""willdevens @ sVfd-WUsjU"") --",2024-12-17T20:27:32.659Z,173446725265900
"-- ending hand #101 --",2024-12-17T20:27:26.727Z,173446724672702
"""willdevens @ sVfd-WUsjU"" collected 0.20 from pot",2024-12-17T20:27:26.727Z,173446724672701
"Uncalled bet of 0.10 returned to ""willdevens @ sVfd-WUsjU""",2024-12-17T20:27:26.727Z,173446724672700
"""Hanley @ vAjumxW6Uc"" folds",2024-12-17T20:27:25.904Z,173446724590400
"""willdevens @ sVfd-WUsjU"" posts a big blind of 0.20",2024-12-17T20:27:24.455Z,173446724445505
"""Hanley @ vAjumxW6Uc"" posts a small blind of 0.10",2024-12-17T20:27:24.455Z,173446724445504
"Player stacks: #1 ""Hanley @ vAjumxW6Uc"" (34.70) | #10 ""willdevens @ sVfd-WUsjU"" (5.30)",2024-12-17T20:27:24.455Z,173446724445501
"-- starting hand #101 (id: ts2ir0wpvfuv)  (No Limit Texas Hold'em) (dealer: ""Hanley @ vAjumxW6Uc"") --",2024-12-17T20:27:24.455Z,173446724445500
"-- ending hand #100 --",2024-12-17T20:27:18.511Z,173446723851102
"""Hanley @ vAjumxW6Uc"" collected 0.20 from pot",2024-12-17T20:27:18.511Z,173446723851101
"Uncalled bet of 0.10 returned to ""Hanley @ vAjumxW6Uc""",2024-12-17T20:27:18.511Z,173446723851100
"""willdevens @ sVfd-WUsjU"" folds",2024-12-17T20:27:17.686Z,173446723768600
"""Hanley @ vAjumxW6Uc"" posts a big blind of 0.20",2024-12-17T20:27:16.243Z,173446723624305
"""willdevens @ sVfd-WUsjU"" posts a small blind of 0.10",2024-12-17T20:27:16.243Z,173446723624304
"Player stacks: #1 ""Hanley @ vAjumxW6Uc"" (34.60) | #10 ""willdevens @ sVfd-WUsjU"" (5.40)",2024-12-17T20:27:16.243Z,173446723624301
"-- starting hand #100 (id: pzfrn0fu3new)  (No Limit Texas Hold'em) (dealer: ""willdevens @ sVfd-WUsjU"") --",2024-12-17T20:27:16.243Z,173446723624300
"-- ending hand #99 --",2024-12-17T20:27:10.306Z,173446723030602
"""willdevens @ sVfd-WUsjU"" collected 0.20 from pot",2024-12-17T20:27:10.306Z,173446723030601
"Uncalled bet of 0.10 returned to ""willdevens @ sVfd-WUsjU""",2024-12-17T20:27:10.306Z,173446723030600
"""Hanley @ vAjumxW6Uc"" folds",2024-12-17T20:27:09.467Z,173446722946700
"""willdevens @ sVfd-WUsjU"" posts a big blind of 0.20",2024-12-17T20:27:07.700Z,173446722770005
"""Hanley @ vAjumxW6Uc"" posts a small blind of 0.10",2024-12-17T20:27:07.700Z,173446722770004
"Player stacks: #1 ""Hanley @ vAjumxW6Uc"" (34.70) | #10 ""willdevens @ sVfd-WUsjU"" (5.30)",2024-12-17T20:27:07.700Z,173446722770001
"-- starting hand #99 (id: ujzpkktcamu0)  (No Limit Texas Hold'em) (dealer: ""Hanley @ vAjumxW6Uc"") --",2024-12-17T20:27:07.700Z,173446722770000
"-- ending hand #98 --",2024-12-17T20:27:01.704Z,173446722170402
"""willdevens @ sVfd-WUsjU"" collected 0.40 from pot",2024-12-17T20:27:01.704Z,173446722170401
"Uncalled bet of 0.40 returned to ""willdevens @ sVfd-WUsjU""",2024-12-17T20:27:01.704Z,173446722170400
"""Hanley @ vAjumxW6Uc"" folds",2024-12-17T20:27:00.807Z,173446722080700
"""willdevens @ sVfd-WUsjU"" raises to 0.60",2024-12-17T20:26:59.448Z,173446721944800
"""Hanley @ vAjumxW6Uc"" posts a big blind of 0.20",2024-12-17T20:26:57.674Z,173446721767405
"""willdevens @ sVfd-WUsjU"" posts a small blind of 0.10",2024-12-17T20:26:57.674Z,173446721767404
"Player stacks: #1 ""Hanley @ vAjumxW6Uc"" (34.90) | #10 ""willdevens @ sVfd-WUsjU"" (5.10)",2024-12-17T20:26:57.674Z,173446721767401
"-- starting hand #98 (id: hcwj4rvunw03)  (No Limit Texas Hold'em) (dealer: ""willdevens @ sVfd-WUsjU"") --",2024-12-17T20:26:57.674Z,173446721767400
"-- ending hand #97 --",2024-12-17T20:26:51.767Z,173446721176702
"""willdevens @ sVfd-WUsjU"" collected 0.40 from pot",2024-12-17T20:26:51.767Z,173446721176701
"Uncalled bet of 0.40 returned to ""willdevens @ sVfd-WUsjU""",2024-12-17T20:26:51.767Z,173446721176700
"""Hanley @ vAjumxW6Uc"" folds",2024-12-17T20:26:50.945Z,173446721094500
"""willdevens @ sVfd-WUsjU"" bets 0.40",2024-12-17T20:26:49.698Z,173446720969800
"Turn: 7♠, K♥, 10♠ [7♥]",2024-12-17T20:26:47.055Z,173446720705500
"""Hanley @ vAjumxW6Uc"" checks",2024-12-17T20:26:46.174Z,173446720617400
"""willdevens @ sVfd-WUsjU"" checks",2024-12-17T20:26:43.923Z,173446720392300
"Flop:  [7♠, K♥, 10♠]",2024-12-17T20:26:42.854Z,173446720285400
"""willdevens @ sVfd-WUsjU"" checks",2024-12-17T20:26:42.039Z,173446720203900
"""Hanley @ vAjumxW6Uc"" calls 0.20",2024-12-17T20:26:40.759Z,173446720075900
"""willdevens @ sVfd-WUsjU"" posts a big blind of 0.20",2024-12-17T20:26:39.354Z,173446719935405
"""Hanley @ vAjumxW6Uc"" posts a small blind of 0.10",2024-12-17T20:26:39.354Z,173446719935404
"Player stacks: #1 ""Hanley @ vAjumxW6Uc"" (35.10) | #10 ""willdevens @ sVfd-WUsjU"" (4.90)",2024-12-17T20:26:39.354Z,173446719935401
"-- starting hand #97 (id: 3jxv6o0ptpbq)  (No Limit Texas Hold'em) (dealer: ""Hanley @ vAjumxW6Uc"") --",2024-12-17T20:26:39.354Z,173446719935400
"-- ending hand #96 --",2024-12-17T20:26:33.440Z,173446719344002
"""Hanley @ vAjumxW6Uc"" collected 1.20 from pot",2024-12-17T20:26:33.440Z,173446719344001
"Uncalled bet of 0.60 returned to ""Hanley @ vAjumxW6Uc""",2024-12-17T20:26:33.440Z,173446719344000
"""willdevens @ sVfd-WUsjU"" folds",2024-12-17T20:26:32.603Z,173446719260300
"""Hanley @ vAjumxW6Uc"" bets 0.60",2024-12-17T20:26:31.439Z,173446719143900
"Flop:  [4♦, A♣, 3♠]",2024-12-17T20:26:26.728Z,173446718672800
"""Hanley @ vAjumxW6Uc"" calls 0.60",2024-12-17T20:26:25.921Z,173446718592100
"""willdevens @ sVfd-WUsjU"" raises to 0.60",2024-12-17T20:26:23.989Z,173446718398900
"""Hanley @ vAjumxW6Uc"" posts a big blind of 0.20",2024-12-17T20:26:21.419Z,173446718141905
"""willdevens @ sVfd-WUsjU"" posts a small blind of 0.10",2024-12-17T20:26:21.419Z,173446718141904
"Player stacks: #1 ""Hanley @ vAjumxW6Uc"" (34.50) | #10 ""willdevens @ sVfd-WUsjU"" (5.50)",2024-12-17T20:26:21.419Z,173446718141901
"-- starting hand #96 (id: snxcc8aodyl3)  (No Limit Texas Hold'em) (dealer: ""willdevens @ sVfd-WUsjU"") --",2024-12-17T20:26:21.419Z,173446718141900
"-- ending hand #95 --",2024-12-17T20:26:15.475Z,173446717547502
"""willdevens @ sVfd-WUsjU"" collected 0.20 from pot",2024-12-17T20:26:15.475Z,173446717547501
"Uncalled bet of 0.10 returned to ""willdevens @ sVfd-WUsjU""",2024-12-17T20:26:15.475Z,173446717547500
"""Hanley @ vAjumxW6Uc"" folds",2024-12-17T20:26:14.617Z,173446717461700
"""willdevens @ sVfd-WUsjU"" posts a big blind of 0.20",2024-12-17T20:26:13.405Z,173446717340505
"""Hanley @ vAjumxW6Uc"" posts a small blind of 0.10",2024-12-17T20:26:13.405Z,173446717340504
"Player stacks: #1 ""Hanley @ vAjumxW6Uc"" (34.60) | #10 ""willdevens @ sVfd-WUsjU"" (5.40)",2024-12-17T20:26:13.405Z,173446717340501
"-- starting hand #95 (id: fu9tcvczlccf)  (No Limit Texas Hold'em) (dealer: ""Hanley @ vAjumxW6Uc"") --",2024-12-17T20:26:13.405Z,173446717340500
"-- ending hand #94 --",2024-12-17T20:26:07.463Z,173446716746302
"""willdevens @ sVfd-WUsjU"" collected 1.20 from pot",2024-12-17T20:26:07.463Z,173446716746301
"Uncalled bet of 1.20 returned to ""willdevens @ sVfd-WUsjU""",2024-12-17T20:26:07.463Z,173446716746300
"""Hanley @ vAjumxW6Uc"" folds",2024-12-17T20:26:06.602Z,173446716660200
"""willdevens @ sVfd-WUsjU"" bets 1.20",2024-12-17T20:25:59.083Z,173446715908300
"""Hanley @ vAjumxW6Uc"" checks",2024-12-17T20:25:55.035Z,173446715503500
"Flop:  [3♦, 7♦, A♥]",2024-12-17T20:25:53.040Z,173446715304000
"""Hanley @ vAjumxW6Uc"" calls 0.60",2024-12-17T20:25:52.187Z,173446715218700
"""willdevens @ sVfd-WUsjU"" raises to 0.60",2024-12-17T20:25:45.673Z,173446714567300
"""Hanley @ vAjumxW6Uc"" posts a big blind of 0.20",2024-12-17T20:25:40.958Z,173446714095805
"""willdevens @ sVfd-WUsjU"" posts a small blind of 0.10",2024-12-17T20:25:40.958Z,173446714095804
"Player stacks: #1 ""Hanley @ vAjumxW6Uc"" (35.20) | #10 ""willdevens @ sVfd-WUsjU"" (4.80)",2024-12-17T20:25:40.958Z,173446714095801
"-- starting hand #94 (id: hu0h7l38fjav)  (No Limit Texas Hold'em) (dealer: ""willdevens @ sVfd-WUsjU"") --",2024-12-17T20:25:40.958Z,173446714095800
"-- ending hand #93 --",2024-12-17T20:25:34.975Z,173446713497502
"""willdevens @ sVfd-WUsjU"" collected 2.40 from pot",2024-12-17T20:25:34.975Z,173446713497501
"Uncalled bet of 2.40 returned to ""willdevens @ sVfd-WUsjU""",2024-12-17T20:25:34.975Z,173446713497500
"""Hanley @ vAjumxW6Uc"" folds",2024-12-17T20:25:34.152Z,173446713415200
"""willdevens @ sVfd-WUsjU"" bets 2.40 and go all in",2024-12-17T20:25:31.783Z,173446713178300
"Turn: K♠, A♥, J♣ [K♥]",2024-12-17T20:25:29.971Z,173446712997100
"""Hanley @ vAjumxW6Uc"" calls 0.60",2024-12-17T20:25:29.165Z,173446712916500
"""willdevens @ sVfd-WUsjU"" bets 0.60",2024-12-17T20:25:26.476Z,173446712647600
"Flop:  [K♠, A♥, J♣]",2024-12-17T20:25:22.959Z,173446712295900
"""Hanley @ vAjumxW6Uc"" calls 0.60",2024-12-17T20:25:22.141Z,173446712214100
"""willdevens @ sVfd-WUsjU"" raises to 0.60",2024-12-17T20:25:20.839Z,173446712083900
"""Hanley @ vAjumxW6Uc"" calls 0.20",2024-12-17T20:25:17.597Z,173446711759700
"""willdevens @ sVfd-WUsjU"" posts a big blind of 0.20",2024-12-17T20:25:16.270Z,173446711627005
"""Hanley @ vAjumxW6Uc"" posts a small blind of 0.10",2024-12-17T20:25:16.270Z,173446711627004
"Player stacks: #1 ""Hanley @ vAjumxW6Uc"" (36.40) | #10 ""willdevens @ sVfd-WUsjU"" (3.60)",2024-12-17T20:25:16.270Z,173446711627001
"-- starting hand #93 (id: hwkzkgm4ewbd)  (No Limit Texas Hold'em) (dealer: ""Hanley @ vAjumxW6Uc"") --",2024-12-17T20:25:16.270Z,173446711627000
"-- ending hand #92 --",2024-12-17T20:25:10.338Z,173446711033802
"""Hanley @ vAjumxW6Uc"" collected 0.20 from pot",2024-12-17T20:25:10.338Z,173446711033801
"Uncalled bet of 0.10 returned to ""Hanley @ vAjumxW6Uc""",2024-12-17T20:25:10.338Z,173446711033800
"""willdevens @ sVfd-WUsjU"" folds",2024-12-17T20:25:09.484Z,173446710948400
"""Hanley @ vAjumxW6Uc"" posts a big blind of 0.20",2024-12-17T20:25:03.953Z,173446710395305
"""willdevens @ sVfd-WUsjU"" posts a small blind of 0.10",2024-12-17T20:25:03.953Z,173446710395304
"Player stacks: #1 ""Hanley @ vAjumxW6Uc"" (36.30) | #10 ""willdevens @ sVfd-WUsjU"" (3.70)",2024-12-17T20:25:03.953Z,173446710395301
"-- starting hand #92 (id: 110vxt73rnnn)  (No Limit Texas Hold'em) (dealer: ""willdevens @ sVfd-WUsjU"") --",2024-12-17T20:25:03.953Z,173446710395300
"-- ending hand #91 --",2024-12-17T20:24:58.042Z,173446709804202
"""Hanley @ vAjumxW6Uc"" collected 0.40 from pot",2024-12-17T20:24:58.042Z,173446709804201
"Uncalled bet of 0.20 returned to ""Hanley @ vAjumxW6Uc""",2024-12-17T20:24:58.042Z,173446709804200
"""willdevens @ sVfd-WUsjU"" folds",2024-12-17T20:24:57.227Z,173446709722700
"""Hanley @ vAjumxW6Uc"" bets 0.20",2024-12-17T20:24:55.399Z,173446709539900
"""willdevens @ sVfd-WUsjU"" checks",2024-12-17T20:24:52.490Z,173446709249000
"Turn: A♥, A♠, 6♥ [7♥]",2024-12-17T20:24:52.036Z,173446709203600
"""Hanley @ vAjumxW6Uc"" checks",2024-12-17T20:24:51.169Z,173446709116900
"""willdevens @ sVfd-WUsjU"" checks",2024-12-17T20:24:46.757Z,173446708675700
"Flop:  [A♥, A♠, 6♥]",2024-12-17T20:24:45.888Z,173446708588800
"""willdevens @ sVfd-WUsjU"" checks",2024-12-17T20:24:45.083Z,173446708508300
"""Hanley @ vAjumxW6Uc"" calls 0.20",2024-12-17T20:24:43.763Z,173446708376300
"""willdevens @ sVfd-WUsjU"" posts a big blind of 0.20",2024-12-17T20:24:42.414Z,173446708241405
"""Hanley @ vAjumxW6Uc"" posts a small blind of 0.10",2024-12-17T20:24:42.414Z,173446708241404
"Player stacks: #1 ""Hanley @ vAjumxW6Uc"" (36.10) | #10 ""willdevens @ sVfd-WUsjU"" (3.90)",2024-12-17T20:24:42.414Z,173446708241401
"-- starting hand #91 (id: cnef68sflocd)  (No Limit Texas Hold'em) (dealer: ""Hanley @ vAjumxW6Uc"") --",2024-12-17T20:24:42.414Z,173446708241400
"-- ending hand #90 --",2024-12-17T20:24:36.475Z,173446707647502
"""willdevens @ sVfd-WUsjU"" collected 0.40 from pot",2024-12-17T20:24:36.475Z,173446707647501
"Uncalled bet of 0.40 returned to ""willdevens @ sVfd-WUsjU""",2024-12-17T20:24:36.475Z,173446707647500
"""Hanley @ vAjumxW6Uc"" folds",2024-12-17T20:24:35.618Z,173446707561800
"""willdevens @ sVfd-WUsjU"" raises to 0.60",2024-12-17T20:24:34.091Z,173446707409100
"""Hanley @ vAjumxW6Uc"" posts a big blind of 0.20",2024-12-17T20:24:32.021Z,173446707202105
"""willdevens @ sVfd-WUsjU"" posts a small blind of 0.10",2024-12-17T20:24:32.021Z,173446707202104
"Player stacks: #1 ""Hanley @ vAjumxW6Uc"" (36.30) | #10 ""willdevens @ sVfd-WUsjU"" (3.70)",2024-12-17T20:24:32.021Z,173446707202101
"-- starting hand #90 (id: gscbpcmpoboh)  (No Limit Texas Hold'em) (dealer: ""willdevens @ sVfd-WUsjU"") --",2024-12-17T20:24:32.021Z,173446707202100
"-- ending hand #89 --",2024-12-17T20:24:26.105Z,173446706610502
"""willdevens @ sVfd-WUsjU"" collected 1.20 from pot",2024-12-17T20:24:26.105Z,173446706610501
"Uncalled bet of 2.50 returned to ""willdevens @ sVfd-WUsjU""",2024-12-17T20:24:26.105Z,173446706610500
"""Hanley @ vAjumxW6Uc"" folds",2024-12-17T20:24:25.286Z,173446706528600
"""willdevens @ sVfd-WUsjU"" bets 2.50 and go all in",2024-12-17T20:24:20.564Z,173446706056400
"Flop:  [4♠, 3♥, 7♥]",2024-12-17T20:24:16.373Z,173446705637300
"""Hanley @ vAjumxW6Uc"" calls 0.60",2024-12-17T20:24:15.562Z,173446705556200
"""willdevens @ sVfd-WUsjU"" raises to 0.60",2024-12-17T20:24:14.147Z,173446705414700
"""Hanley @ vAjumxW6Uc"" calls 0.20",2024-12-17T20:24:12.057Z,173446705205700
"""willdevens @ sVfd-WUsjU"" posts a big blind of 0.20",2024-12-17T20:24:10.561Z,173446705056105
"""Hanley @ vAjumxW6Uc"" posts a small blind of 0.10",2024-12-17T20:24:10.561Z,173446705056104
"Player stacks: #1 ""Hanley @ vAjumxW6Uc"" (36.90) | #10 ""willdevens @ sVfd-WUsjU"" (3.10)",2024-12-17T20:24:10.561Z,173446705056101
"-- starting hand #89 (id: myhzzscwjjwl)  (No Limit Texas Hold'em) (dealer: ""Hanley @ vAjumxW6Uc"") --",2024-12-17T20:24:10.561Z,173446705056100
"-- ending hand #88 --",2024-12-17T20:24:04.649Z,173446704464902
"""willdevens @ sVfd-WUsjU"" collected 0.40 from pot",2024-12-17T20:24:04.649Z,173446704464901
"Uncalled bet of 0.40 returned to ""willdevens @ sVfd-WUsjU""",2024-12-17T20:24:04.649Z,173446704464900
"""Hanley @ vAjumxW6Uc"" folds",2024-12-17T20:24:03.798Z,173446704379800
"""willdevens @ sVfd-WUsjU"" raises to 0.60",2024-12-17T20:24:02.566Z,173446704256600
"""Hanley @ vAjumxW6Uc"" posts a big blind of 0.20",2024-12-17T20:24:00.622Z,173446704062205
"""willdevens @ sVfd-WUsjU"" posts a small blind of 0.10",2024-12-17T20:24:00.622Z,173446704062204
"Player stacks: #1 ""Hanley @ vAjumxW6Uc"" (37.10) | #10 ""willdevens @ sVfd-WUsjU"" (2.90)",2024-12-17T20:24:00.622Z,173446704062201
"-- starting hand #88 (id: xj6lni3cqacf)  (No Limit Texas Hold'em) (dealer: ""willdevens @ sVfd-WUsjU"") --",2024-12-17T20:24:00.622Z,173446704062200
"-- ending hand #87 --",2024-12-17T20:23:54.696Z,173446703469602
"""willdevens @ sVfd-WUsjU"" collected 0.40 from pot",2024-12-17T20:23:54.696Z,173446703469601
"Uncalled bet of 0.40 returned to ""willdevens @ sVfd-WUsjU""",2024-12-17T20:23:54.696Z,173446703469600
"""Hanley @ vAjumxW6Uc"" folds",2024-12-17T20:23:53.819Z,173446703381900
"""willdevens @ sVfd-WUsjU"" raises to 0.60",2024-12-17T20:23:52.059Z,173446703205900
"""Hanley @ vAjumxW6Uc"" calls 0.20",2024-12-17T20:23:44.452Z,173446702445200
"""willdevens @ sVfd-WUsjU"" posts a big blind of 0.20",2024-12-17T20:23:42.602Z,173446702260205
"""Hanley @ vAjumxW6Uc"" posts a small blind of 0.10",2024-12-17T20:23:42.602Z,173446702260204
"Player stacks: #1 ""Hanley @ vAjumxW6Uc"" (37.30) | #10 ""willdevens @ sVfd-WUsjU"" (2.70)",2024-12-17T20:23:42.602Z,173446702260201
"-- starting hand #87 (id: rdblvfptro1n)  (No Limit Texas Hold'em) (dealer: ""Hanley @ vAjumxW6Uc"") --",2024-12-17T20:23:42.602Z,173446702260200
"-- ending hand #86 --",2024-12-17T20:23:36.659Z,173446701665902
"""Hanley @ vAjumxW6Uc"" collected 0.20 from pot",2024-12-17T20:23:36.659Z,173446701665901
"Uncalled bet of 0.10 returned to ""Hanley @ vAjumxW6Uc""",2024-12-17T20:23:36.659Z,173446701665900
"""willdevens @ sVfd-WUsjU"" folds",2024-12-17T20:23:35.810Z,173446701581000
"""Hanley @ vAjumxW6Uc"" posts a big blind of 0.20",2024-12-17T20:23:33.394Z,173446701339405
"""willdevens @ sVfd-WUsjU"" posts a small blind of 0.10",2024-12-17T20:23:33.394Z,173446701339404
"Player stacks: #1 ""Hanley @ vAjumxW6Uc"" (37.20) | #10 ""willdevens @ sVfd-WUsjU"" (2.80)",2024-12-17T20:23:33.394Z,173446701339401
"-- starting hand #86 (id: mvsfqok8x9zz)  (No Limit Texas Hold'em) (dealer: ""willdevens @ sVfd-WUsjU"") --",2024-12-17T20:23:33.394Z,173446701339400
"-- ending hand #85 --",2024-12-17T20:23:27.384Z,173446700738402
"""willdevens @ sVfd-WUsjU"" collected 0.80 from pot",2024-12-17T20:23:27.384Z,173446700738401
"Uncalled bet of 2.00 returned to ""willdevens @ sVfd-WUsjU""",2024-12-17T20:23:27.384Z,173446700738400
"""Hanley @ vAjumxW6Uc"" folds",2024-12-17T20:23:26.482Z,173446700648200
"""willdevens @ sVfd-WUsjU"" raises to 2.40 and go all in",2024-12-17T20:23:24.428Z,173446700442800
"""Hanley @ vAjumxW6Uc"" raises to 0.40",2024-12-17T20:23:21.777Z,173446700177700
"""willdevens @ sVfd-WUsjU"" posts a big blind of 0.20",2024-12-17T20:23:19.961Z,173446699996105
"""Hanley @ vAjumxW6Uc"" posts a small blind of 0.10",2024-12-17T20:23:19.961Z,173446699996104
"Player stacks: #1 ""Hanley @ vAjumxW6Uc"" (37.60) | #10 ""willdevens @ sVfd-WUsjU"" (2.40)",2024-12-17T20:23:19.961Z,173446699996101
"-- starting hand #85 (id: 7rjxo9rm7nne)  (No Limit Texas Hold'em) (dealer: ""Hanley @ vAjumxW6Uc"") --",2024-12-17T20:23:19.961Z,173446699996100
"-- ending hand #84 --",2024-12-17T20:23:13.944Z,173446699394402
"""Hanley @ vAjumxW6Uc"" collected 0.40 from pot",2024-12-17T20:23:13.944Z,173446699394401
"Uncalled bet of 0.20 returned to ""Hanley @ vAjumxW6Uc""",2024-12-17T20:23:13.944Z,173446699394400
"""willdevens @ sVfd-WUsjU"" folds",2024-12-17T20:23:13.124Z,173446699312400
"""Hanley @ vAjumxW6Uc"" bets 0.20",2024-12-17T20:23:11.249Z,173446699124900
"Flop:  [10♣, Q♥, 3♠]",2024-12-17T20:23:09.546Z,173446698954600
"""Hanley @ vAjumxW6Uc"" checks",2024-12-17T20:23:08.678Z,173446698867800
"""willdevens @ sVfd-WUsjU"" calls 0.20",2024-12-17T20:23:07.358Z,173446698735800
"""Hanley @ vAjumxW6Uc"" posts a big blind of 0.20",2024-12-17T20:23:05.179Z,173446698517905
"""willdevens @ sVfd-WUsjU"" posts a small blind of 0.10",2024-12-17T20:23:05.179Z,173446698517904
"Player stacks: #1 ""Hanley @ vAjumxW6Uc"" (37.40) | #10 ""willdevens @ sVfd-WUsjU"" (2.60)",2024-12-17T20:23:05.179Z,173446698517901
"-- starting hand #84 (id: pobmd5rgwcrb)  (No Limit Texas Hold'em) (dealer: ""willdevens @ sVfd-WUsjU"") --",2024-12-17T20:23:05.179Z,173446698517900
"-- ending hand #83 --",2024-12-17T20:22:59.268Z,173446697926802
"""Hanley @ vAjumxW6Uc"" collected 1.20 from pot",2024-12-17T20:22:59.268Z,173446697926801
"Uncalled bet of 0.20 returned to ""Hanley @ vAjumxW6Uc""",2024-12-17T20:22:59.268Z,173446697926800
"""willdevens @ sVfd-WUsjU"" folds",2024-12-17T20:22:58.458Z,173446697845800
"""Hanley @ vAjumxW6Uc"" bets 0.20",2024-12-17T20:22:57.436Z,173446697743600
"""willdevens @ sVfd-WUsjU"" checks",2024-12-17T20:22:53.052Z,173446697305200
"Turn: 10♠, 9♦, 5♣ [A♣]",2024-12-17T20:22:51.793Z,173446697179300
"""Hanley @ vAjumxW6Uc"" checks",2024-12-17T20:22:50.971Z,173446697097100
"""willdevens @ sVfd-WUsjU"" checks",2024-12-17T20:22:47.219Z,173446696721900
"Flop:  [10♠, 9♦, 5♣]",2024-12-17T20:22:46.134Z,173446696613400
"""willdevens @ sVfd-WUsjU"" calls 0.60",2024-12-17T20:22:45.278Z,173446696527800
"""Hanley @ vAjumxW6Uc"" raises to 0.60",2024-12-17T20:22:43.066Z,173446696306600
"""willdevens @ sVfd-WUsjU"" posts a big blind of 0.20",2024-12-17T20:22:40.527Z,173446696052705
"""Hanley @ vAjumxW6Uc"" posts a small blind of 0.10",2024-12-17T20:22:40.527Z,173446696052704
"Player stacks: #1 ""Hanley @ vAjumxW6Uc"" (36.80) | #10 ""willdevens @ sVfd-WUsjU"" (3.20)",2024-12-17T20:22:40.527Z,173446696052701
"-- starting hand #83 (id: ynejatoteaoi)  (No Limit Texas Hold'em) (dealer: ""Hanley @ vAjumxW6Uc"") --",2024-12-17T20:22:40.527Z,173446696052700
"-- ending hand #82 --",2024-12-17T20:22:34.514Z,173446695451402
"""Hanley @ vAjumxW6Uc"" collected 9.40 from pot with Pair, 8's (combination: 8♦, 8♠, 10♣, 9♦, 6♦)",2024-12-17T20:22:34.514Z,173446695451401
"""Hanley @ vAjumxW6Uc"" shows a 8♦, 6♦.",2024-12-17T20:22:34.514Z,173446695451400
"""willdevens @ sVfd-WUsjU"" checks",2024-12-17T20:22:33.691Z,173446695369100
"""Hanley @ vAjumxW6Uc"" checks",2024-12-17T20:22:32.110Z,173446695211000
"River: 8♠, 10♣, 3♦, 9♦ [4♠]",2024-12-17T20:22:29.554Z,173446694955400
"""Hanley @ vAjumxW6Uc"" calls 3.50",2024-12-17T20:22:28.708Z,173446694870800
"""willdevens @ sVfd-WUsjU"" raises to 3.50",2024-12-17T20:22:23.443Z,173446694344300
"""Hanley @ vAjumxW6Uc"" bets 0.20",2024-12-17T20:22:18.562Z,173446693856200
"Turn: 8♠, 10♣, 3♦ [9♦]",2024-12-17T20:22:14.684Z,173446693468400
"""willdevens @ sVfd-WUsjU"" calls 0.60",2024-12-17T20:22:13.841Z,173446693384100
"""Hanley @ vAjumxW6Uc"" bets 0.60",2024-12-17T20:22:12.437Z,173446693243700
"Flop:  [8♠, 10♣, 3♦]",2024-12-17T20:22:08.974Z,173446692897400
"""Hanley @ vAjumxW6Uc"" calls 0.60",2024-12-17T20:22:08.151Z,173446692815100
"""willdevens @ sVfd-WUsjU"" raises to 0.60",2024-12-17T20:22:05.931Z,173446692593100
"""Hanley @ vAjumxW6Uc"" posts a big blind of 0.20",2024-12-17T20:22:03.980Z,173446692398005
"""willdevens @ sVfd-WUsjU"" posts a small blind of 0.10",2024-12-17T20:22:03.980Z,173446692398004
"Player stacks: #1 ""Hanley @ vAjumxW6Uc"" (32.10) | #10 ""willdevens @ sVfd-WUsjU"" (7.90)",2024-12-17T20:22:03.980Z,173446692398001
"-- starting hand #82 (id: ipgn5lrhqgo4)  (No Limit Texas Hold'em) (dealer: ""willdevens @ sVfd-WUsjU"") --",2024-12-17T20:22:03.980Z,173446692398000
"-- ending hand #81 --",2024-12-17T20:21:58.041Z,173446691804102
"""willdevens @ sVfd-WUsjU"" collected 0.20 from pot",2024-12-17T20:21:58.041Z,173446691804101
"Uncalled bet of 0.10 returned to ""willdevens @ sVfd-WUsjU""",2024-12-17T20:21:58.041Z,173446691804100
"""Hanley @ vAjumxW6Uc"" folds",2024-12-17T20:21:57.150Z,173446691715000
"""willdevens @ sVfd-WUsjU"" posts a big blind of 0.20",2024-12-17T20:21:56.033Z,173446691603305
"""Hanley @ vAjumxW6Uc"" posts a small blind of 0.10",2024-12-17T20:21:56.033Z,173446691603304
"Player stacks: #1 ""Hanley @ vAjumxW6Uc"" (32.20) | #10 ""willdevens @ sVfd-WUsjU"" (7.80)",2024-12-17T20:21:56.033Z,173446691603301
"-- starting hand #81 (id: 0tyrufbrx1nq)  (No Limit Texas Hold'em) (dealer: ""Hanley @ vAjumxW6Uc"") --",2024-12-17T20:21:56.033Z,173446691603300
"-- ending hand #80 --",2024-12-17T20:21:50.070Z,173446691007002
"""willdevens @ sVfd-WUsjU"" collected 0.40 from pot",2024-12-17T20:21:50.070Z,173446691007001
"Uncalled bet of 0.40 returned to ""willdevens @ sVfd-WUsjU""",2024-12-17T20:21:50.070Z,173446691007000
"""Hanley @ vAjumxW6Uc"" folds",2024-12-17T20:21:49.228Z,173446690922800
"""willdevens @ sVfd-WUsjU"" raises to 0.60",2024-12-17T20:21:47.591Z,173446690759100
"""Hanley @ vAjumxW6Uc"" posts a big blind of 0.20",2024-12-17T20:21:44.528Z,173446690452805
"""willdevens @ sVfd-WUsjU"" posts a small blind of 0.10",2024-12-17T20:21:44.528Z,173446690452804
"Player stacks: #1 ""Hanley @ vAjumxW6Uc"" (32.40) | #10 ""willdevens @ sVfd-WUsjU"" (7.60)",2024-12-17T20:21:44.528Z,173446690452801
"-- starting hand #80 (id: kr4sws6ox1pb)  (No Limit Texas Hold'em) (dealer: ""willdevens @ sVfd-WUsjU"") --",2024-12-17T20:21:44.528Z,173446690452800
"-- ending hand #79 --",2024-12-17T20:21:38.602Z,173446689860202
"""willdevens @ sVfd-WUsjU"" collected 0.20 from pot",2024-12-17T20:21:38.602Z,173446689860201
"Uncalled bet of 0.10 returned to ""willdevens @ sVfd-WUsjU""",2024-12-17T20:21:38.602Z,173446689860200
"""Hanley @ vAjumxW6Uc"" folds",2024-12-17T20:21:37.774Z,173446689777400
"""willdevens @ sVfd-WUsjU"" posts a big blind of 0.20",2024-12-17T20:21:36.394Z,173446689639405
"""Hanley @ vAjumxW6Uc"" posts a small blind of 0.10",2024-12-17T20:21:36.394Z,173446689639404
"Player stacks: #1 ""Hanley @ vAjumxW6Uc"" (32.50) | #10 ""willdevens @ sVfd-WUsjU"" (7.50)",2024-12-17T20:21:36.394Z,173446689639401
"-- starting hand #79 (id: qtmt9tn78wtu)  (No Limit Texas Hold'em) (dealer: ""Hanley @ vAjumxW6Uc"") --",2024-12-17T20:21:36.394Z,173446689639400
"-- ending hand #78 --",2024-12-17T20:21:30.425Z,173446689042502
"""willdevens @ sVfd-WUsjU"" collected 1.20 from pot",2024-12-17T20:21:30.425Z,173446689042501
"Uncalled bet of 6.30 returned to ""willdevens @ sVfd-WUsjU""",2024-12-17T20:21:30.425Z,173446689042500
"""Hanley @ vAjumxW6Uc"" folds",2024-12-17T20:21:29.594Z,173446688959400
"""willdevens @ sVfd-WUsjU"" bets 6.30 and go all in",2024-12-17T20:21:28.490Z,173446688849000
"""Hanley @ vAjumxW6Uc"" checks",2024-12-17T20:21:26.317Z,173446688631700
"Flop:  [10♥, 7♥, 3♠]",2024-12-17T20:21:23.221Z,173446688322100
"""Hanley @ vAjumxW6Uc"" calls 0.60",2024-12-17T20:21:22.407Z,173446688240700
"""willdevens @ sVfd-WUsjU"" raises to 0.60",2024-12-17T20:21:20.097Z,173446688009700
"""Hanley @ vAjumxW6Uc"" posts a big blind of 0.20",2024-12-17T20:21:17.873Z,173446687787305
"""willdevens @ sVfd-WUsjU"" posts a small blind of 0.10",2024-12-17T20:21:17.873Z,173446687787304
"Player stacks: #1 ""Hanley @ vAjumxW6Uc"" (33.10) | #10 ""willdevens @ sVfd-WUsjU"" (6.90)",2024-12-17T20:21:17.873Z,173446687787301
"-- starting hand #78 (id: ojnu5omxspky)  (No Limit Texas Hold'em) (dealer: ""willdevens @ sVfd-WUsjU"") --",2024-12-17T20:21:17.873Z,173446687787300
"-- ending hand #77 --",2024-12-17T20:21:11.937Z,173446687193702
"""willdevens @ sVfd-WUsjU"" collected 0.20 from pot",2024-12-17T20:21:11.937Z,173446687193701
"Uncalled bet of 0.10 returned to ""willdevens @ sVfd-WUsjU""",2024-12-17T20:21:11.937Z,173446687193700
"""Hanley @ vAjumxW6Uc"" folds",2024-12-17T20:21:11.082Z,173446687108200
"""willdevens @ sVfd-WUsjU"" posts a big blind of 0.20",2024-12-17T20:21:09.803Z,173446686980305
"""Hanley @ vAjumxW6Uc"" posts a small blind of 0.10",2024-12-17T20:21:09.803Z,173446686980304
"Player stacks: #1 ""Hanley @ vAjumxW6Uc"" (33.20) | #10 ""willdevens @ sVfd-WUsjU"" (6.80)",2024-12-17T20:21:09.803Z,173446686980301
"-- starting hand #77 (id: hwn9lddww47i)  (No Limit Texas Hold'em) (dealer: ""Hanley @ vAjumxW6Uc"") --",2024-12-17T20:21:09.803Z,173446686980300
"-- ending hand #76 --",2024-12-17T20:21:03.835Z,173446686383502
"""willdevens @ sVfd-WUsjU"" collected 0.40 from pot",2024-12-17T20:21:03.835Z,173446686383501
"Uncalled bet of 0.40 returned to ""willdevens @ sVfd-WUsjU""",2024-12-17T20:21:03.835Z,173446686383500
"""Hanley @ vAjumxW6Uc"" folds",2024-12-17T20:21:03.028Z,173446686302800
"""willdevens @ sVfd-WUsjU"" raises to 0.60",2024-12-17T20:21:01.922Z,173446686192200
"""Hanley @ vAjumxW6Uc"" posts a big blind of 0.20",2024-12-17T20:20:59.553Z,173446685955305
"""willdevens @ sVfd-WUsjU"" posts a small blind of 0.10",2024-12-17T20:20:59.553Z,173446685955304
"Player stacks: #1 ""Hanley @ vAjumxW6Uc"" (33.40) | #10 ""willdevens @ sVfd-WUsjU"" (6.60)",2024-12-17T20:20:59.553Z,173446685955301
"-- starting hand #76 (id: cqasmhawmkre)  (No Limit Texas Hold'em) (dealer: ""willdevens @ sVfd-WUsjU"") --",2024-12-17T20:20:59.553Z,173446685955300
"-- ending hand #75 --",2024-12-17T20:20:56.641Z,173446685664102
"""Hanley @ vAjumxW6Uc"" collected 0.80 from pot",2024-12-17T20:20:56.641Z,173446685664101
"Uncalled bet of 0.80 returned to ""Hanley @ vAjumxW6Uc""",2024-12-17T20:20:56.641Z,173446685664100
"""willdevens @ sVfd-WUsjU"" folds",2024-12-17T20:20:55.836Z,173446685583600
"""Hanley @ vAjumxW6Uc"" bets 0.80",2024-12-17T20:20:53.839Z,173446685383900
"""willdevens @ sVfd-WUsjU"" checks",2024-12-17T20:20:50.576Z,173446685057600
"River: 8♣, 2♣, 6♦, 9♥ [3♥]",2024-12-17T20:20:46.885Z,173446684688500
"""Hanley @ vAjumxW6Uc"" calls 0.20",2024-12-17T20:20:46.041Z,173446684604100
"""willdevens @ sVfd-WUsjU"" bets 0.20",2024-12-17T20:20:43.775Z,173446684377500
"Turn: 8♣, 2♣, 6♦ [9♥]",2024-12-17T20:20:41.131Z,173446684113100
"""Hanley @ vAjumxW6Uc"" checks",2024-12-17T20:20:40.281Z,173446684028100
"""willdevens @ sVfd-WUsjU"" checks",2024-12-17T20:20:36.072Z,173446683607200
"Flop:  [8♣, 2♣, 6♦]",2024-12-17T20:20:34.870Z,173446683487000
"""willdevens @ sVfd-WUsjU"" checks",2024-12-17T20:20:33.999Z,173446683399900
"""Hanley @ vAjumxW6Uc"" calls 0.20",2024-12-17T20:20:33.062Z,173446683306200
"""willdevens @ sVfd-WUsjU"" posts a big blind of 0.20",2024-12-17T20:20:31.348Z,173446683134805
"""Hanley @ vAjumxW6Uc"" posts a small blind of 0.10",2024-12-17T20:20:31.348Z,173446683134804
"Player stacks: #1 ""Hanley @ vAjumxW6Uc"" (33.00) | #10 ""willdevens @ sVfd-WUsjU"" (7.00)",2024-12-17T20:20:31.348Z,173446683134801
"-- starting hand #75 (id: akd70gnkepcx)  (No Limit Texas Hold'em) (dealer: ""Hanley @ vAjumxW6Uc"") --",2024-12-17T20:20:31.348Z,173446683134800
"-- ending hand #74 --",2024-12-17T20:20:25.344Z,173446682534401
"""willdevens @ sVfd-WUsjU"" collected 7.00 from pot with Three of a Kind, 5's (combination: 5♠, 5♣, 5♦, J♣, 10♦)",2024-12-17T20:20:25.344Z,173446682534400
"River: 2♣, 10♦, 5♦, J♣ [8♣]",2024-12-17T20:20:21.279Z,173446682127900
"Turn: 2♣, 10♦, 5♦ [J♣]",2024-12-17T20:20:17.271Z,173446681727100
"Flop:  [2♣, 10♦, 5♦]",2024-12-17T20:20:13.241Z,173446681324100
"""Hanley @ vAjumxW6Uc"" shows a Q♦, Q♣.",2024-12-17T20:20:09.219Z,173446680921900
"""willdevens @ sVfd-WUsjU"" shows a 5♠, 5♣.",2024-12-17T20:20:08.911Z,173446680891100
"Some players choose to not run it twice.",2024-12-17T20:20:08.357Z,173446680835701
"""Hanley @ vAjumxW6Uc"" chooses to not run it twice.",2024-12-17T20:20:08.357Z,173446680835700
"""willdevens @ sVfd-WUsjU"" chooses to  run it twice.",2024-12-17T20:20:07.672Z,173446680767200
"Remaining players decide whether to run it twice.",2024-12-17T20:20:06.461Z,173446680646101
"""Hanley @ vAjumxW6Uc"" calls 3.50",2024-12-17T20:20:06.461Z,173446680646100
"""willdevens @ sVfd-WUsjU"" raises to 3.50 and go all in",2024-12-17T20:20:05.344Z,173446680534400
"""Hanley @ vAjumxW6Uc"" raises to 1.80",2024-12-17T20:20:03.098Z,173446680309800
"""willdevens @ sVfd-WUsjU"" raises to 1.00",2024-12-17T20:19:55.068Z,173446679506800
"""Hanley @ vAjumxW6Uc"" posts a big blind of 0.20",2024-12-17T20:19:51.393Z,173446679139305
"""willdevens @ sVfd-WUsjU"" posts a small blind of 0.10",2024-12-17T20:19:51.393Z,173446679139304
"Player stacks: #1 ""Hanley @ vAjumxW6Uc"" (36.50) | #10 ""willdevens @ sVfd-WUsjU"" (3.50)",2024-12-17T20:19:51.393Z,173446679139301
"-- starting hand #74 (id: ywls3cktwshd)  (No Limit Texas Hold'em) (dealer: ""willdevens @ sVfd-WUsjU"") --",2024-12-17T20:19:51.393Z,173446679139300
"-- ending hand #73 --",2024-12-17T20:19:48.490Z,173446678849002
"""Hanley @ vAjumxW6Uc"" collected 7.80 from pot",2024-12-17T20:19:48.490Z,173446678849001
"Uncalled bet of 3.50 returned to ""Hanley @ vAjumxW6Uc""",2024-12-17T20:19:48.490Z,173446678849000
"""willdevens @ sVfd-WUsjU"" folds",2024-12-17T20:19:47.682Z,173446678768200
"""Hanley @ vAjumxW6Uc"" raises to 6.00",2024-12-17T20:19:46.203Z,173446678620300
"""willdevens @ sVfd-WUsjU"" bets 2.50",2024-12-17T20:19:35.141Z,173446677514100
"River: J♣, K♥, Q♣, K♠ [A♦]",2024-12-17T20:19:28.024Z,173446676802400
"""Hanley @ vAjumxW6Uc"" calls 1.00",2024-12-17T20:19:27.165Z,173446676716500
"""willdevens @ sVfd-WUsjU"" raises to 1.00",2024-12-17T20:19:25.636Z,173446676563600
"""Hanley @ vAjumxW6Uc"" bets 0.20",2024-12-17T20:19:22.542Z,173446676254200
"""willdevens @ sVfd-WUsjU"" checks",2024-12-17T20:19:20.845Z,173446676084500
"Turn: J♣, K♥, Q♣ [K♠]",2024-12-17T20:19:19.985Z,173446675998500
"""willdevens @ sVfd-WUsjU"" calls 0.20",2024-12-17T20:19:19.149Z,173446675914900
"""Hanley @ vAjumxW6Uc"" bets 0.20",2024-12-17T20:19:18.232Z,173446675823200
"""willdevens @ sVfd-WUsjU"" checks",2024-12-17T20:19:16.030Z,173446675603000
"Flop:  [J♣, K♥, Q♣]",2024-12-17T20:19:15.267Z,173446675526700
"""willdevens @ sVfd-WUsjU"" checks",2024-12-17T20:19:14.446Z,173446675444600
"""Hanley @ vAjumxW6Uc"" calls 0.20",2024-12-17T20:19:13.164Z,173446675316400
"""willdevens @ sVfd-WUsjU"" posts a big blind of 0.20",2024-12-17T20:19:11.141Z,173446675114105
"""Hanley @ vAjumxW6Uc"" posts a small blind of 0.10",2024-12-17T20:19:11.141Z,173446675114104
"Player stacks: #1 ""Hanley @ vAjumxW6Uc"" (32.60) | #10 ""willdevens @ sVfd-WUsjU"" (7.40)",2024-12-17T20:19:11.141Z,173446675114101
"-- starting hand #73 (id: gvgkpjuudt8w)  (No Limit Texas Hold'em) (dealer: ""Hanley @ vAjumxW6Uc"") --",2024-12-17T20:19:11.141Z,173446675114100
"Undealt cards:  [3♥, Q♠, J♠, K♠, Q♦]",2024-12-17T20:19:05.688Z,173446674568800
"-- ending hand #72 --",2024-12-17T20:19:05.151Z,173446674515102
"""willdevens @ sVfd-WUsjU"" collected 0.40 from pot",2024-12-17T20:19:05.151Z,173446674515101
"Uncalled bet of 0.40 returned to ""willdevens @ sVfd-WUsjU""",2024-12-17T20:19:05.151Z,173446674515100
"""Hanley @ vAjumxW6Uc"" folds",2024-12-17T20:19:04.341Z,173446674434100
"""willdevens @ sVfd-WUsjU"" raises to 0.60",2024-12-17T20:19:03.293Z,173446674329300
"""Hanley @ vAjumxW6Uc"" posts a big blind of 0.20",2024-12-17T20:19:01.332Z,173446674133205
"""willdevens @ sVfd-WUsjU"" posts a small blind of 0.10",2024-12-17T20:19:01.332Z,173446674133204
"Player stacks: #1 ""Hanley @ vAjumxW6Uc"" (32.80) | #10 ""willdevens @ sVfd-WUsjU"" (7.20)",2024-12-17T20:19:01.332Z,173446674133201
"-- starting hand #72 (id: vmsy9eprqwv2)  (No Limit Texas Hold'em) (dealer: ""willdevens @ sVfd-WUsjU"") --",2024-12-17T20:19:01.332Z,173446674133200
"Undealt cards: 2♠, 6♦, 9♣ [Q♣, K♣]",2024-12-17T20:18:55.698Z,173446673569800
"-- ending hand #71 --",2024-12-17T20:18:55.363Z,173446673536302
"""willdevens @ sVfd-WUsjU"" collected 1.20 from pot",2024-12-17T20:18:55.363Z,173446673536301
"Uncalled bet of 6.00 returned to ""willdevens @ sVfd-WUsjU""",2024-12-17T20:18:55.363Z,173446673536300
"""Hanley @ vAjumxW6Uc"" folds",2024-12-17T20:18:54.528Z,173446673452800
"""willdevens @ sVfd-WUsjU"" bets 6.00 and go all in",2024-12-17T20:18:53.021Z,173446673302100
"Flop:  [2♠, 6♦, 9♣]",2024-12-17T20:18:49.955Z,173446672995500
"""Hanley @ vAjumxW6Uc"" calls 0.60",2024-12-17T20:18:49.114Z,173446672911400
"""willdevens @ sVfd-WUsjU"" raises to 0.60",2024-12-17T20:18:45.562Z,173446672556200
"""Hanley @ vAjumxW6Uc"" calls 0.20",2024-12-17T20:18:40.979Z,173446672097900
"""willdevens @ sVfd-WUsjU"" posts a big blind of 0.20",2024-12-17T20:18:39.288Z,173446671928805
"""Hanley @ vAjumxW6Uc"" posts a small blind of 0.10",2024-12-17T20:18:39.288Z,173446671928804
"Player stacks: #1 ""Hanley @ vAjumxW6Uc"" (33.40) | #10 ""willdevens @ sVfd-WUsjU"" (6.60)",2024-12-17T20:18:39.288Z,173446671928801
"-- starting hand #71 (id: rau4lxvt3bjz)  (No Limit Texas Hold'em) (dealer: ""Hanley @ vAjumxW6Uc"") --",2024-12-17T20:18:39.288Z,173446671928800
"Undealt cards:  [J♠, A♦, 10♥, 2♣, 7♦]",2024-12-17T20:18:33.709Z,173446671370900
"-- ending hand #70 --",2024-12-17T20:18:33.384Z,173446671338402
"""Hanley @ vAjumxW6Uc"" collected 0.20 from pot",2024-12-17T20:18:33.384Z,173446671338401
"Uncalled bet of 0.10 returned to ""Hanley @ vAjumxW6Uc""",2024-12-17T20:18:33.384Z,173446671338400
"""willdevens @ sVfd-WUsjU"" folds",2024-12-17T20:18:32.561Z,173446671256100
"""Hanley @ vAjumxW6Uc"" posts a big blind of 0.20",2024-12-17T20:18:31.253Z,173446671125305
"""willdevens @ sVfd-WUsjU"" posts a small blind of 0.10",2024-12-17T20:18:31.253Z,173446671125304
"Player stacks: #1 ""Hanley @ vAjumxW6Uc"" (33.30) | #10 ""willdevens @ sVfd-WUsjU"" (6.70)",2024-12-17T20:18:31.253Z,173446671125301
"-- starting hand #70 (id: axzeilxu2vdf)  (No Limit Texas Hold'em) (dealer: ""willdevens @ sVfd-WUsjU"") --",2024-12-17T20:18:31.253Z,173446671125300
"-- ending hand #69 --",2024-12-17T20:18:25.239Z,173446670523903
"""willdevens @ sVfd-WUsjU"" shows a 4♦, 2♠.",2024-12-17T20:18:25.239Z,173446670523902
"""Hanley @ vAjumxW6Uc"" collected 1.60 from pot with Two Pair, Q's & J's (combination: Q♦, Q♠, J♦, J♣, 9♠)",2024-12-17T20:18:25.239Z,173446670523901
"""Hanley @ vAjumxW6Uc"" shows a 9♠, Q♦.",2024-12-17T20:18:25.239Z,173446670523900
"""Hanley @ vAjumxW6Uc"" calls 0.20",2024-12-17T20:18:24.409Z,173446670440900
"""willdevens @ sVfd-WUsjU"" bets 0.20",2024-12-17T20:18:21.171Z,173446670117100
"River: J♦, J♣, 8♠, Q♠ [4♣]",2024-12-17T20:18:17.381Z,173446669738100
"""Hanley @ vAjumxW6Uc"" calls 0.40",2024-12-17T20:18:16.548Z,173446669654800
"""willdevens @ sVfd-WUsjU"" bets 0.40",2024-12-17T20:18:14.680Z,173446669468000
"Turn: J♦, J♣, 8♠ [Q♠]",2024-12-17T20:18:10.960Z,173446669096000
"""Hanley @ vAjumxW6Uc"" checks",2024-12-17T20:18:10.106Z,173446669010600
"""willdevens @ sVfd-WUsjU"" checks",2024-12-17T20:18:06.770Z,173446668677000
"Flop:  [J♦, J♣, 8♠]",2024-12-17T20:18:05.402Z,173446668540200
"""willdevens @ sVfd-WUsjU"" checks",2024-12-17T20:18:04.599Z,173446668459900
"""Hanley @ vAjumxW6Uc"" calls 0.20",2024-12-17T20:18:03.619Z,173446668361900
"""willdevens @ sVfd-WUsjU"" posts a big blind of 0.20",2024-12-17T20:18:01.817Z,173446668181705
"""Hanley @ vAjumxW6Uc"" posts a small blind of 0.10",2024-12-17T20:18:01.817Z,173446668181704
"Player stacks: #1 ""Hanley @ vAjumxW6Uc"" (32.50) | #10 ""willdevens @ sVfd-WUsjU"" (7.50)",2024-12-17T20:18:01.817Z,173446668181701
"-- starting hand #69 (id: 0lec0vdxub1t)  (No Limit Texas Hold'em) (dealer: ""Hanley @ vAjumxW6Uc"") --",2024-12-17T20:18:01.817Z,173446668181700
"Undealt cards:  [8♣, A♣, 2♠, 5♦, 5♣]",2024-12-17T20:17:56.701Z,173446667670100
"-- ending hand #68 --",2024-12-17T20:17:55.775Z,173446667577502
"""willdevens @ sVfd-WUsjU"" collected 0.40 from pot",2024-12-17T20:17:55.775Z,173446667577501
"Uncalled bet of 0.40 returned to ""willdevens @ sVfd-WUsjU""",2024-12-17T20:17:55.775Z,173446667577500
"""Hanley @ vAjumxW6Uc"" folds",2024-12-17T20:17:54.912Z,173446667491200
"""willdevens @ sVfd-WUsjU"" raises to 0.60",2024-12-17T20:17:53.161Z,173446667316100
"""Hanley @ vAjumxW6Uc"" posts a big blind of 0.20",2024-12-17T20:17:50.883Z,173446667088305
"""willdevens @ sVfd-WUsjU"" posts a small blind of 0.10",2024-12-17T20:17:50.883Z,173446667088304
"Player stacks: #1 ""Hanley @ vAjumxW6Uc"" (32.70) | #10 ""willdevens @ sVfd-WUsjU"" (7.30)",2024-12-17T20:17:50.883Z,173446667088301
"-- starting hand #68 (id: l6gzymhv0lxz)  (No Limit Texas Hold'em) (dealer: ""willdevens @ sVfd-WUsjU"") --",2024-12-17T20:17:50.883Z,173446667088300
"Undealt cards:  [7♠, 10♥, K♦, 7♣, 5♣]",2024-12-17T20:17:45.694Z,173446666569400
"-- ending hand #67 --",2024-12-17T20:17:44.957Z,173446666495702
"""willdevens @ sVfd-WUsjU"" collected 0.20 from pot",2024-12-17T20:17:44.957Z,173446666495701
"Uncalled bet of 0.10 returned to ""willdevens @ sVfd-WUsjU""",2024-12-17T20:17:44.957Z,173446666495700
"""Hanley @ vAjumxW6Uc"" folds",2024-12-17T20:17:44.141Z,173446666414100
"""willdevens @ sVfd-WUsjU"" posts a big blind of 0.20",2024-12-17T20:17:42.156Z,173446666215605
"""Hanley @ vAjumxW6Uc"" posts a small blind of 0.10",2024-12-17T20:17:42.156Z,173446666215604
"Player stacks: #1 ""Hanley @ vAjumxW6Uc"" (32.80) | #10 ""willdevens @ sVfd-WUsjU"" (7.20)",2024-12-17T20:17:42.156Z,173446666215601
"-- starting hand #67 (id: rudec2ktcscj)  (No Limit Texas Hold'em) (dealer: ""Hanley @ vAjumxW6Uc"") --",2024-12-17T20:17:42.156Z,173446666215600
"Undealt cards:  [7♦, 7♠, 7♣, 8♥, 10♥]",2024-12-17T20:17:36.700Z,173446665670000
"-- ending hand #66 --",2024-12-17T20:17:36.188Z,173446665618802
"""Hanley @ vAjumxW6Uc"" collected 0.20 from pot",2024-12-17T20:17:36.188Z,173446665618801
"Uncalled bet of 0.10 returned to ""Hanley @ vAjumxW6Uc""",2024-12-17T20:17:36.188Z,173446665618800
"""willdevens @ sVfd-WUsjU"" folds",2024-12-17T20:17:35.355Z,173446665535500
"""Hanley @ vAjumxW6Uc"" posts a big blind of 0.20",2024-12-17T20:17:33.554Z,173446665355405
"""willdevens @ sVfd-WUsjU"" posts a small blind of 0.10",2024-12-17T20:17:33.554Z,173446665355404
"Player stacks: #1 ""Hanley @ vAjumxW6Uc"" (32.70) | #10 ""willdevens @ sVfd-WUsjU"" (7.30)",2024-12-17T20:17:33.554Z,173446665355401
"-- starting hand #66 (id: ncumkbbidvl5)  (No Limit Texas Hold'em) (dealer: ""willdevens @ sVfd-WUsjU"") --",2024-12-17T20:17:33.554Z,173446665355400
"Undealt cards:  [5♥, 9♠, 4♣, 2♣, 10♣]",2024-12-17T20:17:28.697Z,173446664869700
"-- ending hand #65 --",2024-12-17T20:17:27.634Z,173446664763402
"""Hanley @ vAjumxW6Uc"" collected 0.40 from pot",2024-12-17T20:17:27.634Z,173446664763401
"Uncalled bet of 0.40 returned to ""Hanley @ vAjumxW6Uc""",2024-12-17T20:17:27.634Z,173446664763400
"""willdevens @ sVfd-WUsjU"" folds",2024-12-17T20:17:26.808Z,173446664680800
"""Hanley @ vAjumxW6Uc"" raises to 0.60",2024-12-17T20:17:25.840Z,173446664584000
"""willdevens @ sVfd-WUsjU"" posts a big blind of 0.20",2024-12-17T20:17:23.229Z,173446664322905
"""Hanley @ vAjumxW6Uc"" posts a small blind of 0.10",2024-12-17T20:17:23.229Z,173446664322904
"Player stacks: #1 ""Hanley @ vAjumxW6Uc"" (32.50) | #10 ""willdevens @ sVfd-WUsjU"" (7.50)",2024-12-17T20:17:23.229Z,173446664322901
"-- starting hand #65 (id: xxspfafyabj3)  (No Limit Texas Hold'em) (dealer: ""Hanley @ vAjumxW6Uc"") --",2024-12-17T20:17:23.229Z,173446664322900
"Undealt cards:  [4♥, 6♣, 4♠, A♣, 6♠]",2024-12-17T20:17:17.702Z,173446663770200
"-- ending hand #64 --",2024-12-17T20:17:17.319Z,173446663731902
"""willdevens @ sVfd-WUsjU"" collected 0.40 from pot",2024-12-17T20:17:17.319Z,173446663731901
"Uncalled bet of 0.40 returned to ""willdevens @ sVfd-WUsjU""",2024-12-17T20:17:17.319Z,173446663731900
"""Hanley @ vAjumxW6Uc"" folds",2024-12-17T20:17:16.452Z,173446663645200
"""willdevens @ sVfd-WUsjU"" raises to 0.60",2024-12-17T20:17:14.992Z,173446663499200
"""Hanley @ vAjumxW6Uc"" posts a big blind of 0.20",2024-12-17T20:17:12.498Z,173446663249805
"""willdevens @ sVfd-WUsjU"" posts a small blind of 0.10",2024-12-17T20:17:12.498Z,173446663249804
"Player stacks: #1 ""Hanley @ vAjumxW6Uc"" (32.70) | #10 ""willdevens @ sVfd-WUsjU"" (7.30)",2024-12-17T20:17:12.498Z,173446663249801
"-- starting hand #64 (id: mvoekqld6lqr)  (No Limit Texas Hold'em) (dealer: ""willdevens @ sVfd-WUsjU"") --",2024-12-17T20:17:12.498Z,173446663249800
"Undealt cards:  [4♥, 8♥, 7♦, 8♠, Q♠]",2024-12-17T20:17:06.687Z,173446662668700
"-- ending hand #63 --",2024-12-17T20:17:06.498Z,173446662649802
"""willdevens @ sVfd-WUsjU"" collected 0.20 from pot",2024-12-17T20:17:06.498Z,173446662649801
"Uncalled bet of 0.10 returned to ""willdevens @ sVfd-WUsjU""",2024-12-17T20:17:06.498Z,173446662649800
"""Hanley @ vAjumxW6Uc"" folds",2024-12-17T20:17:05.652Z,173446662565200
"""willdevens @ sVfd-WUsjU"" posts a big blind of 0.20",2024-12-17T20:17:04.491Z,173446662449105
"""Hanley @ vAjumxW6Uc"" posts a small blind of 0.10",2024-12-17T20:17:04.491Z,173446662449104
"Player stacks: #1 ""Hanley @ vAjumxW6Uc"" (32.80) | #10 ""willdevens @ sVfd-WUsjU"" (7.20)",2024-12-17T20:17:04.491Z,173446662449101
"-- starting hand #63 (id: h2w3v7cyc3vr)  (No Limit Texas Hold'em) (dealer: ""Hanley @ vAjumxW6Uc"") --",2024-12-17T20:17:04.491Z,173446662449100
"Undealt cards: 3♠, K♥, 6♣ [9♠, J♥]",2024-12-17T20:16:58.693Z,173446661869300
"-- ending hand #62 --",2024-12-17T20:16:58.584Z,173446661858402
"""willdevens @ sVfd-WUsjU"" collected 1.20 from pot",2024-12-17T20:16:58.584Z,173446661858401
"Uncalled bet of 0.60 returned to ""willdevens @ sVfd-WUsjU""",2024-12-17T20:16:58.584Z,173446661858400
"""Hanley @ vAjumxW6Uc"" folds",2024-12-17T20:16:57.745Z,173446661774500
"""willdevens @ sVfd-WUsjU"" bets 0.60",2024-12-17T20:16:56.497Z,173446661649700
"""Hanley @ vAjumxW6Uc"" checks",2024-12-17T20:16:53.880Z,173446661388000
"Flop:  [3♠, K♥, 6♣]",2024-12-17T20:16:52.024Z,173446661202400
"""Hanley @ vAjumxW6Uc"" calls 0.60",2024-12-17T20:16:51.188Z,173446661118800
"""willdevens @ sVfd-WUsjU"" raises to 0.60",2024-12-17T20:16:48.827Z,173446660882700
"""Hanley @ vAjumxW6Uc"" posts a big blind of 0.20",2024-12-17T20:16:46.535Z,173446660653505
"""willdevens @ sVfd-WUsjU"" posts a small blind of 0.10",2024-12-17T20:16:46.535Z,173446660653504
"Player stacks: #1 ""Hanley @ vAjumxW6Uc"" (33.40) | #10 ""willdevens @ sVfd-WUsjU"" (6.60)",2024-12-17T20:16:46.535Z,173446660653501
"-- starting hand #62 (id: nfbyzkrpgyxr)  (No Limit Texas Hold'em) (dealer: ""willdevens @ sVfd-WUsjU"") --",2024-12-17T20:16:46.535Z,173446660653500
"""willdevens @ sVfd-WUsjU"" shows a 2♥.",2024-12-17T20:16:44.096Z,173446660409600
"""willdevens @ sVfd-WUsjU"" shows a 8♥.",2024-12-17T20:16:41.841Z,173446660184100
"-- ending hand #61 --",2024-12-17T20:16:40.001Z,173446660000102
"""Hanley @ vAjumxW6Uc"" collected 3.80 from pot with Flush, Kh High (combination: K♥, Q♥, J♥, 6♥, 3♥)",2024-12-17T20:16:40.001Z,173446660000101
"""Hanley @ vAjumxW6Uc"" shows a 6♣, K♥.",2024-12-17T20:16:40.001Z,173446660000100
"""willdevens @ sVfd-WUsjU"" calls 1.30",2024-12-17T20:16:39.146Z,173446659914600
"""Hanley @ vAjumxW6Uc"" raises to 1.30",2024-12-17T20:16:37.890Z,173446659789000
"""willdevens @ sVfd-WUsjU"" bets 0.45",2024-12-17T20:16:32.006Z,173446659200600
"River: J♥, 6♥, Q♥, 3♥ [Q♦]",2024-12-17T20:16:28.224Z,173446658822400
"""willdevens @ sVfd-WUsjU"" calls 0.20",2024-12-17T20:16:27.406Z,173446658740600
"""Hanley @ vAjumxW6Uc"" bets 0.20",2024-12-17T20:16:26.312Z,173446658631200
"""willdevens @ sVfd-WUsjU"" checks",2024-12-17T20:16:24.241Z,173446658424100
"Turn: J♥, 6♥, Q♥ [3♥]",2024-12-17T20:16:22.410Z,173446658241000
"""willdevens @ sVfd-WUsjU"" calls 0.20",2024-12-17T20:16:21.572Z,173446658157200
"""Hanley @ vAjumxW6Uc"" bets 0.20",2024-12-17T20:16:20.375Z,173446658037500
"""willdevens @ sVfd-WUsjU"" checks",2024-12-17T20:16:17.443Z,173446657744300
"Flop:  [J♥, 6♥, Q♥]",2024-12-17T20:16:15.163Z,173446657516300
"""willdevens @ sVfd-WUsjU"" checks",2024-12-17T20:16:14.335Z,173446657433500
"""Hanley @ vAjumxW6Uc"" calls 0.20",2024-12-17T20:16:13.353Z,173446657335300
"""willdevens @ sVfd-WUsjU"" posts a big blind of 0.20",2024-12-17T20:16:09.761Z,173446656976105
"""Hanley @ vAjumxW6Uc"" posts a small blind of 0.10",2024-12-17T20:16:09.761Z,173446656976104
"Player stacks: #1 ""Hanley @ vAjumxW6Uc"" (31.50) | #10 ""willdevens @ sVfd-WUsjU"" (8.50)",2024-12-17T20:16:09.761Z,173446656976101
"-- starting hand #61 (id: fpdmdjlljsu0)  (No Limit Texas Hold'em) (dealer: ""Hanley @ vAjumxW6Uc"") --",2024-12-17T20:16:09.761Z,173446656976100
"-- ending hand #60 --",2024-12-17T20:16:06.839Z,173446656683902
"""willdevens @ sVfd-WUsjU"" collected 1.60 from pot",2024-12-17T20:16:06.839Z,173446656683901
"Uncalled bet of 2.30 returned to ""willdevens @ sVfd-WUsjU""",2024-12-17T20:16:06.839Z,173446656683900
"""Hanley @ vAjumxW6Uc"" folds",2024-12-17T20:16:05.983Z,173446656598300
"""willdevens @ sVfd-WUsjU"" raises to 2.50",2024-12-17T20:16:04.253Z,173446656425300
"""Hanley @ vAjumxW6Uc"" bets 0.20",2024-12-17T20:15:59.482Z,173446655948200
"River: 5♣, 8♥, 2♥, 4♦ [5♥]",2024-12-17T20:15:53.694Z,173446655369400
"""willdevens @ sVfd-WUsjU"" calls 0.20",2024-12-17T20:15:52.842Z,173446655284200
"""Hanley @ vAjumxW6Uc"" bets 0.20",2024-12-17T20:15:50.520Z,173446655052000
"Turn: 5♣, 8♥, 2♥ [4♦]",2024-12-17T20:15:48.597Z,173446654859700
"""willdevens @ sVfd-WUsjU"" calls 0.20",2024-12-17T20:15:47.723Z,173446654772300
"""Hanley @ vAjumxW6Uc"" bets 0.20",2024-12-17T20:15:46.422Z,173446654642200
"Flop:  [5♣, 8♥, 2♥]",2024-12-17T20:15:43.185Z,173446654318500
"""Hanley @ vAjumxW6Uc"" checks",2024-12-17T20:15:42.347Z,173446654234700
"""willdevens @ sVfd-WUsjU"" calls 0.20",2024-12-17T20:15:41.156Z,173446654115600
"""Hanley @ vAjumxW6Uc"" posts a big blind of 0.20",2024-12-17T20:15:39.778Z,173446653977805
"""willdevens @ sVfd-WUsjU"" posts a small blind of 0.10",2024-12-17T20:15:39.778Z,173446653977804
"Player stacks: #1 ""Hanley @ vAjumxW6Uc"" (32.30) | #10 ""willdevens @ sVfd-WUsjU"" (7.70)",2024-12-17T20:15:39.778Z,173446653977801
"-- starting hand #60 (id: xzxeuikzj7ex)  (No Limit Texas Hold'em) (dealer: ""willdevens @ sVfd-WUsjU"") --",2024-12-17T20:15:39.778Z,173446653977800
"Undealt cards: 3♣, 6♠, 5♥, K♠ [A♠]",2024-12-17T20:15:34.686Z,173446653468600
"-- ending hand #59 --",2024-12-17T20:15:33.820Z,173446653382002
"""willdevens @ sVfd-WUsjU"" collected 0.80 from pot",2024-12-17T20:15:33.820Z,173446653382001
"Uncalled bet of 0.40 returned to ""willdevens @ sVfd-WUsjU""",2024-12-17T20:15:33.820Z,173446653382000
"""Hanley @ vAjumxW6Uc"" folds",2024-12-17T20:15:33.015Z,173446653301500
"""willdevens @ sVfd-WUsjU"" bets 0.40",2024-12-17T20:15:31.715Z,173446653171500
"Turn: 3♣, 6♠, 5♥ [K♠]",2024-12-17T20:15:28.455Z,173446652845500
"""Hanley @ vAjumxW6Uc"" calls 0.20",2024-12-17T20:15:27.641Z,173446652764100
"""willdevens @ sVfd-WUsjU"" bets 0.20",2024-12-17T20:15:26.074Z,173446652607400
"Flop:  [3♣, 6♠, 5♥]",2024-12-17T20:15:23.631Z,173446652363100
"""willdevens @ sVfd-WUsjU"" checks",2024-12-17T20:15:22.809Z,173446652280900
"""Hanley @ vAjumxW6Uc"" calls 0.20",2024-12-17T20:15:21.869Z,173446652186900
"""willdevens @ sVfd-WUsjU"" posts a big blind of 0.20",2024-12-17T20:15:20.141Z,173446652014105
"""Hanley @ vAjumxW6Uc"" posts a small blind of 0.10",2024-12-17T20:15:20.141Z,173446652014104
"Player stacks: #1 ""Hanley @ vAjumxW6Uc"" (32.70) | #10 ""willdevens @ sVfd-WUsjU"" (7.30)",2024-12-17T20:15:20.141Z,173446652014101
"-- starting hand #59 (id: kkqd9modtoke)  (No Limit Texas Hold'em) (dealer: ""Hanley @ vAjumxW6Uc"") --",2024-12-17T20:15:20.141Z,173446652014100
"Undealt cards:  [J♠, K♥, K♦, 9♠, 2♣]",2024-12-17T20:15:14.693Z,173446651469300
"-- ending hand #58 --",2024-12-17T20:15:14.142Z,173446651414202
"""Hanley @ vAjumxW6Uc"" collected 0.20 from pot",2024-12-17T20:15:14.142Z,173446651414201
"Uncalled bet of 0.10 returned to ""Hanley @ vAjumxW6Uc""",2024-12-17T20:15:14.142Z,173446651414200
"""willdevens @ sVfd-WUsjU"" folds",2024-12-17T20:15:13.279Z,173446651327900
"""Hanley @ vAjumxW6Uc"" posts a big blind of 0.20",2024-12-17T20:15:11.710Z,173446651171005
"""willdevens @ sVfd-WUsjU"" posts a small blind of 0.10",2024-12-17T20:15:11.710Z,173446651171004
"Player stacks: #1 ""Hanley @ vAjumxW6Uc"" (32.60) | #10 ""willdevens @ sVfd-WUsjU"" (7.40)",2024-12-17T20:15:11.710Z,173446651171001
"-- starting hand #58 (id: zobggnepmxnt)  (No Limit Texas Hold'em) (dealer: ""willdevens @ sVfd-WUsjU"") --",2024-12-17T20:15:11.710Z,173446651171000
"Undealt cards: 10♠, 5♥, 4♥ [7♣, 8♦]",2024-12-17T20:15:06.683Z,173446650668300
"-- ending hand #57 --",2024-12-17T20:15:05.770Z,173446650577002
"""willdevens @ sVfd-WUsjU"" collected 2.40 from pot",2024-12-17T20:15:05.770Z,173446650577001
"Uncalled bet of 5.00 returned to ""willdevens @ sVfd-WUsjU""",2024-12-17T20:15:05.770Z,173446650577000
"""Hanley @ vAjumxW6Uc"" folds",2024-12-17T20:15:04.939Z,173446650493900
"""willdevens @ sVfd-WUsjU"" bets 5.00 and go all in",2024-12-17T20:15:02.771Z,173446650277100
"Flop:  [10♠, 5♥, 4♥]",2024-12-17T20:15:00.657Z,173446650065700
"""Hanley @ vAjumxW6Uc"" calls 1.20",2024-12-17T20:14:59.852Z,173446649985200
"""willdevens @ sVfd-WUsjU"" raises to 1.20",2024-12-17T20:14:58.189Z,173446649818900
"""Hanley @ vAjumxW6Uc"" raises to 0.40",2024-12-17T20:14:55.254Z,173446649525400
"""willdevens @ sVfd-WUsjU"" posts a big blind of 0.20",2024-12-17T20:14:50.253Z,173446649025305
"""Hanley @ vAjumxW6Uc"" posts a small blind of 0.10",2024-12-17T20:14:50.253Z,173446649025304
"Player stacks: #1 ""Hanley @ vAjumxW6Uc"" (33.80) | #10 ""willdevens @ sVfd-WUsjU"" (6.20)",2024-12-17T20:14:50.253Z,173446649025301
"-- starting hand #57 (id: rytcxxn3eizn)  (No Limit Texas Hold'em) (dealer: ""Hanley @ vAjumxW6Uc"") --",2024-12-17T20:14:50.253Z,173446649025300
"Undealt cards:  [10♦, 7♥, 4♠, 7♠, 5♥]",2024-12-17T20:14:44.690Z,173446648469000
"-- ending hand #56 --",2024-12-17T20:14:44.316Z,173446648431602
"""willdevens @ sVfd-WUsjU"" collected 0.40 from pot",2024-12-17T20:14:44.316Z,173446648431601
"Uncalled bet of 0.40 returned to ""willdevens @ sVfd-WUsjU""",2024-12-17T20:14:44.316Z,173446648431600
"""Hanley @ vAjumxW6Uc"" folds",2024-12-17T20:14:43.505Z,173446648350500
"""willdevens @ sVfd-WUsjU"" raises to 0.60",2024-12-17T20:14:40.527Z,173446648052700
"""Hanley @ vAjumxW6Uc"" posts a big blind of 0.20",2024-12-17T20:14:37.753Z,173446647775305
"""willdevens @ sVfd-WUsjU"" posts a small blind of 0.10",2024-12-17T20:14:37.753Z,173446647775304
"Player stacks: #1 ""Hanley @ vAjumxW6Uc"" (34.00) | #10 ""willdevens @ sVfd-WUsjU"" (6.00)",2024-12-17T20:14:37.753Z,173446647775301
"-- starting hand #56 (id: soklgdlkzlgs)  (No Limit Texas Hold'em) (dealer: ""willdevens @ sVfd-WUsjU"") --",2024-12-17T20:14:37.753Z,173446647775300
"-- ending hand #55 --",2024-12-17T20:14:31.747Z,173446647174702
"""willdevens @ sVfd-WUsjU"" collected 0.80 from pot with Pair, 6's (combination: 6♣, 6♠, K♦, J♥, 5♠)",2024-12-17T20:14:31.747Z,173446647174701
"""willdevens @ sVfd-WUsjU"" shows a K♦, 5♠.",2024-12-17T20:14:31.747Z,173446647174700
"""Hanley @ vAjumxW6Uc"" checks",2024-12-17T20:14:30.928Z,173446647092800
"""willdevens @ sVfd-WUsjU"" checks",2024-12-17T20:14:26.927Z,173446646692700
"River: 6♣, 2♠, J♥, 3♥ [6♠]",2024-12-17T20:14:23.660Z,173446646366000
"""willdevens @ sVfd-WUsjU"" calls 0.20",2024-12-17T20:14:22.773Z,173446646277300
"""Hanley @ vAjumxW6Uc"" bets 0.20",2024-12-17T20:14:18.319Z,173446645831900
"""willdevens @ sVfd-WUsjU"" checks",2024-12-17T20:14:14.112Z,173446645411200
"Turn: 6♣, 2♠, J♥ [3♥]",2024-12-17T20:14:12.687Z,173446645268700
"""Hanley @ vAjumxW6Uc"" checks",2024-12-17T20:14:11.858Z,173446645185800
"""willdevens @ sVfd-WUsjU"" checks",2024-12-17T20:14:07.629Z,173446644762900
"Flop:  [6♣, 2♠, J♥]",2024-12-17T20:14:06.217Z,173446644621700
"""willdevens @ sVfd-WUsjU"" checks",2024-12-17T20:14:05.407Z,173446644540700
"""Hanley @ vAjumxW6Uc"" calls 0.20",2024-12-17T20:14:04.255Z,173446644425500
"""willdevens @ sVfd-WUsjU"" posts a big blind of 0.20",2024-12-17T20:14:01.908Z,173446644190805
"""Hanley @ vAjumxW6Uc"" posts a small blind of 0.10",2024-12-17T20:14:01.908Z,173446644190804
"Player stacks: #1 ""Hanley @ vAjumxW6Uc"" (34.40) | #10 ""willdevens @ sVfd-WUsjU"" (5.60)",2024-12-17T20:14:01.908Z,173446644190801
"-- starting hand #55 (id: vxpgk0gg7vkl)  (No Limit Texas Hold'em) (dealer: ""Hanley @ vAjumxW6Uc"") --",2024-12-17T20:14:01.908Z,173446644190800
"Undealt cards:  [7♥, 4♥, 6♦, 10♦, 5♣]",2024-12-17T20:13:56.684Z,173446643668400
"-- ending hand #54 --",2024-12-17T20:13:55.979Z,173446643597902
"""willdevens @ sVfd-WUsjU"" collected 0.40 from pot",2024-12-17T20:13:55.979Z,173446643597901
"Uncalled bet of 0.20 returned to ""willdevens @ sVfd-WUsjU""",2024-12-17T20:13:55.979Z,173446643597900
"""Hanley @ vAjumxW6Uc"" folds",2024-12-17T20:13:55.118Z,173446643511800
"""willdevens @ sVfd-WUsjU"" raises to 0.40",2024-12-17T20:13:52.642Z,173446643264200
"""Hanley @ vAjumxW6Uc"" posts a big blind of 0.20",2024-12-17T20:13:49.217Z,173446642921705
"""willdevens @ sVfd-WUsjU"" posts a small blind of 0.10",2024-12-17T20:13:49.217Z,173446642921704
"Player stacks: #1 ""Hanley @ vAjumxW6Uc"" (34.60) | #10 ""willdevens @ sVfd-WUsjU"" (5.40)",2024-12-17T20:13:49.217Z,173446642921701
"-- starting hand #54 (id: qnbu7ju2iapy)  (No Limit Texas Hold'em) (dealer: ""willdevens @ sVfd-WUsjU"") --",2024-12-17T20:13:49.217Z,173446642921700
"Undealt cards:  [A♠, 2♠, 6♣, 9♣, 4♥]",2024-12-17T20:13:43.701Z,173446642370100
"-- ending hand #53 --",2024-12-17T20:13:43.286Z,173446642328602
"""Hanley @ vAjumxW6Uc"" collected 0.40 from pot",2024-12-17T20:13:43.286Z,173446642328601
"Uncalled bet of 0.20 returned to ""Hanley @ vAjumxW6Uc""",2024-12-17T20:13:43.286Z,173446642328600
"""willdevens @ sVfd-WUsjU"" folds",2024-12-17T20:13:42.452Z,173446642245200
"""Hanley @ vAjumxW6Uc"" raises to 0.40",2024-12-17T20:13:41.507Z,173446642150700
"""willdevens @ sVfd-WUsjU"" posts a big blind of 0.20",2024-12-17T20:13:32.662Z,173446641266205
"""Hanley @ vAjumxW6Uc"" posts a small blind of 0.10",2024-12-17T20:13:32.662Z,173446641266204
"Player stacks: #1 ""Hanley @ vAjumxW6Uc"" (34.40) | #10 ""willdevens @ sVfd-WUsjU"" (5.60)",2024-12-17T20:13:32.662Z,173446641266201
"-- starting hand #53 (id: hjm8endl6hj3)  (No Limit Texas Hold'em) (dealer: ""Hanley @ vAjumxW6Uc"") --",2024-12-17T20:13:32.662Z,173446641266200
"Undealt cards: 6♦, A♦, 5♠, A♥ [9♥]",2024-12-17T20:13:27.698Z,173446640769800
"-- ending hand #52 --",2024-12-17T20:13:26.725Z,173446640672502
"""Hanley @ vAjumxW6Uc"" collected 0.40 from pot",2024-12-17T20:13:26.725Z,173446640672501
"Uncalled bet of 0.20 returned to ""Hanley @ vAjumxW6Uc""",2024-12-17T20:13:26.725Z,173446640672500
"""willdevens @ sVfd-WUsjU"" folds",2024-12-17T20:13:25.881Z,173446640588100
"""Hanley @ vAjumxW6Uc"" bets 0.20",2024-12-17T20:13:25.009Z,173446640500900
"Turn: 6♦, A♦, 5♠ [A♥]",2024-12-17T20:13:22.375Z,173446640237500
"""willdevens @ sVfd-WUsjU"" checks",2024-12-17T20:13:21.556Z,173446640155600
"""Hanley @ vAjumxW6Uc"" checks",2024-12-17T20:13:20.678Z,173446640067800
"Flop:  [6♦, A♦, 5♠]",2024-12-17T20:13:18.774Z,173446639877400
"""Hanley @ vAjumxW6Uc"" checks",2024-12-17T20:13:17.955Z,173446639795500
"""willdevens @ sVfd-WUsjU"" calls 0.20",2024-12-17T20:13:16.552Z,173446639655200
"""Hanley @ vAjumxW6Uc"" posts a big blind of 0.20",2024-12-17T20:13:15.194Z,173446639519405
"""willdevens @ sVfd-WUsjU"" posts a small blind of 0.10",2024-12-17T20:13:15.194Z,173446639519404
"Player stacks: #1 ""Hanley @ vAjumxW6Uc"" (34.20) | #10 ""willdevens @ sVfd-WUsjU"" (5.80)",2024-12-17T20:13:15.194Z,173446639519401
"-- starting hand #52 (id: n0p6t7wucvls)  (No Limit Texas Hold'em) (dealer: ""willdevens @ sVfd-WUsjU"") --",2024-12-17T20:13:15.194Z,173446639519400
"Undealt cards:  [3♣, 6♦, 4♠, 8♥, 10♠]",2024-12-17T20:13:09.687Z,173446638968700
"-- ending hand #51 --",2024-12-17T20:13:09.284Z,173446638928402
"""willdevens @ sVfd-WUsjU"" collected 0.80 from pot",2024-12-17T20:13:09.284Z,173446638928401
"Uncalled bet of 5.00 returned to ""willdevens @ sVfd-WUsjU""",2024-12-17T20:13:09.284Z,173446638928400
"""Hanley @ vAjumxW6Uc"" folds",2024-12-17T20:13:08.406Z,173446638840600
"""willdevens @ sVfd-WUsjU"" raises to 5.40 and go all in",2024-12-17T20:13:06.818Z,173446638681800
"""Hanley @ vAjumxW6Uc"" raises to 0.40",2024-12-17T20:13:04.636Z,173446638463600
"""willdevens @ sVfd-WUsjU"" posts a big blind of 0.20",2024-12-17T20:13:02.582Z,173446638258205
"""Hanley @ vAjumxW6Uc"" posts a small blind of 0.10",2024-12-17T20:13:02.582Z,173446638258204
"Player stacks: #1 ""Hanley @ vAjumxW6Uc"" (34.60) | #10 ""willdevens @ sVfd-WUsjU"" (5.40)",2024-12-17T20:13:02.582Z,173446638258201
"-- starting hand #51 (id: qfh3fucincoz)  (No Limit Texas Hold'em) (dealer: ""Hanley @ vAjumxW6Uc"") --",2024-12-17T20:13:02.582Z,173446638258200
"Undealt cards: A♠, 2♦, K♥, 9♠ [K♠]",2024-12-17T20:12:57.689Z,173446637768900
"-- ending hand #50 --",2024-12-17T20:12:56.673Z,173446637667302
"""willdevens @ sVfd-WUsjU"" collected 0.40 from pot",2024-12-17T20:12:56.673Z,173446637667301
"Uncalled bet of 0.20 returned to ""willdevens @ sVfd-WUsjU""",2024-12-17T20:12:56.673Z,173446637667300
"""Hanley @ vAjumxW6Uc"" folds",2024-12-17T20:12:55.842Z,173446637584200
"""willdevens @ sVfd-WUsjU"" bets 0.20",2024-12-17T20:12:42.416Z,173446636241600
"""Hanley @ vAjumxW6Uc"" checks",2024-12-17T20:12:40.223Z,173446636022300
"Turn: A♠, 2♦, K♥ [9♠]",2024-12-17T20:12:38.018Z,173446635801800
"""willdevens @ sVfd-WUsjU"" checks",2024-12-17T20:12:37.167Z,173446635716700
"""Hanley @ vAjumxW6Uc"" checks",2024-12-17T20:12:35.205Z,173446635520500
"Flop:  [A♠, 2♦, K♥]",2024-12-17T20:12:33.464Z,173446635346400
"""Hanley @ vAjumxW6Uc"" checks",2024-12-17T20:12:32.649Z,173446635264900
"""willdevens @ sVfd-WUsjU"" calls 0.20",2024-12-17T20:12:31.067Z,173446635106700
"""Hanley @ vAjumxW6Uc"" posts a big blind of 0.20",2024-12-17T20:12:28.872Z,173446634887205
"""willdevens @ sVfd-WUsjU"" posts a small blind of 0.10",2024-12-17T20:12:28.872Z,173446634887204
"Player stacks: #1 ""Hanley @ vAjumxW6Uc"" (34.80) | #10 ""willdevens @ sVfd-WUsjU"" (5.20)",2024-12-17T20:12:28.872Z,173446634887201
"-- starting hand #50 (id: ppmpgapgtfnj)  (No Limit Texas Hold'em) (dealer: ""willdevens @ sVfd-WUsjU"") --",2024-12-17T20:12:28.872Z,173446634887200
"Undealt cards:  [6♠, A♦, J♥, 2♠, 7♣]",2024-12-17T20:12:23.697Z,173446634369700
"-- ending hand #49 --",2024-12-17T20:12:22.964Z,173446634296402
"""willdevens @ sVfd-WUsjU"" collected 0.20 from pot",2024-12-17T20:12:22.964Z,173446634296401
"Uncalled bet of 0.10 returned to ""willdevens @ sVfd-WUsjU""",2024-12-17T20:12:22.964Z,173446634296400
"""Hanley @ vAjumxW6Uc"" folds",2024-12-17T20:12:22.141Z,173446634214100
"""willdevens @ sVfd-WUsjU"" posts a big blind of 0.20",2024-12-17T20:12:20.958Z,173446634095805
"""Hanley @ vAjumxW6Uc"" posts a small blind of 0.10",2024-12-17T20:12:20.958Z,173446634095804
"Player stacks: #1 ""Hanley @ vAjumxW6Uc"" (34.90) | #10 ""willdevens @ sVfd-WUsjU"" (5.10)",2024-12-17T20:12:20.958Z,173446634095801
"-- starting hand #49 (id: pvxpifyhnuau)  (No Limit Texas Hold'em) (dealer: ""Hanley @ vAjumxW6Uc"") --",2024-12-17T20:12:20.958Z,173446634095800
"""willdevens @ sVfd-WUsjU"" shows a K♥.",2024-12-17T20:12:18.198Z,173446633819800
"-- ending hand #48 --",2024-12-17T20:12:14.406Z,173446633440602
"""Hanley @ vAjumxW6Uc"" collected 5.10 from pot with Straight, Q High (combination: Q♦, J♣, 10♣, 9♥, 8♦)",2024-12-17T20:12:14.406Z,173446633440601
"""Hanley @ vAjumxW6Uc"" shows a 5♣, J♣.",2024-12-17T20:12:14.406Z,173446633440600
"""willdevens @ sVfd-WUsjU"" calls 0.20",2024-12-17T20:12:13.559Z,173446633355900
"""Hanley @ vAjumxW6Uc"" bets 0.20",2024-12-17T20:12:12.185Z,173446633218500
"River: 6♣, 9♥, 8♦, Q♦ [10♣]",2024-12-17T20:12:08.540Z,173446632854000
"""Hanley @ vAjumxW6Uc"" calls 1.50",2024-12-17T20:12:07.707Z,173446632770700
"""willdevens @ sVfd-WUsjU"" raises to 1.50",2024-12-17T20:12:04.785Z,173446632478500
"""Hanley @ vAjumxW6Uc"" bets 0.20",2024-12-17T20:12:02.395Z,173446632239500
"Turn: 6♣, 9♥, 8♦ [Q♦]",2024-12-17T20:12:00.656Z,173446632065600
"""willdevens @ sVfd-WUsjU"" calls 0.20",2024-12-17T20:11:59.847Z,173446631984700
"""Hanley @ vAjumxW6Uc"" bets 0.20",2024-12-17T20:11:58.784Z,173446631878400
"Flop:  [6♣, 9♥, 8♦]",2024-12-17T20:11:54.156Z,173446631415600
"""Hanley @ vAjumxW6Uc"" calls 0.65",2024-12-17T20:11:53.265Z,173446631326500
"""willdevens @ sVfd-WUsjU"" raises to 0.65",2024-12-17T20:11:50.048Z,173446631004800
"""Hanley @ vAjumxW6Uc"" posts a big blind of 0.20",2024-12-17T20:11:47.655Z,173446630765505
"""willdevens @ sVfd-WUsjU"" posts a small blind of 0.10",2024-12-17T20:11:47.655Z,173446630765504
"Player stacks: #1 ""Hanley @ vAjumxW6Uc"" (32.35) | #10 ""willdevens @ sVfd-WUsjU"" (7.65)",2024-12-17T20:11:47.655Z,173446630765501
"-- starting hand #48 (id: aohzlxk48lya)  (No Limit Texas Hold'em) (dealer: ""willdevens @ sVfd-WUsjU"") --",2024-12-17T20:11:47.655Z,173446630765500
"Undealt cards:  [A♦, A♥, 8♣, 5♥, J♠]",2024-12-17T20:11:42.699Z,173446630269900
"-- ending hand #47 --",2024-12-17T20:11:41.710Z,173446630171002
"""willdevens @ sVfd-WUsjU"" collected 0.20 from pot",2024-12-17T20:11:41.710Z,173446630171001
"Uncalled bet of 0.10 returned to ""willdevens @ sVfd-WUsjU""",2024-12-17T20:11:41.710Z,173446630171000
"""Hanley @ vAjumxW6Uc"" folds",2024-12-17T20:11:40.862Z,173446630086200
"""willdevens @ sVfd-WUsjU"" posts a big blind of 0.20",2024-12-17T20:11:39.552Z,173446629955205
"""Hanley @ vAjumxW6Uc"" posts a small blind of 0.10",2024-12-17T20:11:39.552Z,173446629955204
"Player stacks: #1 ""Hanley @ vAjumxW6Uc"" (32.45) | #10 ""willdevens @ sVfd-WUsjU"" (7.55)",2024-12-17T20:11:39.552Z,173446629955201
"-- starting hand #47 (id: ppmickacgnkp)  (No Limit Texas Hold'em) (dealer: ""Hanley @ vAjumxW6Uc"") --",2024-12-17T20:11:39.552Z,173446629955200
"-- ending hand #46 --",2024-12-17T20:11:36.644Z,173446629664402
"""willdevens @ sVfd-WUsjU"" collected 2.40 from pot",2024-12-17T20:11:36.644Z,173446629664401
"Uncalled bet of 5.15 returned to ""willdevens @ sVfd-WUsjU""",2024-12-17T20:11:36.644Z,173446629664400
"""Hanley @ vAjumxW6Uc"" folds",2024-12-17T20:11:35.821Z,173446629582100
"""willdevens @ sVfd-WUsjU"" raises to 5.75 and go all in",2024-12-17T20:11:10.805Z,173446627080500
"""Hanley @ vAjumxW6Uc"" bets 0.60",2024-12-17T20:11:08.858Z,173446626885800
"River: 5♥, 3♣, 2♥, 8♠ [7♣]",2024-12-17T20:11:03.581Z,173446626358100
"""willdevens @ sVfd-WUsjU"" calls 0.20",2024-12-17T20:11:02.753Z,173446626275300
"""Hanley @ vAjumxW6Uc"" bets 0.20",2024-12-17T20:11:01.302Z,173446626130200
"Turn: 5♥, 3♣, 2♥ [8♠]",2024-12-17T20:10:59.023Z,173446625902300
"""willdevens @ sVfd-WUsjU"" calls 0.20",2024-12-17T20:10:58.200Z,173446625820000
"""Hanley @ vAjumxW6Uc"" bets 0.20",2024-12-17T20:10:56.016Z,173446625601600
"Flop:  [5♥, 3♣, 2♥]",2024-12-17T20:10:50.363Z,173446625036300
"""Hanley @ vAjumxW6Uc"" checks",2024-12-17T20:10:49.491Z,173446624949100
"""willdevens @ sVfd-WUsjU"" calls 0.20",2024-12-17T20:10:48.275Z,173446624827500
"""Hanley @ vAjumxW6Uc"" posts a big blind of 0.20",2024-12-17T20:10:45.167Z,173446624516705
"""willdevens @ sVfd-WUsjU"" posts a small blind of 0.10",2024-12-17T20:10:45.167Z,173446624516704
"Player stacks: #1 ""Hanley @ vAjumxW6Uc"" (33.65) | #10 ""willdevens @ sVfd-WUsjU"" (6.35)",2024-12-17T20:10:45.167Z,173446624516701
"-- starting hand #46 (id: xk7t0jui1cbo)  (No Limit Texas Hold'em) (dealer: ""willdevens @ sVfd-WUsjU"") --",2024-12-17T20:10:45.167Z,173446624516700
"Undealt cards:  [4♠, A♣, 8♠, 5♠, 9♠]",2024-12-17T20:10:39.694Z,173446623969400
"-- ending hand #45 --",2024-12-17T20:10:39.258Z,173446623925802
"""Hanley @ vAjumxW6Uc"" collected 0.40 from pot",2024-12-17T20:10:39.258Z,173446623925801
"Uncalled bet of 0.40 returned to ""Hanley @ vAjumxW6Uc""",2024-12-17T20:10:39.258Z,173446623925800
"""willdevens @ sVfd-WUsjU"" folds",2024-12-17T20:10:38.432Z,173446623843200
"""Hanley @ vAjumxW6Uc"" raises to 0.60",2024-12-17T20:10:37.223Z,173446623722300
"""willdevens @ sVfd-WUsjU"" posts a big blind of 0.20",2024-12-17T20:10:34.850Z,173446623485005
"""Hanley @ vAjumxW6Uc"" posts a small blind of 0.10",2024-12-17T20:10:34.850Z,173446623485004
"Player stacks: #1 ""Hanley @ vAjumxW6Uc"" (33.45) | #10 ""willdevens @ sVfd-WUsjU"" (6.55)",2024-12-17T20:10:34.850Z,173446623485001
"-- starting hand #45 (id: rako7b3r5jxo)  (No Limit Texas Hold'em) (dealer: ""Hanley @ vAjumxW6Uc"") --",2024-12-17T20:10:34.850Z,173446623485000
"Undealt cards:  [5♥, 6♣, J♦, 4♣, 10♠]",2024-12-17T20:10:29.682Z,173446622968200
"-- ending hand #44 --",2024-12-17T20:10:28.904Z,173446622890402
"""Hanley @ vAjumxW6Uc"" collected 0.20 from pot",2024-12-17T20:10:28.904Z,173446622890401
"Uncalled bet of 0.10 returned to ""Hanley @ vAjumxW6Uc""",2024-12-17T20:10:28.904Z,173446622890400
"""willdevens @ sVfd-WUsjU"" folds",2024-12-17T20:10:28.041Z,173446622804100
"""Hanley @ vAjumxW6Uc"" posts a big blind of 0.20",2024-12-17T20:10:26.837Z,173446622683705
"""willdevens @ sVfd-WUsjU"" posts a small blind of 0.10",2024-12-17T20:10:26.837Z,173446622683704
"Player stacks: #1 ""Hanley @ vAjumxW6Uc"" (33.35) | #10 ""willdevens @ sVfd-WUsjU"" (6.65)",2024-12-17T20:10:26.837Z,173446622683701
"-- starting hand #44 (id: 8kuhocgwkmki)  (No Limit Texas Hold'em) (dealer: ""willdevens @ sVfd-WUsjU"") --",2024-12-17T20:10:26.837Z,173446622683700
"Undealt cards:  [8♥, Q♥, 2♦, 4♠, 5♥]",2024-12-17T20:10:21.674Z,173446622167400
"-- ending hand #43 --",2024-12-17T20:10:20.906Z,173446622090602
"""willdevens @ sVfd-WUsjU"" collected 0.20 from pot",2024-12-17T20:10:20.906Z,173446622090601
"Uncalled bet of 0.10 returned to ""willdevens @ sVfd-WUsjU""",2024-12-17T20:10:20.906Z,173446622090600
"""Hanley @ vAjumxW6Uc"" folds",2024-12-17T20:10:20.101Z,173446622010100
"""willdevens @ sVfd-WUsjU"" posts a big blind of 0.20",2024-12-17T20:10:18.699Z,173446621869905
"""Hanley @ vAjumxW6Uc"" posts a small blind of 0.10",2024-12-17T20:10:18.699Z,173446621869904
"Player stacks: #1 ""Hanley @ vAjumxW6Uc"" (33.45) | #10 ""willdevens @ sVfd-WUsjU"" (6.55)",2024-12-17T20:10:18.699Z,173446621869901
"-- starting hand #43 (id: 6f2ftnheskjd)  (No Limit Texas Hold'em) (dealer: ""Hanley @ vAjumxW6Uc"") --",2024-12-17T20:10:18.699Z,173446621869900
"Undealt cards: 4♥, 3♣, 8♦ [10♦, 7♠]",2024-12-17T20:10:13.676Z,173446621367600
"-- ending hand #42 --",2024-12-17T20:10:12.755Z,173446621275502
"""Hanley @ vAjumxW6Uc"" collected 1.20 from pot",2024-12-17T20:10:12.755Z,173446621275501
"Uncalled bet of 0.90 returned to ""Hanley @ vAjumxW6Uc""",2024-12-17T20:10:12.755Z,173446621275500
"""willdevens @ sVfd-WUsjU"" folds",2024-12-17T20:10:11.929Z,173446621192900
"""Hanley @ vAjumxW6Uc"" bets 0.90",2024-12-17T20:10:10.520Z,173446621052000
"Flop:  [4♥, 3♣, 8♦]",2024-12-17T20:10:05.155Z,173446620515500
"""willdevens @ sVfd-WUsjU"" calls 0.60",2024-12-17T20:10:04.335Z,173446620433500
"""Hanley @ vAjumxW6Uc"" raises to 0.60",2024-12-17T20:10:02.803Z,173446620280300
"""willdevens @ sVfd-WUsjU"" calls 0.20",2024-12-17T20:09:59.942Z,173446619994200
"""Hanley @ vAjumxW6Uc"" posts a big blind of 0.20",2024-12-17T20:09:57.943Z,173446619794305
"""willdevens @ sVfd-WUsjU"" posts a small blind of 0.10",2024-12-17T20:09:57.943Z,173446619794304
"Player stacks: #1 ""Hanley @ vAjumxW6Uc"" (32.85) | #10 ""willdevens @ sVfd-WUsjU"" (7.15)",2024-12-17T20:09:57.943Z,173446619794301
"-- starting hand #42 (id: rvfu0yvk4hb1)  (No Limit Texas Hold'em) (dealer: ""willdevens @ sVfd-WUsjU"") --",2024-12-17T20:09:57.943Z,173446619794300
"-- ending hand #41 --",2024-12-17T20:09:51.929Z,173446619192903
"""willdevens @ sVfd-WUsjU"" shows a 9♦, 6♠.",2024-12-17T20:09:51.929Z,173446619192902
"""Hanley @ vAjumxW6Uc"" collected 0.40 from pot with Pair, 5's (combination: 5♦, 5♥, K♠, Q♣, J♥)",2024-12-17T20:09:51.929Z,173446619192901
"""Hanley @ vAjumxW6Uc"" shows a J♥, 2♥.",2024-12-17T20:09:51.929Z,173446619192900
"""Hanley @ vAjumxW6Uc"" checks",2024-12-17T20:09:51.079Z,173446619107900
"""willdevens @ sVfd-WUsjU"" checks",2024-12-17T20:09:49.308Z,173446618930800
"River: 5♦, K♠, Q♣, 5♥ [4♠]",2024-12-17T20:09:48.526Z,173446618852600
"""Hanley @ vAjumxW6Uc"" checks",2024-12-17T20:09:47.711Z,173446618771100
"""willdevens @ sVfd-WUsjU"" checks",2024-12-17T20:09:45.981Z,173446618598100
"Turn: 5♦, K♠, Q♣ [5♥]",2024-12-17T20:09:45.274Z,173446618527400
"""Hanley @ vAjumxW6Uc"" checks",2024-12-17T20:09:44.437Z,173446618443700
"""willdevens @ sVfd-WUsjU"" checks",2024-12-17T20:09:43.046Z,173446618304600
"Flop:  [5♦, K♠, Q♣]",2024-12-17T20:09:41.213Z,173446618121300
"""willdevens @ sVfd-WUsjU"" checks",2024-12-17T20:09:40.380Z,173446618038000
"""Hanley @ vAjumxW6Uc"" calls 0.20",2024-12-17T20:09:39.177Z,173446617917700
"""willdevens @ sVfd-WUsjU"" posts a big blind of 0.20",2024-12-17T20:09:38.052Z,173446617805205
"""Hanley @ vAjumxW6Uc"" posts a small blind of 0.10",2024-12-17T20:09:38.052Z,173446617805204
"Player stacks: #1 ""Hanley @ vAjumxW6Uc"" (32.65) | #10 ""willdevens @ sVfd-WUsjU"" (7.35)",2024-12-17T20:09:38.052Z,173446617805201
"-- starting hand #41 (id: 7dt6xzasoded)  (No Limit Texas Hold'em) (dealer: ""Hanley @ vAjumxW6Uc"") --",2024-12-17T20:09:38.052Z,173446617805200
"Undealt cards:  [6♣, K♦, 8♥, Q♥, 9♦]",2024-12-17T20:09:32.679Z,173446617267900
"-- ending hand #40 --",2024-12-17T20:09:32.107Z,173446617210702
"""Hanley @ vAjumxW6Uc"" collected 0.20 from pot",2024-12-17T20:09:32.107Z,173446617210701
"Uncalled bet of 0.10 returned to ""Hanley @ vAjumxW6Uc""",2024-12-17T20:09:32.107Z,173446617210700
"""willdevens @ sVfd-WUsjU"" folds",2024-12-17T20:09:31.302Z,173446617130200
"""Hanley @ vAjumxW6Uc"" posts a big blind of 0.20",2024-12-17T20:09:30.032Z,173446617003205
"""willdevens @ sVfd-WUsjU"" posts a small blind of 0.10",2024-12-17T20:09:30.032Z,173446617003204
"Player stacks: #1 ""Hanley @ vAjumxW6Uc"" (32.55) | #10 ""willdevens @ sVfd-WUsjU"" (7.45)",2024-12-17T20:09:30.032Z,173446617003201
"-- starting hand #40 (id: oxv1akxf7noa)  (No Limit Texas Hold'em) (dealer: ""willdevens @ sVfd-WUsjU"") --",2024-12-17T20:09:30.032Z,173446617003200
"-- ending hand #39 --",2024-12-17T20:09:27.102Z,173446616710202
"""Hanley @ vAjumxW6Uc"" collected 5.10 from pot",2024-12-17T20:09:27.102Z,173446616710201
"Uncalled bet of 1.50 returned to ""Hanley @ vAjumxW6Uc""",2024-12-17T20:09:27.102Z,173446616710200
"""willdevens @ sVfd-WUsjU"" folds",2024-12-17T20:09:26.248Z,173446616624800
"""Hanley @ vAjumxW6Uc"" raises to 3.00",2024-12-17T20:09:24.597Z,173446616459700
"""willdevens @ sVfd-WUsjU"" bets 1.50",2024-12-17T20:09:20.117Z,173446616011700
"River: 8♥, 5♥, Q♥, Q♦ [J♠]",2024-12-17T20:09:12.004Z,173446615200400
"""Hanley @ vAjumxW6Uc"" calls 0.65",2024-12-17T20:09:11.189Z,173446615118900
"""willdevens @ sVfd-WUsjU"" bets 0.65",2024-12-17T20:09:02.477Z,173446614247700
"Turn: 8♥, 5♥, Q♥ [Q♦]",2024-12-17T20:08:59.480Z,173446613948000
"""Hanley @ vAjumxW6Uc"" checks",2024-12-17T20:08:58.644Z,173446613864400
"""willdevens @ sVfd-WUsjU"" checks",2024-12-17T20:08:56.409Z,173446613640900
"Flop:  [8♥, 5♥, Q♥]",2024-12-17T20:08:55.033Z,173446613503300
"""willdevens @ sVfd-WUsjU"" calls 0.40",2024-12-17T20:08:54.226Z,173446613422600
"""Hanley @ vAjumxW6Uc"" raises to 0.40",2024-12-17T20:08:52.910Z,173446613291000
"""willdevens @ sVfd-WUsjU"" posts a big blind of 0.20",2024-12-17T20:08:51.319Z,173446613131905
"""Hanley @ vAjumxW6Uc"" posts a small blind of 0.10",2024-12-17T20:08:51.319Z,173446613131904
"Player stacks: #1 ""Hanley @ vAjumxW6Uc"" (30.00) | #10 ""willdevens @ sVfd-WUsjU"" (10.00)",2024-12-17T20:08:51.319Z,173446613131901
"-- starting hand #39 (id: gq7vwb3rys7w)  (No Limit Texas Hold'em) (dealer: ""Hanley @ vAjumxW6Uc"") --",2024-12-17T20:08:51.319Z,173446613131900
"Undealt cards:  [4♣, 10♦, 2♠, J♥, 9♠]",2024-12-17T20:08:45.676Z,173446612567600
"-- ending hand #38 --",2024-12-17T20:08:45.407Z,173446612540702
"""willdevens @ sVfd-WUsjU"" collected 0.40 from pot",2024-12-17T20:08:45.407Z,173446612540701
"Uncalled bet of 0.40 returned to ""willdevens @ sVfd-WUsjU""",2024-12-17T20:08:45.407Z,173446612540700
"""Hanley @ vAjumxW6Uc"" folds",2024-12-17T20:08:44.601Z,173446612460100
"""willdevens @ sVfd-WUsjU"" raises to 0.60",2024-12-17T20:08:42.919Z,173446612291900
"""Hanley @ vAjumxW6Uc"" posts a big blind of 0.20",2024-12-17T20:08:40.804Z,173446612080405
"""willdevens @ sVfd-WUsjU"" posts a small blind of 0.10",2024-12-17T20:08:40.804Z,173446612080404
"Player stacks: #1 ""Hanley @ vAjumxW6Uc"" (30.20) | #10 ""willdevens @ sVfd-WUsjU"" (9.80)",2024-12-17T20:08:40.804Z,173446612080401
"-- starting hand #38 (id: cjcdqfco9leu)  (No Limit Texas Hold'em) (dealer: ""willdevens @ sVfd-WUsjU"") --",2024-12-17T20:08:40.804Z,173446612080400
"Undealt cards: 2♦, 4♠, 2♥ [9♣, J♥]",2024-12-17T20:08:35.691Z,173446611569100
"-- ending hand #37 --",2024-12-17T20:08:34.890Z,173446611489002
"""Hanley @ vAjumxW6Uc"" collected 4.80 from pot",2024-12-17T20:08:34.890Z,173446611489001
"Uncalled bet of 3.60 returned to ""Hanley @ vAjumxW6Uc""",2024-12-17T20:08:34.890Z,173446611489000
"""willdevens @ sVfd-WUsjU"" folds",2024-12-17T20:08:34.088Z,173446611408800
"""Hanley @ vAjumxW6Uc"" bets 3.60",2024-12-17T20:08:31.871Z,173446611187100
"""willdevens @ sVfd-WUsjU"" checks",2024-12-17T20:08:25.434Z,173446610543400
"Flop:  [2♦, 4♠, 2♥]",2024-12-17T20:08:23.517Z,173446610351700
"""willdevens @ sVfd-WUsjU"" calls 2.40",2024-12-17T20:08:22.710Z,173446610271000
"""Hanley @ vAjumxW6Uc"" raises to 2.40",2024-12-17T20:08:20.534Z,173446610053400
"""willdevens @ sVfd-WUsjU"" raises to 1.50",2024-12-17T20:08:15.675Z,173446609567500
"""Hanley @ vAjumxW6Uc"" raises to 0.60",2024-12-17T20:08:11.935Z,173446609193500
"""willdevens @ sVfd-WUsjU"" posts a big blind of 0.20",2024-12-17T20:08:09.856Z,173446608985605
"""Hanley @ vAjumxW6Uc"" posts a small blind of 0.10",2024-12-17T20:08:09.856Z,173446608985604
"Player stacks: #1 ""Hanley @ vAjumxW6Uc"" (27.80) | #10 ""willdevens @ sVfd-WUsjU"" (12.20)",2024-12-17T20:08:09.856Z,173446608985601
"-- starting hand #37 (id: 59nmrkym4k5d)  (No Limit Texas Hold'em) (dealer: ""Hanley @ vAjumxW6Uc"") --",2024-12-17T20:08:09.856Z,173446608985600
"Undealt cards: 3♠, 3♥, 4♦ [10♠, 6♣]",2024-12-17T20:08:04.681Z,173446608468100
"-- ending hand #36 --",2024-12-17T20:08:03.945Z,173446608394502
"""Hanley @ vAjumxW6Uc"" collected 1.20 from pot",2024-12-17T20:08:03.945Z,173446608394501
"Uncalled bet of 0.60 returned to ""Hanley @ vAjumxW6Uc""",2024-12-17T20:08:03.945Z,173446608394500
"""willdevens @ sVfd-WUsjU"" folds",2024-12-17T20:08:03.090Z,173446608309000
"""Hanley @ vAjumxW6Uc"" bets 0.60",2024-12-17T20:08:01.803Z,173446608180300
"Flop:  [3♠, 3♥, 4♦]",2024-12-17T20:07:57.937Z,173446607793700
"""Hanley @ vAjumxW6Uc"" calls 0.60",2024-12-17T20:07:57.106Z,173446607710600
"""willdevens @ sVfd-WUsjU"" raises to 0.60",2024-12-17T20:07:55.481Z,173446607548100
"""Hanley @ vAjumxW6Uc"" posts a big blind of 0.20",2024-12-17T20:07:53.328Z,173446607332805
"""willdevens @ sVfd-WUsjU"" posts a small blind of 0.10",2024-12-17T20:07:53.328Z,173446607332804
"Player stacks: #1 ""Hanley @ vAjumxW6Uc"" (27.20) | #10 ""willdevens @ sVfd-WUsjU"" (12.80)",2024-12-17T20:07:53.328Z,173446607332801
"-- starting hand #36 (id: 8zfabwjzeqgq)  (No Limit Texas Hold'em) (dealer: ""willdevens @ sVfd-WUsjU"") --",2024-12-17T20:07:53.328Z,173446607332800
"Undealt cards: 5♥, 5♦, 9♥ [4♦, 8♦]",2024-12-17T20:07:47.673Z,173446606767300
"-- ending hand #35 --",2024-12-17T20:07:47.395Z,173446606739502
"""willdevens @ sVfd-WUsjU"" collected 2.40 from pot",2024-12-17T20:07:47.395Z,173446606739501
"Uncalled bet of 3.00 returned to ""willdevens @ sVfd-WUsjU""",2024-12-17T20:07:47.395Z,173446606739500
"""Hanley @ vAjumxW6Uc"" folds",2024-12-17T20:07:46.556Z,173446606655600
"""willdevens @ sVfd-WUsjU"" bets 3.00",2024-12-17T20:07:38.614Z,173446605861400
"Flop:  [5♥, 5♦, 9♥]",2024-12-17T20:07:35.347Z,173446605534700
"""Hanley @ vAjumxW6Uc"" calls 1.20",2024-12-17T20:07:34.524Z,173446605452400
"""willdevens @ sVfd-WUsjU"" raises to 1.20",2024-12-17T20:07:32.826Z,173446605282600
"""Hanley @ vAjumxW6Uc"" raises to 0.40",2024-12-17T20:07:30.432Z,173446605043200
"""willdevens @ sVfd-WUsjU"" posts a big blind of 0.20",2024-12-17T20:07:28.527Z,173446604852705
"""Hanley @ vAjumxW6Uc"" posts a small blind of 0.10",2024-12-17T20:07:28.527Z,173446604852704
"Player stacks: #1 ""Hanley @ vAjumxW6Uc"" (28.40) | #10 ""willdevens @ sVfd-WUsjU"" (11.60)",2024-12-17T20:07:28.527Z,173446604852701
"-- starting hand #35 (id: m7ioaojbpt8q)  (No Limit Texas Hold'em) (dealer: ""Hanley @ vAjumxW6Uc"") --",2024-12-17T20:07:28.527Z,173446604852700
"Undealt cards:  [J♦, 2♣, 6♣, Q♠, A♥]",2024-12-17T20:07:22.674Z,173446604267400
"-- ending hand #34 --",2024-12-17T20:07:22.614Z,173446604261402
"""willdevens @ sVfd-WUsjU"" collected 0.40 from pot",2024-12-17T20:07:22.614Z,173446604261401
"Uncalled bet of 0.40 returned to ""willdevens @ sVfd-WUsjU""",2024-12-17T20:07:22.614Z,173446604261400
"""Hanley @ vAjumxW6Uc"" folds",2024-12-17T20:07:21.785Z,173446604178500
"""willdevens @ sVfd-WUsjU"" raises to 0.60",2024-12-17T20:07:17.865Z,173446603786500
"""Hanley @ vAjumxW6Uc"" posts a big blind of 0.20",2024-12-17T20:07:14.598Z,173446603459805
"""willdevens @ sVfd-WUsjU"" posts a small blind of 0.10",2024-12-17T20:07:14.598Z,173446603459804
"Player stacks: #1 ""Hanley @ vAjumxW6Uc"" (28.60) | #10 ""willdevens @ sVfd-WUsjU"" (11.40)",2024-12-17T20:07:14.598Z,173446603459801
"-- starting hand #34 (id: w6lh5rwgwld7)  (No Limit Texas Hold'em) (dealer: ""willdevens @ sVfd-WUsjU"") --",2024-12-17T20:07:14.598Z,173446603459800
"Undealt cards: 9♦, 2♣, 9♠ [4♠, J♥]",2024-12-17T20:07:09.676Z,173446602967600
"-- ending hand #33 --",2024-12-17T20:07:08.644Z,173446602864402
"""willdevens @ sVfd-WUsjU"" collected 0.40 from pot",2024-12-17T20:07:08.644Z,173446602864401
"Uncalled bet of 0.25 returned to ""willdevens @ sVfd-WUsjU""",2024-12-17T20:07:08.644Z,173446602864400
"""Hanley @ vAjumxW6Uc"" folds",2024-12-17T20:07:07.817Z,173446602781700
"""willdevens @ sVfd-WUsjU"" bets 0.25",2024-12-17T20:07:03.751Z,173446602375100
"Flop:  [9♦, 2♣, 9♠]",2024-12-17T20:07:00.385Z,173446602038500
"""willdevens @ sVfd-WUsjU"" checks",2024-12-17T20:06:59.497Z,173446601949700
"""Hanley @ vAjumxW6Uc"" calls 0.20",2024-12-17T20:06:58.507Z,173446601850700
"""willdevens @ sVfd-WUsjU"" posts a big blind of 0.20",2024-12-17T20:06:55.968Z,173446601596805
"""Hanley @ vAjumxW6Uc"" posts a small blind of 0.10",2024-12-17T20:06:55.968Z,173446601596804
"Player stacks: #1 ""Hanley @ vAjumxW6Uc"" (28.80) | #10 ""willdevens @ sVfd-WUsjU"" (11.20)",2024-12-17T20:06:55.968Z,173446601596801
"-- starting hand #33 (id: getbznlkpqbl)  (No Limit Texas Hold'em) (dealer: ""Hanley @ vAjumxW6Uc"") --",2024-12-17T20:06:55.968Z,173446601596800
"Undealt cards:  [7♦, 9♦, 10♥, J♦, 3♣]",2024-12-17T20:06:50.671Z,173446601067100
"-- ending hand #32 --",2024-12-17T20:06:49.959Z,173446600995902
"""willdevens @ sVfd-WUsjU"" collected 0.40 from pot",2024-12-17T20:06:49.959Z,173446600995901
"Uncalled bet of 0.40 returned to ""willdevens @ sVfd-WUsjU""",2024-12-17T20:06:49.959Z,173446600995900
"""Hanley @ vAjumxW6Uc"" folds",2024-12-17T20:06:49.093Z,173446600909300
"""willdevens @ sVfd-WUsjU"" raises to 0.60",2024-12-17T20:06:47.626Z,173446600762600
"""Hanley @ vAjumxW6Uc"" posts a big blind of 0.20",2024-12-17T20:06:44.953Z,173446600495305
"""willdevens @ sVfd-WUsjU"" posts a small blind of 0.10",2024-12-17T20:06:44.953Z,173446600495304
"Player stacks: #1 ""Hanley @ vAjumxW6Uc"" (29.00) | #10 ""willdevens @ sVfd-WUsjU"" (11.00)",2024-12-17T20:06:44.953Z,173446600495301
"-- starting hand #32 (id: zjsnhiduhy9g)  (No Limit Texas Hold'em) (dealer: ""willdevens @ sVfd-WUsjU"") --",2024-12-17T20:06:44.953Z,173446600495300
"Undealt cards:  [A♠, Q♥, 7♥, J♣, 8♣]",2024-12-17T20:06:39.680Z,173446599968000
"-- ending hand #31 --",2024-12-17T20:06:38.944Z,173446599894402
"""willdevens @ sVfd-WUsjU"" collected 0.20 from pot",2024-12-17T20:06:38.944Z,173446599894401
"Uncalled bet of 0.10 returned to ""willdevens @ sVfd-WUsjU""",2024-12-17T20:06:38.944Z,173446599894400
"""Hanley @ vAjumxW6Uc"" folds",2024-12-17T20:06:38.134Z,173446599813400
"""willdevens @ sVfd-WUsjU"" posts a big blind of 0.20",2024-12-17T20:06:36.831Z,173446599683105
"""Hanley @ vAjumxW6Uc"" posts a small blind of 0.10",2024-12-17T20:06:36.831Z,173446599683104
"Player stacks: #1 ""Hanley @ vAjumxW6Uc"" (29.10) | #10 ""willdevens @ sVfd-WUsjU"" (10.90)",2024-12-17T20:06:36.831Z,173446599683101
"-- starting hand #31 (id: qfz0vbewsegl)  (No Limit Texas Hold'em) (dealer: ""Hanley @ vAjumxW6Uc"") --",2024-12-17T20:06:36.831Z,173446599683100
"Undealt cards:  [4♦, J♦, 3♣, Q♥, 7♦]",2024-12-17T20:06:31.678Z,173446599167800
"-- ending hand #30 --",2024-12-17T20:06:30.929Z,173446599092902
"""Hanley @ vAjumxW6Uc"" collected 0.20 from pot",2024-12-17T20:06:30.929Z,173446599092901
"Uncalled bet of 0.10 returned to ""Hanley @ vAjumxW6Uc""",2024-12-17T20:06:30.929Z,173446599092900
"""willdevens @ sVfd-WUsjU"" folds",2024-12-17T20:06:30.115Z,173446599011500
"""Hanley @ vAjumxW6Uc"" posts a big blind of 0.20",2024-12-17T20:06:29.022Z,173446598902205
"""willdevens @ sVfd-WUsjU"" posts a small blind of 0.10",2024-12-17T20:06:29.022Z,173446598902204
"Player stacks: #1 ""Hanley @ vAjumxW6Uc"" (29.00) | #10 ""willdevens @ sVfd-WUsjU"" (11.00)",2024-12-17T20:06:29.022Z,173446598902201
"-- starting hand #30 (id: vidntzw7aupr)  (No Limit Texas Hold'em) (dealer: ""willdevens @ sVfd-WUsjU"") --",2024-12-17T20:06:29.022Z,173446598902200
"Undealt cards: Q♥, K♠, 3♦ [2♦, A♦]",2024-12-17T20:06:23.686Z,173446598368600
"-- ending hand #29 --",2024-12-17T20:06:23.116Z,173446598311602
"""Hanley @ vAjumxW6Uc"" collected 0.80 from pot",2024-12-17T20:06:23.116Z,173446598311601
"Uncalled bet of 0.40 returned to ""Hanley @ vAjumxW6Uc""",2024-12-17T20:06:23.116Z,173446598311600
"""willdevens @ sVfd-WUsjU"" folds",2024-12-17T20:06:22.224Z,173446598222400
"""Hanley @ vAjumxW6Uc"" bets 0.40",2024-12-17T20:06:21.265Z,173446598126500
"""willdevens @ sVfd-WUsjU"" checks",2024-12-17T20:06:17.550Z,173446597755000
"Flop:  [Q♥, K♠, 3♦]",2024-12-17T20:06:16.083Z,173446597608300
"""willdevens @ sVfd-WUsjU"" calls 0.40",2024-12-17T20:06:15.256Z,173446597525600
"""Hanley @ vAjumxW6Uc"" raises to 0.40",2024-12-17T20:06:13.156Z,173446597315600
"""willdevens @ sVfd-WUsjU"" posts a big blind of 0.20",2024-12-17T20:06:11.478Z,173446597147805
"""Hanley @ vAjumxW6Uc"" posts a small blind of 0.10",2024-12-17T20:06:11.478Z,173446597147804
"Player stacks: #1 ""Hanley @ vAjumxW6Uc"" (28.60) | #10 ""willdevens @ sVfd-WUsjU"" (11.40)",2024-12-17T20:06:11.478Z,173446597147801
"-- starting hand #29 (id: 46tyjrfqfbxr)  (No Limit Texas Hold'em) (dealer: ""Hanley @ vAjumxW6Uc"") --",2024-12-17T20:06:11.478Z,173446597147800
"Undealt cards:  [Q♠, 4♦, J♦, A♣, 4♠]",2024-12-17T20:06:05.671Z,173446596567100
"-- ending hand #28 --",2024-12-17T20:06:05.502Z,173446596550202
"""Hanley @ vAjumxW6Uc"" collected 0.20 from pot",2024-12-17T20:06:05.502Z,173446596550201
"Uncalled bet of 0.10 returned to ""Hanley @ vAjumxW6Uc""",2024-12-17T20:06:05.502Z,173446596550200
"""willdevens @ sVfd-WUsjU"" folds",2024-12-17T20:06:04.690Z,173446596469000
"""Hanley @ vAjumxW6Uc"" posts a big blind of 0.20",2024-12-17T20:06:02.283Z,173446596228305
"""willdevens @ sVfd-WUsjU"" posts a small blind of 0.10",2024-12-17T20:06:02.283Z,173446596228304
"Player stacks: #1 ""Hanley @ vAjumxW6Uc"" (28.50) | #10 ""willdevens @ sVfd-WUsjU"" (11.50)",2024-12-17T20:06:02.283Z,173446596228301
"-- starting hand #28 (id: uijyrocfxp6f)  (No Limit Texas Hold'em) (dealer: ""willdevens @ sVfd-WUsjU"") --",2024-12-17T20:06:02.283Z,173446596228300
"""willdevens @ sVfd-WUsjU"" shows a K♠, Q♥.",2024-12-17T20:05:57.023Z,173446595702300
"-- ending hand #27 --",2024-12-17T20:05:55.646Z,173446595564602
"""willdevens @ sVfd-WUsjU"" collected 0.20 from pot",2024-12-17T20:05:55.646Z,173446595564601
"Uncalled bet of 0.10 returned to ""willdevens @ sVfd-WUsjU""",2024-12-17T20:05:55.646Z,173446595564600
"""Hanley @ vAjumxW6Uc"" folds",2024-12-17T20:05:54.823Z,173446595482300
"""willdevens @ sVfd-WUsjU"" posts a big blind of 0.20",2024-12-17T20:05:53.634Z,173446595363405
"""Hanley @ vAjumxW6Uc"" posts a small blind of 0.10",2024-12-17T20:05:53.634Z,173446595363404
"Player stacks: #1 ""Hanley @ vAjumxW6Uc"" (28.60) | #10 ""willdevens @ sVfd-WUsjU"" (11.40)",2024-12-17T20:05:53.634Z,173446595363401
"-- starting hand #27 (id: 54lkw2zydmpr)  (No Limit Texas Hold'em) (dealer: ""Hanley @ vAjumxW6Uc"") --",2024-12-17T20:05:53.634Z,173446595363400
"Undealt cards: 5♥, 9♦, Q♦, 4♦ [8♥]",2024-12-17T20:05:49.170Z,173446594917000
"""willdevens @ sVfd-WUsjU"" shows a 4♥.",2024-12-17T20:05:48.700Z,173446594870000
"-- ending hand #26 --",2024-12-17T20:05:47.007Z,173446594700702
"""Hanley @ vAjumxW6Uc"" collected 0.40 from pot",2024-12-17T20:05:47.007Z,173446594700701
"Uncalled bet of 0.20 returned to ""Hanley @ vAjumxW6Uc""",2024-12-17T20:05:47.007Z,173446594700700
"""willdevens @ sVfd-WUsjU"" folds",2024-12-17T20:05:46.188Z,173446594618800
"""Hanley @ vAjumxW6Uc"" bets 0.20",2024-12-17T20:05:45.326Z,173446594532600
"Turn: 5♥, 9♦, Q♦ [4♦]",2024-12-17T20:05:41.596Z,173446594159600
"""willdevens @ sVfd-WUsjU"" checks",2024-12-17T20:05:40.758Z,173446594075800
"""Hanley @ vAjumxW6Uc"" checks",2024-12-17T20:05:39.761Z,173446593976100
"Flop:  [5♥, 9♦, Q♦]",2024-12-17T20:05:38.132Z,173446593813200
"""Hanley @ vAjumxW6Uc"" checks",2024-12-17T20:05:37.304Z,173446593730400
"""willdevens @ sVfd-WUsjU"" calls 0.20",2024-12-17T20:05:35.278Z,173446593527800
"""Hanley @ vAjumxW6Uc"" posts a big blind of 0.20",2024-12-17T20:05:33.228Z,173446593322805
"""willdevens @ sVfd-WUsjU"" posts a small blind of 0.10",2024-12-17T20:05:33.228Z,173446593322804
"Player stacks: #1 ""Hanley @ vAjumxW6Uc"" (28.40) | #10 ""willdevens @ sVfd-WUsjU"" (11.60)",2024-12-17T20:05:33.228Z,173446593322801
"-- starting hand #26 (id: teom2xdnifbm)  (No Limit Texas Hold'em) (dealer: ""willdevens @ sVfd-WUsjU"") --",2024-12-17T20:05:33.228Z,173446593322800
"-- ending hand #25 --",2024-12-17T20:05:30.307Z,173446593030702
"""willdevens @ sVfd-WUsjU"" collected 4.80 from pot",2024-12-17T20:05:30.307Z,173446593030701
"Uncalled bet of 6.80 returned to ""willdevens @ sVfd-WUsjU""",2024-12-17T20:05:30.307Z,173446593030700
"""Hanley @ vAjumxW6Uc"" folds",2024-12-17T20:05:29.473Z,173446592947300
"""willdevens @ sVfd-WUsjU"" bets 6.80 and go all in",2024-12-17T20:05:28.033Z,173446592803300
"River: 10♠, A♣, 7♦, 9♠ [3♥]",2024-12-17T20:05:25.763Z,173446592576300
"""Hanley @ vAjumxW6Uc"" calls 1.20",2024-12-17T20:05:24.943Z,173446592494300
"""willdevens @ sVfd-WUsjU"" bets 1.20",2024-12-17T20:05:21.765Z,173446592176500
"Turn: 10♠, A♣, 7♦ [9♠]",2024-12-17T20:05:18.495Z,173446591849500
"""Hanley @ vAjumxW6Uc"" calls 0.60",2024-12-17T20:05:17.682Z,173446591768200
"""willdevens @ sVfd-WUsjU"" bets 0.60",2024-12-17T20:05:16.209Z,173446591620900
"Flop:  [10♠, A♣, 7♦]",2024-12-17T20:05:12.976Z,173446591297600
"""Hanley @ vAjumxW6Uc"" calls 0.60",2024-12-17T20:05:12.135Z,173446591213500
"""willdevens @ sVfd-WUsjU"" raises to 0.60",2024-12-17T20:05:10.759Z,173446591075900
"""Hanley @ vAjumxW6Uc"" calls 0.20",2024-12-17T20:05:08.909Z,173446590890900
"""willdevens @ sVfd-WUsjU"" posts a big blind of 0.20",2024-12-17T20:05:07.573Z,173446590757305
"""Hanley @ vAjumxW6Uc"" posts a small blind of 0.10",2024-12-17T20:05:07.573Z,173446590757304
"Player stacks: #1 ""Hanley @ vAjumxW6Uc"" (30.80) | #10 ""willdevens @ sVfd-WUsjU"" (9.20)",2024-12-17T20:05:07.573Z,173446590757301
"-- starting hand #25 (id: xqavucitdixb)  (No Limit Texas Hold'em) (dealer: ""Hanley @ vAjumxW6Uc"") --",2024-12-17T20:05:07.573Z,173446590757300
"Undealt cards:  [4♥, J♣, 8♣, K♣, K♦]",2024-12-17T20:05:02.405Z,173446590240500
"-- ending hand #24 --",2024-12-17T20:05:01.634Z,173446590163402
"""Hanley @ vAjumxW6Uc"" collected 0.20 from pot",2024-12-17T20:05:01.634Z,173446590163401
"Uncalled bet of 0.10 returned to ""Hanley @ vAjumxW6Uc""",2024-12-17T20:05:01.634Z,173446590163400
"""willdevens @ sVfd-WUsjU"" folds",2024-12-17T20:05:00.747Z,173446590074700
"""Hanley @ vAjumxW6Uc"" posts a big blind of 0.20",2024-12-17T20:04:59.039Z,173446589903905
"""willdevens @ sVfd-WUsjU"" posts a small blind of 0.10",2024-12-17T20:04:59.039Z,173446589903904
"Player stacks: #1 ""Hanley @ vAjumxW6Uc"" (30.70) | #10 ""willdevens @ sVfd-WUsjU"" (9.30)",2024-12-17T20:04:59.039Z,173446589903901
"-- starting hand #24 (id: c2hta3ohrlfc)  (No Limit Texas Hold'em) (dealer: ""willdevens @ sVfd-WUsjU"") --",2024-12-17T20:04:59.039Z,173446589903900
"-- ending hand #23 --",2024-12-17T20:04:53.027Z,173446589302702
"""Hanley @ vAjumxW6Uc"" collected 5.60 from pot with Flush, Qc High (combination: Q♣, J♣, 9♣, 5♣, 2♣)",2024-12-17T20:04:53.027Z,173446589302701
"""Hanley @ vAjumxW6Uc"" shows a 5♣, Q♣.",2024-12-17T20:04:53.027Z,173446589302700
"""willdevens @ sVfd-WUsjU"" calls 2.40",2024-12-17T20:04:52.181Z,173446589218100
"""Hanley @ vAjumxW6Uc"" raises to 2.40",2024-12-17T20:04:50.515Z,173446589051500
"""willdevens @ sVfd-WUsjU"" bets 1.00",2024-12-17T20:04:45.557Z,173446588555700
"River: J♣, 4♦, 10♦, 2♣ [9♣]",2024-12-17T20:04:42.525Z,173446588252500
"""Hanley @ vAjumxW6Uc"" calls 0.20",2024-12-17T20:04:41.706Z,173446588170600
"""willdevens @ sVfd-WUsjU"" bets 0.20",2024-12-17T20:04:40.254Z,173446588025400
"Turn: J♣, 4♦, 10♦ [2♣]",2024-12-17T20:04:37.485Z,173446587748500
"""Hanley @ vAjumxW6Uc"" checks",2024-12-17T20:04:36.653Z,173446587665300
"""willdevens @ sVfd-WUsjU"" checks",2024-12-17T20:04:35.130Z,173446587513000
"Flop:  [J♣, 4♦, 10♦]",2024-12-17T20:04:32.723Z,173446587272300
"""willdevens @ sVfd-WUsjU"" checks",2024-12-17T20:04:31.898Z,173446587189800
"""Hanley @ vAjumxW6Uc"" calls 0.20",2024-12-17T20:04:30.372Z,173446587037200
"""willdevens @ sVfd-WUsjU"" posts a big blind of 0.20",2024-12-17T20:04:29.063Z,173446586906305
"""Hanley @ vAjumxW6Uc"" posts a small blind of 0.10",2024-12-17T20:04:29.063Z,173446586906304
"Player stacks: #1 ""Hanley @ vAjumxW6Uc"" (27.90) | #10 ""willdevens @ sVfd-WUsjU"" (12.10)",2024-12-17T20:04:29.063Z,173446586906301
"-- starting hand #23 (id: orgeshxqomro)  (No Limit Texas Hold'em) (dealer: ""Hanley @ vAjumxW6Uc"") --",2024-12-17T20:04:29.063Z,173446586906300
"-- ending hand #22 --",2024-12-17T20:04:26.155Z,173446586615502
"""Hanley @ vAjumxW6Uc"" collected 9.20 from pot",2024-12-17T20:04:26.155Z,173446586615501
"Uncalled bet of 3.80 returned to ""Hanley @ vAjumxW6Uc""",2024-12-17T20:04:26.155Z,173446586615500
"""willdevens @ sVfd-WUsjU"" folds",2024-12-17T20:04:25.328Z,173446586532800
"""Hanley @ vAjumxW6Uc"" bets 3.80",2024-12-17T20:04:24.198Z,173446586419800
"River: J♥, 2♣, 4♥, 5♦ [Q♥]",2024-12-17T20:04:13.241Z,173446585324100
"""Hanley @ vAjumxW6Uc"" calls 3.40",2024-12-17T20:04:12.403Z,173446585240300
"""willdevens @ sVfd-WUsjU"" raises to 3.40",2024-12-17T20:04:03.482Z,173446584348200
"""Hanley @ vAjumxW6Uc"" bets 1.20",2024-12-17T20:04:00.319Z,173446584031900
"Turn: J♥, 2♣, 4♥ [5♦]",2024-12-17T20:03:54.083Z,173446583408300
"""willdevens @ sVfd-WUsjU"" calls 0.60",2024-12-17T20:03:53.257Z,173446583325700
"""Hanley @ vAjumxW6Uc"" bets 0.60",2024-12-17T20:03:51.754Z,173446583175400
"Flop:  [J♥, 2♣, 4♥]",2024-12-17T20:03:47.893Z,173446582789300
"""willdevens @ sVfd-WUsjU"" calls 0.60",2024-12-17T20:03:47.091Z,173446582709100
"""Hanley @ vAjumxW6Uc"" raises to 0.60",2024-12-17T20:03:46.129Z,173446582612900
"""willdevens @ sVfd-WUsjU"" calls 0.20",2024-12-17T20:03:42.528Z,173446582252800
"""Hanley @ vAjumxW6Uc"" posts a big blind of 0.20",2024-12-17T20:03:41.017Z,173446582101705
"""willdevens @ sVfd-WUsjU"" posts a small blind of 0.10",2024-12-17T20:03:41.017Z,173446582101704
"Player stacks: #1 ""Hanley @ vAjumxW6Uc"" (23.30) | #10 ""willdevens @ sVfd-WUsjU"" (16.70)",2024-12-17T20:03:41.017Z,173446582101701
"-- starting hand #22 (id: bkc5qokgdnnj)  (No Limit Texas Hold'em) (dealer: ""willdevens @ sVfd-WUsjU"") --",2024-12-17T20:03:41.017Z,173446582101700
"-- ending hand #21 --",2024-12-17T20:03:35.092Z,173446581509202
"""Hanley @ vAjumxW6Uc"" collected 0.80 from pot",2024-12-17T20:03:35.092Z,173446581509201
"Uncalled bet of 0.40 returned to ""Hanley @ vAjumxW6Uc""",2024-12-17T20:03:35.092Z,173446581509200
"""willdevens @ sVfd-WUsjU"" folds",2024-12-17T20:03:34.254Z,173446581425400
"""Hanley @ vAjumxW6Uc"" bets 0.40",2024-12-17T20:03:32.738Z,173446581273800
"""willdevens @ sVfd-WUsjU"" checks",2024-12-17T20:03:29.144Z,173446580914400
"Turn: 7♥, Q♣, K♦ [9♥]",2024-12-17T20:03:27.704Z,173446580770400
"""Hanley @ vAjumxW6Uc"" checks",2024-12-17T20:03:26.856Z,173446580685600
"""willdevens @ sVfd-WUsjU"" checks",2024-12-17T20:03:21.095Z,173446580109500
"Flop:  [7♥, Q♣, K♦]",2024-12-17T20:03:18.403Z,173446579840300
"""willdevens @ sVfd-WUsjU"" calls 0.40",2024-12-17T20:03:17.597Z,173446579759700
"""Hanley @ vAjumxW6Uc"" raises to 0.40",2024-12-17T20:03:16.420Z,173446579642000
"""willdevens @ sVfd-WUsjU"" posts a big blind of 0.20",2024-12-17T20:03:14.297Z,173446579429705
"""Hanley @ vAjumxW6Uc"" posts a small blind of 0.10",2024-12-17T20:03:14.297Z,173446579429704
"Player stacks: #1 ""Hanley @ vAjumxW6Uc"" (22.90) | #10 ""willdevens @ sVfd-WUsjU"" (17.10)",2024-12-17T20:03:14.297Z,173446579429701
"-- starting hand #21 (id: 6xox2iv168ch)  (No Limit Texas Hold'em) (dealer: ""Hanley @ vAjumxW6Uc"") --",2024-12-17T20:03:14.297Z,173446579429700
"""willdevens @ sVfd-WUsjU"" shows a K♦, 3♠.",2024-12-17T20:03:08.149Z,173446578814900
"-- ending hand #20 --",2024-12-17T20:03:07.680Z,173446578768002
"""Hanley @ vAjumxW6Uc"" collected 0.40 from pot",2024-12-17T20:03:07.680Z,173446578768001
"Uncalled bet of 0.20 returned to ""Hanley @ vAjumxW6Uc""",2024-12-17T20:03:07.680Z,173446578768000
"""willdevens @ sVfd-WUsjU"" folds",2024-12-17T20:03:06.843Z,173446578684300
"""Hanley @ vAjumxW6Uc"" bets 0.20",2024-12-17T20:03:05.544Z,173446578554400
"Turn: 2♠, 6♦, 10♦ [7♥]",2024-12-17T20:03:02.674Z,173446578267400
"""willdevens @ sVfd-WUsjU"" checks",2024-12-17T20:03:01.824Z,173446578182400
"""Hanley @ vAjumxW6Uc"" checks",2024-12-17T20:02:56.110Z,173446577611000
"Flop:  [2♠, 6♦, 10♦]",2024-12-17T20:02:53.563Z,173446577356300
"""Hanley @ vAjumxW6Uc"" checks",2024-12-17T20:02:52.757Z,173446577275700
"""willdevens @ sVfd-WUsjU"" calls 0.20",2024-12-17T20:02:51.566Z,173446577156600
"""Hanley @ vAjumxW6Uc"" posts a big blind of 0.20",2024-12-17T20:02:50.160Z,173446577016005
"""willdevens @ sVfd-WUsjU"" posts a small blind of 0.10",2024-12-17T20:02:50.160Z,173446577016004
"Player stacks: #1 ""Hanley @ vAjumxW6Uc"" (22.70) | #10 ""willdevens @ sVfd-WUsjU"" (17.30)",2024-12-17T20:02:50.160Z,173446577016001
"-- starting hand #20 (id: zyy0figzhl6j)  (No Limit Texas Hold'em) (dealer: ""willdevens @ sVfd-WUsjU"") --",2024-12-17T20:02:50.160Z,173446577016000
"-- ending hand #19 --",2024-12-17T20:02:44.256Z,173446576425602
"""willdevens @ sVfd-WUsjU"" collected 0.20 from pot",2024-12-17T20:02:44.256Z,173446576425601
"Uncalled bet of 0.10 returned to ""willdevens @ sVfd-WUsjU""",2024-12-17T20:02:44.256Z,173446576425600
"""Hanley @ vAjumxW6Uc"" folds",2024-12-17T20:02:43.445Z,173446576344500
"""willdevens @ sVfd-WUsjU"" posts a big blind of 0.20",2024-12-17T20:02:42.156Z,173446576215605
"""Hanley @ vAjumxW6Uc"" posts a small blind of 0.10",2024-12-17T20:02:42.156Z,173446576215604
"Player stacks: #1 ""Hanley @ vAjumxW6Uc"" (22.80) | #10 ""willdevens @ sVfd-WUsjU"" (17.20)",2024-12-17T20:02:42.156Z,173446576215601
"-- starting hand #19 (id: srt1sfhlontv)  (No Limit Texas Hold'em) (dealer: ""Hanley @ vAjumxW6Uc"") --",2024-12-17T20:02:42.156Z,173446576215600
"-- ending hand #18 --",2024-12-17T20:02:39.241Z,173446575924102
"""willdevens @ sVfd-WUsjU"" collected 0.40 from pot",2024-12-17T20:02:39.241Z,173446575924101
"Uncalled bet of 0.20 returned to ""willdevens @ sVfd-WUsjU""",2024-12-17T20:02:39.241Z,173446575924100
"""Hanley @ vAjumxW6Uc"" folds",2024-12-17T20:02:38.364Z,173446575836400
"""willdevens @ sVfd-WUsjU"" bets 0.20",2024-12-17T20:02:37.281Z,173446575728100
"""Hanley @ vAjumxW6Uc"" checks",2024-12-17T20:02:34.124Z,173446575412400
"River: A♥, A♣, 10♠, 4♥ [10♥]",2024-12-17T20:02:32.041Z,173446575204100
"""willdevens @ sVfd-WUsjU"" checks",2024-12-17T20:02:31.209Z,173446575120900
"""Hanley @ vAjumxW6Uc"" checks",2024-12-17T20:02:29.505Z,173446574950500
"Turn: A♥, A♣, 10♠ [4♥]",2024-12-17T20:02:28.261Z,173446574826100
"""willdevens @ sVfd-WUsjU"" checks",2024-12-17T20:02:27.418Z,173446574741800
"""Hanley @ vAjumxW6Uc"" checks",2024-12-17T20:02:25.828Z,173446574582800
"Flop:  [A♥, A♣, 10♠]",2024-12-17T20:02:24.003Z,173446574400300
"""Hanley @ vAjumxW6Uc"" checks",2024-12-17T20:02:23.169Z,173446574316900
"""willdevens @ sVfd-WUsjU"" calls 0.20",2024-12-17T20:02:21.610Z,173446574161000
"""Hanley @ vAjumxW6Uc"" posts a big blind of 0.20",2024-12-17T20:02:19.920Z,173446573992005
"""willdevens @ sVfd-WUsjU"" posts a small blind of 0.10",2024-12-17T20:02:19.920Z,173446573992004
"Player stacks: #1 ""Hanley @ vAjumxW6Uc"" (23.00) | #10 ""willdevens @ sVfd-WUsjU"" (17.00)",2024-12-17T20:02:19.920Z,173446573992001
"-- starting hand #18 (id: ckcxvogfcrhe)  (No Limit Texas Hold'em) (dealer: ""willdevens @ sVfd-WUsjU"") --",2024-12-17T20:02:19.920Z,173446573992000
"-- ending hand #17 --",2024-12-17T20:02:13.987Z,173446573398702
"""willdevens @ sVfd-WUsjU"" collected 2.40 from pot",2024-12-17T20:02:13.987Z,173446573398701
"Uncalled bet of 0.65 returned to ""willdevens @ sVfd-WUsjU""",2024-12-17T20:02:13.987Z,173446573398700
"""Hanley @ vAjumxW6Uc"" folds",2024-12-17T20:02:13.117Z,173446573311700
"""willdevens @ sVfd-WUsjU"" bets 0.65",2024-12-17T20:02:11.555Z,173446573155500
"Flop:  [2♦, 10♠, 3♥]",2024-12-17T20:02:06.980Z,173446572698000
"""Hanley @ vAjumxW6Uc"" calls 1.20",2024-12-17T20:02:06.102Z,173446572610200
"""willdevens @ sVfd-WUsjU"" raises to 1.20",2024-12-17T20:02:04.645Z,173446572464500
"""Hanley @ vAjumxW6Uc"" raises to 0.40",2024-12-17T20:02:01.543Z,173446572154300
"""willdevens @ sVfd-WUsjU"" posts a big blind of 0.20",2024-12-17T20:01:48.026Z,173446570802605
"""Hanley @ vAjumxW6Uc"" posts a small blind of 0.10",2024-12-17T20:01:48.026Z,173446570802604
"Player stacks: #1 ""Hanley @ vAjumxW6Uc"" (24.20) | #10 ""willdevens @ sVfd-WUsjU"" (15.80)",2024-12-17T20:01:48.026Z,173446570802601
"-- starting hand #17 (id: dpnesrthcc32)  (No Limit Texas Hold'em) (dealer: ""Hanley @ vAjumxW6Uc"") --",2024-12-17T20:01:48.026Z,173446570802600
"-- ending hand #16 --",2024-12-17T20:01:42.124Z,173446570212402
"""Hanley @ vAjumxW6Uc"" collected 0.20 from pot",2024-12-17T20:01:42.124Z,173446570212401
"Uncalled bet of 0.10 returned to ""Hanley @ vAjumxW6Uc""",2024-12-17T20:01:42.124Z,173446570212400
"""willdevens @ sVfd-WUsjU"" folds",2024-12-17T20:01:41.276Z,173446570127600
"""Hanley @ vAjumxW6Uc"" posts a big blind of 0.20",2024-12-17T20:01:39.493Z,173446569949305
"""willdevens @ sVfd-WUsjU"" posts a small blind of 0.10",2024-12-17T20:01:39.493Z,173446569949304
"Player stacks: #1 ""Hanley @ vAjumxW6Uc"" (24.10) | #10 ""willdevens @ sVfd-WUsjU"" (15.90)",2024-12-17T20:01:39.493Z,173446569949301
"-- starting hand #16 (id: 21vszywbwhtb)  (No Limit Texas Hold'em) (dealer: ""willdevens @ sVfd-WUsjU"") --",2024-12-17T20:01:39.493Z,173446569949300
"-- ending hand #15 --",2024-12-17T20:01:36.525Z,173446569652502
"""willdevens @ sVfd-WUsjU"" collected 3.50 from pot",2024-12-17T20:01:36.525Z,173446569652501
"Uncalled bet of 3.00 returned to ""willdevens @ sVfd-WUsjU""",2024-12-17T20:01:36.525Z,173446569652500
"""Hanley @ vAjumxW6Uc"" folds",2024-12-17T20:01:35.690Z,173446569569000
"""willdevens @ sVfd-WUsjU"" bets 3.00",2024-12-17T20:01:30.243Z,173446569024300
"River: 10♣, Q♣, J♥, 4♥ [6♦]",2024-12-17T20:01:25.566Z,173446568556600
"""Hanley @ vAjumxW6Uc"" calls 0.90",2024-12-17T20:01:24.744Z,173446568474400
"""willdevens @ sVfd-WUsjU"" bets 0.90",2024-12-17T20:01:22.336Z,173446568233600
"Turn: 10♣, Q♣, J♥ [4♥]",2024-12-17T20:01:18.686Z,173446567868600
"""Hanley @ vAjumxW6Uc"" calls 0.45",2024-12-17T20:01:17.882Z,173446567788200
"""willdevens @ sVfd-WUsjU"" bets 0.45",2024-12-17T20:01:16.007Z,173446567600700
"Flop:  [10♣, Q♣, J♥]",2024-12-17T20:01:11.457Z,173446567145700
"""willdevens @ sVfd-WUsjU"" calls 0.40",2024-12-17T20:01:10.573Z,173446567057300
"""Hanley @ vAjumxW6Uc"" raises to 0.40",2024-12-17T20:01:08.834Z,173446566883400
"""willdevens @ sVfd-WUsjU"" posts a big blind of 0.20",2024-12-17T20:01:06.243Z,173446566624305
"""Hanley @ vAjumxW6Uc"" posts a small blind of 0.10",2024-12-17T20:01:06.243Z,173446566624304
"Player stacks: #1 ""Hanley @ vAjumxW6Uc"" (25.85) | #10 ""willdevens @ sVfd-WUsjU"" (14.15)",2024-12-17T20:01:06.243Z,173446566624301
"-- starting hand #15 (id: s99bslzlo6hu)  (No Limit Texas Hold'em) (dealer: ""Hanley @ vAjumxW6Uc"") --",2024-12-17T20:01:06.243Z,173446566624300
"-- ending hand #14 --",2024-12-17T20:01:00.294Z,173446566029402
"""willdevens @ sVfd-WUsjU"" collected 0.40 from pot",2024-12-17T20:01:00.294Z,173446566029401
"Uncalled bet of 0.20 returned to ""willdevens @ sVfd-WUsjU""",2024-12-17T20:01:00.294Z,173446566029400
"""Hanley @ vAjumxW6Uc"" folds",2024-12-17T20:00:59.467Z,173446565946700
"""willdevens @ sVfd-WUsjU"" bets 0.20",2024-12-17T20:00:58.063Z,173446565806300
"""Hanley @ vAjumxW6Uc"" checks",2024-12-17T20:00:56.260Z,173446565626000
"Flop:  [Q♠, 10♥, 7♥]",2024-12-17T20:00:53.827Z,173446565382700
"""Hanley @ vAjumxW6Uc"" checks",2024-12-17T20:00:53.011Z,173446565301100
"""willdevens @ sVfd-WUsjU"" calls 0.20",2024-12-17T20:00:51.357Z,173446565135700
"""Hanley @ vAjumxW6Uc"" posts a big blind of 0.20",2024-12-17T20:00:49.918Z,173446564991805
"""willdevens @ sVfd-WUsjU"" posts a small blind of 0.10",2024-12-17T20:00:49.918Z,173446564991804
"Player stacks: #1 ""Hanley @ vAjumxW6Uc"" (26.05) | #10 ""willdevens @ sVfd-WUsjU"" (13.95)",2024-12-17T20:00:49.918Z,173446564991801
"-- starting hand #14 (id: yzboumpazlpu)  (No Limit Texas Hold'em) (dealer: ""willdevens @ sVfd-WUsjU"") --",2024-12-17T20:00:49.918Z,173446564991800
"-- ending hand #13 --",2024-12-17T20:00:44.000Z,173446564400002
"""Hanley @ vAjumxW6Uc"" collected 0.40 from pot",2024-12-17T20:00:44.000Z,173446564400001
"Uncalled bet of 0.40 returned to ""Hanley @ vAjumxW6Uc""",2024-12-17T20:00:44.000Z,173446564400000
"""willdevens @ sVfd-WUsjU"" folds",2024-12-17T20:00:43.158Z,173446564315800
"""Hanley @ vAjumxW6Uc"" raises to 0.60",2024-12-17T20:00:42.254Z,173446564225400
"""willdevens @ sVfd-WUsjU"" posts a big blind of 0.20",2024-12-17T20:00:39.087Z,173446563908705
"""Hanley @ vAjumxW6Uc"" posts a small blind of 0.10",2024-12-17T20:00:39.087Z,173446563908704
"Player stacks: #1 ""Hanley @ vAjumxW6Uc"" (25.85) | #10 ""willdevens @ sVfd-WUsjU"" (14.15)",2024-12-17T20:00:39.087Z,173446563908701
"-- starting hand #13 (id: 3hzc1keokish)  (No Limit Texas Hold'em) (dealer: ""Hanley @ vAjumxW6Uc"") --",2024-12-17T20:00:39.087Z,173446563908700
"-- ending hand #12 --",2024-12-17T20:00:33.169Z,173446563316902
"""Hanley @ vAjumxW6Uc"" collected 0.20 from pot",2024-12-17T20:00:33.169Z,173446563316901
"Uncalled bet of 0.10 returned to ""Hanley @ vAjumxW6Uc""",2024-12-17T20:00:33.169Z,173446563316900
"""willdevens @ sVfd-WUsjU"" folds",2024-12-17T20:00:32.343Z,173446563234300
"""Hanley @ vAjumxW6Uc"" posts a big blind of 0.20",2024-12-17T20:00:31.233Z,173446563123305
"""willdevens @ sVfd-WUsjU"" posts a small blind of 0.10",2024-12-17T20:00:31.233Z,173446563123304
"Player stacks: #1 ""Hanley @ vAjumxW6Uc"" (25.75) | #10 ""willdevens @ sVfd-WUsjU"" (14.25)",2024-12-17T20:00:31.233Z,173446563123301
"-- starting hand #12 (id: gxlupfvdqx7a)  (No Limit Texas Hold'em) (dealer: ""willdevens @ sVfd-WUsjU"") --",2024-12-17T20:00:31.233Z,173446563123300
"-- ending hand #11 --",2024-12-17T20:00:25.221Z,173446562522103
"""willdevens @ sVfd-WUsjU"" shows a 8♦, J♠.",2024-12-17T20:00:25.221Z,173446562522102
"""Hanley @ vAjumxW6Uc"" collected 1.40 from pot with Pair, 10's (combination: 10♥, 10♦, A♠, Q♣, 8♥)",2024-12-17T20:00:25.221Z,173446562522101
"""Hanley @ vAjumxW6Uc"" shows a 10♥, 8♥.",2024-12-17T20:00:25.221Z,173446562522100
"""Hanley @ vAjumxW6Uc"" checks",2024-12-17T20:00:24.407Z,173446562440700
"""willdevens @ sVfd-WUsjU"" checks",2024-12-17T20:00:23.106Z,173446562310600
"River: 7♣, 6♠, A♠, 10♦ [Q♣]",2024-12-17T20:00:21.066Z,173446562106600
"""willdevens @ sVfd-WUsjU"" calls 0.50",2024-12-17T20:00:20.241Z,173446562024100
"""Hanley @ vAjumxW6Uc"" raises to 0.50",2024-12-17T20:00:17.282Z,173446561728200
"""willdevens @ sVfd-WUsjU"" bets 0.25",2024-12-17T20:00:14.330Z,173446561433000
"Turn: 7♣, 6♠, A♠ [10♦]",2024-12-17T20:00:09.081Z,173446560908100
"""Hanley @ vAjumxW6Uc"" checks",2024-12-17T20:00:08.250Z,173446560825000
"""willdevens @ sVfd-WUsjU"" checks",2024-12-17T20:00:01.855Z,173446560185500
"Flop:  [7♣, 6♠, A♠]",2024-12-17T19:59:59.862Z,173446559986200
"""willdevens @ sVfd-WUsjU"" checks",2024-12-17T19:59:59.052Z,173446559905200
"""Hanley @ vAjumxW6Uc"" calls 0.20",2024-12-17T19:59:58.157Z,173446559815700
"""willdevens @ sVfd-WUsjU"" posts a big blind of 0.20",2024-12-17T19:59:55.737Z,173446559573705
"""Hanley @ vAjumxW6Uc"" posts a small blind of 0.10",2024-12-17T19:59:55.737Z,173446559573704
"Player stacks: #1 ""Hanley @ vAjumxW6Uc"" (25.05) | #10 ""willdevens @ sVfd-WUsjU"" (14.95)",2024-12-17T19:59:55.737Z,173446559573701
"-- starting hand #11 (id: 28nuusohoor7)  (No Limit Texas Hold'em) (dealer: ""Hanley @ vAjumxW6Uc"") --",2024-12-17T19:59:55.737Z,173446559573700
"-- ending hand #10 --",2024-12-17T19:59:49.832Z,173446558983202
"""Hanley @ vAjumxW6Uc"" collected 0.80 from pot",2024-12-17T19:59:49.832Z,173446558983201
"Uncalled bet of 0.20 returned to ""Hanley @ vAjumxW6Uc""",2024-12-17T19:59:49.832Z,173446558983200
"""willdevens @ sVfd-WUsjU"" folds",2024-12-17T19:59:49.017Z,173446558901700
"""Hanley @ vAjumxW6Uc"" bets 0.20",2024-12-17T19:59:47.481Z,173446558748100
"Turn: J♠, 10♦, 4♣ [7♠]",2024-12-17T19:59:44.125Z,173446558412500
"""willdevens @ sVfd-WUsjU"" calls 0.20",2024-12-17T19:59:43.298Z,173446558329800
"""Hanley @ vAjumxW6Uc"" bets 0.20",2024-12-17T19:59:40.715Z,173446558071500
"Flop:  [J♠, 10♦, 4♣]",2024-12-17T19:59:38.317Z,173446557831700
"""Hanley @ vAjumxW6Uc"" checks",2024-12-17T19:59:37.482Z,173446557748200
"""willdevens @ sVfd-WUsjU"" calls 0.20",2024-12-17T19:59:36.027Z,173446557602700
"""Hanley @ vAjumxW6Uc"" posts a big blind of 0.20",2024-12-17T19:59:34.167Z,173446557416705
"""willdevens @ sVfd-WUsjU"" posts a small blind of 0.10",2024-12-17T19:59:34.167Z,173446557416704
"Player stacks: #1 ""Hanley @ vAjumxW6Uc"" (24.65) | #10 ""willdevens @ sVfd-WUsjU"" (15.35)",2024-12-17T19:59:34.167Z,173446557416701
"-- starting hand #10 (id: t9zzcfuwrqro)  (No Limit Texas Hold'em) (dealer: ""willdevens @ sVfd-WUsjU"") --",2024-12-17T19:59:34.167Z,173446557416700
"-- ending hand #9 --",2024-12-17T19:59:28.238Z,173446556823802
"""Hanley @ vAjumxW6Uc"" collected 0.40 from pot",2024-12-17T19:59:28.238Z,173446556823801
"Uncalled bet of 0.40 returned to ""Hanley @ vAjumxW6Uc""",2024-12-17T19:59:28.238Z,173446556823800
"""willdevens @ sVfd-WUsjU"" folds",2024-12-17T19:59:27.399Z,173446556739900
"""Hanley @ vAjumxW6Uc"" bets 0.40",2024-12-17T19:59:26.443Z,173446556644300
"""willdevens @ sVfd-WUsjU"" checks",2024-12-17T19:59:21.089Z,173446556108900
"Flop:  [6♦, J♠, 3♥]",2024-12-17T19:59:16.563Z,173446555656300
"""willdevens @ sVfd-WUsjU"" checks",2024-12-17T19:59:15.757Z,173446555575700
"""Hanley @ vAjumxW6Uc"" calls 0.20",2024-12-17T19:59:14.581Z,173446555458100
"""willdevens @ sVfd-WUsjU"" posts a big blind of 0.20",2024-12-17T19:59:12.655Z,173446555265505
"""Hanley @ vAjumxW6Uc"" posts a small blind of 0.10",2024-12-17T19:59:12.655Z,173446555265504
"Player stacks: #1 ""Hanley @ vAjumxW6Uc"" (24.45) | #10 ""willdevens @ sVfd-WUsjU"" (15.55)",2024-12-17T19:59:12.655Z,173446555265501
"-- starting hand #9 (id: xjluwilcpm4h)  (No Limit Texas Hold'em) (dealer: ""Hanley @ vAjumxW6Uc"") --",2024-12-17T19:59:12.655Z,173446555265500
"-- ending hand #8 --",2024-12-17T19:59:06.744Z,173446554674402
"""willdevens @ sVfd-WUsjU"" collected 0.40 from pot",2024-12-17T19:59:06.744Z,173446554674401
"Uncalled bet of 0.40 returned to ""willdevens @ sVfd-WUsjU""",2024-12-17T19:59:06.744Z,173446554674400
"""Hanley @ vAjumxW6Uc"" folds",2024-12-17T19:59:05.916Z,173446554591600
"""willdevens @ sVfd-WUsjU"" raises to 0.60",2024-12-17T19:59:04.855Z,173446554485500
"""Hanley @ vAjumxW6Uc"" posts a big blind of 0.20",2024-12-17T19:59:02.356Z,173446554235605
"""willdevens @ sVfd-WUsjU"" posts a small blind of 0.10",2024-12-17T19:59:02.356Z,173446554235604
"Player stacks: #1 ""Hanley @ vAjumxW6Uc"" (24.65) | #10 ""willdevens @ sVfd-WUsjU"" (15.35)",2024-12-17T19:59:02.356Z,173446554235601
"-- starting hand #8 (id: nyccokt7vk00)  (No Limit Texas Hold'em) (dealer: ""willdevens @ sVfd-WUsjU"") --",2024-12-17T19:59:02.356Z,173446554235600
"-- ending hand #7 --",2024-12-17T19:58:56.390Z,173446553639002
"""willdevens @ sVfd-WUsjU"" collected 0.20 from pot",2024-12-17T19:58:56.390Z,173446553639001
"Uncalled bet of 0.10 returned to ""willdevens @ sVfd-WUsjU""",2024-12-17T19:58:56.390Z,173446553639000
"""Hanley @ vAjumxW6Uc"" folds",2024-12-17T19:58:55.558Z,173446553555800
"""willdevens @ sVfd-WUsjU"" posts a big blind of 0.20",2024-12-17T19:58:53.628Z,173446553362805
"""Hanley @ vAjumxW6Uc"" posts a small blind of 0.10",2024-12-17T19:58:53.628Z,173446553362804
"Player stacks: #1 ""Hanley @ vAjumxW6Uc"" (24.75) | #10 ""willdevens @ sVfd-WUsjU"" (15.25)",2024-12-17T19:58:53.628Z,173446553362801
"-- starting hand #7 (id: ajerf3ult3ib)  (No Limit Texas Hold'em) (dealer: ""Hanley @ vAjumxW6Uc"") --",2024-12-17T19:58:53.628Z,173446553362800
"-- ending hand #6 --",2024-12-17T19:58:47.697Z,173446552769702
"""willdevens @ sVfd-WUsjU"" collected 0.40 from pot",2024-12-17T19:58:47.697Z,173446552769701
"Uncalled bet of 0.40 returned to ""willdevens @ sVfd-WUsjU""",2024-12-17T19:58:47.697Z,173446552769700
"""Hanley @ vAjumxW6Uc"" folds",2024-12-17T19:58:46.841Z,173446552684100
"""willdevens @ sVfd-WUsjU"" raises to 0.60",2024-12-17T19:58:45.726Z,173446552572600
"""Hanley @ vAjumxW6Uc"" posts a big blind of 0.20",2024-12-17T19:58:42.211Z,173446552221105
"""willdevens @ sVfd-WUsjU"" posts a small blind of 0.10",2024-12-17T19:58:42.211Z,173446552221104
"Player stacks: #1 ""Hanley @ vAjumxW6Uc"" (24.95) | #10 ""willdevens @ sVfd-WUsjU"" (15.05)",2024-12-17T19:58:42.211Z,173446552221101
"-- starting hand #6 (id: aqt9wpj2wvfb)  (No Limit Texas Hold'em) (dealer: ""willdevens @ sVfd-WUsjU"") --",2024-12-17T19:58:42.211Z,173446552221100
"""willdevens @ sVfd-WUsjU"" shows a K♣.",2024-12-17T19:58:37.335Z,173446551733500
"-- ending hand #5 --",2024-12-17T19:58:35.693Z,173446551569302
"""Hanley @ vAjumxW6Uc"" collected 9.30 from pot with Straight, A High (combination: A♣, K♠, Q♦, J♥, 10♠)",2024-12-17T19:58:35.693Z,173446551569301
"""Hanley @ vAjumxW6Uc"" shows a A♣, Q♦.",2024-12-17T19:58:35.693Z,173446551569300
"""willdevens @ sVfd-WUsjU"" calls 3.40",2024-12-17T19:58:34.855Z,173446551485500
"""Hanley @ vAjumxW6Uc"" raises to 3.40",2024-12-17T19:58:33.024Z,173446551302400
"""willdevens @ sVfd-WUsjU"" bets 1.50",2024-12-17T19:58:22.962Z,173446550296200
"River: 10♠, 9♣, J♥, 10♥ [K♠]",2024-12-17T19:58:17.838Z,173446549783800
"""Hanley @ vAjumxW6Uc"" calls 0.65",2024-12-17T19:58:16.958Z,173446549695800
"""willdevens @ sVfd-WUsjU"" bets 0.65",2024-12-17T19:58:14.768Z,173446549476800
"Turn: 10♠, 9♣, J♥ [10♥]",2024-12-17T19:58:11.032Z,173446549103200
"""Hanley @ vAjumxW6Uc"" checks",2024-12-17T19:58:10.158Z,173446549015800
"""willdevens @ sVfd-WUsjU"" checks",2024-12-17T19:58:04.595Z,173446548459500
"Flop:  [10♠, 9♣, J♥]",2024-12-17T19:58:02.826Z,173446548282600
"""willdevens @ sVfd-WUsjU"" calls 0.60",2024-12-17T19:58:02.018Z,173446548201800
"""Hanley @ vAjumxW6Uc"" raises to 0.60",2024-12-17T19:58:00.598Z,173446548059800
"""willdevens @ sVfd-WUsjU"" posts a big blind of 0.20",2024-12-17T19:57:57.079Z,173446547707905
"""Hanley @ vAjumxW6Uc"" posts a small blind of 0.10",2024-12-17T19:57:57.079Z,173446547707904
"Player stacks: #1 ""Hanley @ vAjumxW6Uc"" (20.30) | #10 ""willdevens @ sVfd-WUsjU"" (19.70)",2024-12-17T19:57:57.079Z,173446547707901
"-- starting hand #5 (id: cu7aukw6azxo)  (No Limit Texas Hold'em) (dealer: ""Hanley @ vAjumxW6Uc"") --",2024-12-17T19:57:57.079Z,173446547707900
"-- ending hand #4 --",2024-12-17T19:57:51.161Z,173446547116102
"""Hanley @ vAjumxW6Uc"" collected 0.20 from pot",2024-12-17T19:57:51.161Z,173446547116101
"Uncalled bet of 0.10 returned to ""Hanley @ vAjumxW6Uc""",2024-12-17T19:57:51.161Z,173446547116100
"""willdevens @ sVfd-WUsjU"" folds",2024-12-17T19:57:50.270Z,173446547027000
"""Hanley @ vAjumxW6Uc"" posts a big blind of 0.20",2024-12-17T19:57:47.013Z,173446546701305
"""willdevens @ sVfd-WUsjU"" posts a small blind of 0.10",2024-12-17T19:57:47.013Z,173446546701304
"Player stacks: #1 ""Hanley @ vAjumxW6Uc"" (20.20) | #10 ""willdevens @ sVfd-WUsjU"" (19.80)",2024-12-17T19:57:47.013Z,173446546701301
"-- starting hand #4 (id: rl9gmsyhae3m)  (No Limit Texas Hold'em) (dealer: ""willdevens @ sVfd-WUsjU"") --",2024-12-17T19:57:47.013Z,173446546701300
"-- ending hand #3 --",2024-12-17T19:57:41.079Z,173446546107902
"""Hanley @ vAjumxW6Uc"" collected 0.40 from pot",2024-12-17T19:57:41.079Z,173446546107901
"Uncalled bet of 0.20 returned to ""Hanley @ vAjumxW6Uc""",2024-12-17T19:57:41.079Z,173446546107900
"""willdevens @ sVfd-WUsjU"" folds",2024-12-17T19:57:40.207Z,173446546020700
"""Hanley @ vAjumxW6Uc"" bets 0.20",2024-12-17T19:57:39.134Z,173446545913400
"""willdevens @ sVfd-WUsjU"" checks",2024-12-17T19:57:36.253Z,173446545625300
"Flop:  [Q♥, Q♠, 2♥]",2024-12-17T19:57:34.766Z,173446545476600
"""willdevens @ sVfd-WUsjU"" checks",2024-12-17T19:57:33.934Z,173446545393400
"""Hanley @ vAjumxW6Uc"" calls 0.20",2024-12-17T19:57:32.959Z,173446545295900
"""willdevens @ sVfd-WUsjU"" posts a big blind of 0.20",2024-12-17T19:57:31.429Z,173446545142905
"""Hanley @ vAjumxW6Uc"" posts a small blind of 0.10",2024-12-17T19:57:31.429Z,173446545142904
"Player stacks: #1 ""Hanley @ vAjumxW6Uc"" (20.00) | #10 ""willdevens @ sVfd-WUsjU"" (20.00)",2024-12-17T19:57:31.429Z,173446545142901
"-- starting hand #3 (id: c1hsfimehmlf)  (No Limit Texas Hold'em) (dealer: ""Hanley @ vAjumxW6Uc"") --",2024-12-17T19:57:31.429Z,173446545142900
"-- ending hand #2 --",2024-12-17T19:57:25.518Z,173446544551802
"""willdevens @ sVfd-WUsjU"" collected 0.40 from pot",2024-12-17T19:57:25.518Z,173446544551801
"Uncalled bet of 0.20 returned to ""willdevens @ sVfd-WUsjU""",2024-12-17T19:57:25.518Z,173446544551800
"""Hanley @ vAjumxW6Uc"" folds",2024-12-17T19:57:24.689Z,173446544468900
"""willdevens @ sVfd-WUsjU"" raises to 0.40",2024-12-17T19:57:07.660Z,173446542766000
"""Hanley @ vAjumxW6Uc"" posts a big blind of 0.20",2024-12-17T19:57:03.876Z,173446542387605
"""willdevens @ sVfd-WUsjU"" posts a small blind of 0.10",2024-12-17T19:57:03.876Z,173446542387604
"Player stacks: #1 ""Hanley @ vAjumxW6Uc"" (20.20) | #10 ""willdevens @ sVfd-WUsjU"" (19.80)",2024-12-17T19:57:03.876Z,173446542387601
"-- starting hand #2 (id: hxx8jkdrg1q0)  (No Limit Texas Hold'em) (dealer: ""willdevens @ sVfd-WUsjU"") --",2024-12-17T19:57:03.876Z,173446542387600
"-- ending hand #1 --",2024-12-17T19:57:00.930Z,173446542093002
"""Hanley @ vAjumxW6Uc"" collected 0.40 from pot",2024-12-17T19:57:00.930Z,173446542093001
"Uncalled bet of 0.20 returned to ""Hanley @ vAjumxW6Uc""",2024-12-17T19:57:00.930Z,173446542093000
"""willdevens @ sVfd-WUsjU"" folds",2024-12-17T19:57:00.095Z,173446542009500
"""Hanley @ vAjumxW6Uc"" raises to 0.40",2024-12-17T19:56:58.577Z,173446541857700
"""willdevens @ sVfd-WUsjU"" posts a big blind of 0.20",2024-12-17T19:56:56.459Z,173446541645907
"""Hanley @ vAjumxW6Uc"" posts a small blind of 0.10",2024-12-17T19:56:56.459Z,173446541645906
"Player stacks: #1 ""Hanley @ vAjumxW6Uc"" (20.00) | #10 ""willdevens @ sVfd-WUsjU"" (20.00)",2024-12-17T19:56:56.459Z,173446541645903
"The player ""willdevens @ sVfd-WUsjU"" joined the game with a stack of 20.00.",2024-12-17T19:56:56.459Z,173446541645902
"The player ""Hanley @ vAjumxW6Uc"" joined the game with a stack of 20.00.",2024-12-17T19:56:56.459Z,173446541645901
"-- starting hand #1 (id: cxtu5cfm4dgb)  (No Limit Texas Hold'em) (dealer: ""Hanley @ vAjumxW6Uc"") --",2024-12-17T19:56:56.459Z,173446541645900
"The admin approved the player ""Hanley @ vAjumxW6Uc"" participation with a stack of 20.00.",2024-12-17T19:56:55.522Z,173446541552201
"The player ""Hanley @ vAjumxW6Uc"" requested a seat.",2024-12-17T19:56:55.522Z,173446541552200
"The admin approved the player ""willdevens @ sVfd-WUsjU"" participation with a stack of 20.00.",2024-12-17T19:56:33.401Z,173446539340100
"The player ""willdevens @ sVfd-WUsjU"" requested a seat.",2024-12-17T19:55:11.621Z,173446531162100
